the,101716
of,43437
and,35488
in,37523
to,29861
a,30591
is,23072
was,20466
for,11613
on,10682
that,9580
are,9283
as,9511
with,8169
by,8046
he,13146
from,7634
it,13623
his,7395
at,6449
be,5530
not,5326
were,5187
or,5042
has,4977
an,5324
also,4913
have,4283
they,7182
people,4388
this,7032
had,3723
first,3680
can,3498
which,3469
one,4012
their,3707
but,3595
other,3185
her,3329
called,2754
she,4459
about,2724
who,2572
many,3079
two,2618
more,2524
used,2344
there,4036
time,2346
been,2163
made,2166
its,2496
when,3096
all,2500
into,2013
known,2008
most,2430
very,1922
than,1871
years,1883
only,1971
after,2845
them,1808
him,1657
because,2016
will,1688
became,1626
up,1663
would,1602
some,2419
name,1555
different,1554
over,1544
new,2293
out,1412
so,1618
citation,1344
part,1386
then,1560
american,1247
between,1326
released,1227
do,1263
until,1274
make,1205
like,1309
may,1832
where,1203
did,1161
use,1135
three,1226
born,1114
often,1145
played,1086
later,1298
same,1069
no,1227
movie,1083
could,1048
these,1956
city,1397
year,1128
work,1037
started,1013
each,1249
won,992
being,1003
area,1022
during,1417
before,1145
however,1204
said,933
second,1031
died,922
through,951
long,966
usually,1010
world,1613
music,1068
number,912
such,936
well,885
united,897
around,914
if,1490
back,885
get,869
both,1053
album,866
named,828
small,854
several,908
found,811
group,927
married,790
began,781
what,882
place,803
means,774
life,873
convert,764
water,835
team,847
way,789
series,843
any,789
family,836
still,780
january,753
person,756
how,822
game,803
while,956
main,765
much,765
four,808
season,750
left,735
death,773
september,710
states,962
show,791
children,754
i,722
now,787
important,708
since,1033
government,809
end,704
october,665
million,671
last,695
large,677
does,663
university,801
population,660
november,646
member,677
things,670
lived,642
under,707
july,633
march,658
another,842
april,631
old,750
december,630
become,627
down,649
own,628
song,669
best,814
good,657
early,672
times,666
again,617
against,605
live,635
century,623
book,679
built,591
created,591
state,952
british,586
play,600
school,901
day,692
february,578
wrote,579
went,575
popular,591
you,817
even,727
june,566
body,587
example,575
countries,578
written,566
go,590
english,556
national,927
killed,553
country,605
de,599
together,589
take,554
august,535
band,567
just,570
given,542
including,535
system,589
home,581
player,553
history,719
took,523
help,523
sometimes,747
games,645
town,584
few,523
living,538
age,565
came,503
members,521
word,504
father,529
high,668
land,558
published,491
using,526
next,514
career,492
power,553
away,491
famous,489
form,483
parts,493
must,480
species,487
every,549
single,479
five,524
got,481
thought,473
makes,463
changed,464
story,497
see,497
worked,455
held,457
money,478
s,482
top,513
based,469
should,454
put,455
south,695
near,477
without,474
john,444
north,715
war,781
lot,446
common,471
change,451
wanted,435
third,484
off,446
largest,427
son,448
men,448
set,430
less,433
making,437
company,579
right,443
side,431
seen,414
too,421
original,428
days,440
those,489
line,496
japan,404
public,471
television,451
language,442
songs,422
young,483
york,401
books,453
major,436
man,491
moved,390
never,412
along,419
version,392
french,386
move,389
works,401
groups,387
head,409
we,549
white,511
include,371
done,374
total,393
food,394
mother,396
short,387
term,369
able,364
received,364
founded,368
women,439
though,401
words,364
president,615
find,352
german,346
great,554
sold,347
gave,345
club,449
late,377
order,409
served,344
himself,343
america,338
areas,342
role,342
building,385
others,380
level,350
special,394
station,398
type,363
lost,371
taken,332
black,504
come,351
light,377
say,336
japanese,329
point,367
river,615
modern,402
shows,330
six,372
wife,334
start,333
air,449
problems,330
playing,326
king,607
give,330
france,319
almost,353
local,352
due,371
period,329
places,328
control,341
players,379
london,315
similar,330
better,325
need,320
ended,314
england,312
big,445
produced,311
always,317
cannot,311
months,313
little,401
comes,314
house,589
record,330
teams,320
types,310
above,311
daughter,315
returned,308
current,315
caused,302
political,328
want,318
child,340
movies,309
formed,299
size,301
title,305
politician,298
considered,298
party,555
within,332
india,295
race,322
think,301
law,365
run,314
says,293
allowed,291
led,301
list,321
military,325
sea,390
woman,323
animals,306
attack,296
human,357
look,302
longer,292
region,315
something,300
having,309
once,409
sent,283
former,289
general,484
europe,281
capital,305
opened,282
office,361
island,482
working,289
germany,275
instead,369
love,394
official,291
decided,274
district,434
joined,274
uses,274
writing,284
elected,275
final,307
gets,277
election,289
match,277
possible,276
names,275
european,270
international,484
changes,276
character,273
car,290
hard,284
know,281
might,270
union,314
bad,302
going,279
least,268
meaning,268
video,297
enough,268
female,288
smaller,273
support,269
takes,271
appeared,264
either,271
inside,293
style,275
fire,310
mostly,269
result,264
strong,276
students,299
army,451
stage,279
successful,261
today,431
film,365
added,260
certain,276
east,452
characters,261
close,262
leader,280
friends,269
case,268
directed,257
event,260
amount,253
energy,286
outside,265
per,260
service,317
following,304
award,417
shown,252
continued,251
information,281
open,296
red,384
indian,251
points,254
recorded,253
told,254
goes,251
located,249
various,258
county,430
free,301
parents,249
council,320
west,454
across,245
full,255
keep,251
study,256
ever,256
among,285
league,396
minister,310
data,270
although,434
cause,241
included,240
position,243
chinese,239
william,238
tells,238
press,296
average,248
half,252
soon,293
helped,237
idea,240
stop,252
studied,235
themselves,235
art,330
feet,236
police,291
real,261
actor,261
brother,250
tried,230
australia,229
ii,230
events,233
hit,242
finished,228
includes,235
god,293
us,328
ground,240
needed,227
languages,231
problem,228
program,258
reached,224
developed,224
fight,229
force,316
job,235
village,253
category,248
color,231
numbers,230
cup,259
performed,220
china,222
announced,219
established,222
kind,224
soldiers,225
ways,224
lead,231
plays,216
sound,233
space,258
blood,232
stories,228
divided,215
process,219
football,297
win,214
lives,225
night,265
james,210
center,356
retired,213
surface,218
battle,333
believed,209
cases,214
director,277
eat,214
range,227
seven,254
available,210
buildings,210
round,230
social,280
far,227
production,229
quickly,208
length,208
rest,209
believe,210
below,229
cities,216
health,263
computer,238
census,245
especially,206
movement,248
tv,204
church,351
highest,204
schools,222
ten,231
college,317
design,221
difficult,200
eight,221
forces,239
higher,219
itself,200
becomes,200
designed,205
hand,214
replaced,199
park,360
business,239
male,224
court,342
field,254
return,205
academy,212
spanish,195
front,230
leave,198
rather,209
george,195
currently,236
hours,199
stopped,194
why,223
destroyed,194
episode,199
larger,201
oldest,197
according,315
championship,320
call,204
development,255
rule,209
someone,206
try,195
brought,193
older,202
singer,198
earth,290
society,312
kill,201
rock,257
whole,191
site,201
asked,189
gives,189
originally,240
research,300
your,245
gold,241
plants,201
already,190
km,187
birth,193
grow,190
related,190
success,189
david,184
lower,209
robert,184
fourth,202
ideas,190
present,192
release,183
writer,188
read,188
saw,182
soviet,182
here,250
meant,181
needs,183
features,184
community,231
dead,202
natural,228
uk,178
damage,198
mean,184
past,186
canada,177
henry,177
royal,261
grew,177
road,296
italian,177
beginning,191
forms,178
middle,258
novel,182
plant,187
roman,175
active,178
matches,179
reason,176
sports,231
tell,181
green,263
hall,222
prison,189
true,188
kingdom,247
ancient,228
followed,172
kinds,171
mainly,172
bc,170
culture,203
described,170
happened,171
met,175
model,197
build,173
generally,191
minutes,174
province,209
services,189
board,250
discovered,167
learn,168
australian,166
our,201
care,180
closed,167
lines,176
low,170
science,260
central,314
charles,164
date,171
kept,165
rules,182
systems,192
tree,185
forced,163
leaves,171
roles,163
signed,163
theory,177
vote,167
causes,164
doing,170
friend,172
goals,163
powerful,166
radio,224
california,161
ago,162
department,282
marriage,165
placed,161
traditional,175
education,237
hold,166
summer,213
albums,180
material,164
medical,202
poor,167
really,163
heart,203
pieces,160
probably,161
separate,159
terms,160
write,160
awarded,158
quite,158
religious,178
scored,157
square,195
stars,182
turn,163
street,244
cut,161
eventually,211
nearly,174
stay,158
temperature,161
paris,155
russian,155
western,307
birds,184
blue,232
commonly,159
companies,167
involved,155
la,229
articles,175
fact,155
laws,169
musical,173
actress,176
cm,157
complete,166
runs,153
break,157
earlier,169
trying,154
wide,160
christian,151
create,151
husband,152
miles,166
throughout,173
republic,173
san,151
behind,156
bridge,206
independent,181
normal,160
southern,229
thomas,149
addition,156
animal,165
base,169
eggs,152
introduced,150
reach,149
rights,199
train,169
awards,268
institute,162
owned,149
pay,153
source,154
spent,149
mary,148
action,170
biggest,150
completed,149
dance,188
dark,184
disease,155
ran,151
singles,171
storm,197
paul,146
richard,146
act,260
happens,147
weeks,149
actually,152
passed,146
shape,148
shot,151
sister,150
tropical,202
artist,169
professional,162
simply,145
association,176
congress,151
contains,144
fast,148
humans,160
simple,164
museum,239
ability,146
allow,142
engine,149
fish,164
getting,150
ship,148
africa,141
becoming,143
easily,141
ice,178
seasons,148
skin,142
starts,142
studio,168
towards,146
turned,141
whether,148
grand,166
cells,143
further,155
helps,140
metal,154
performance,157
piece,146
structure,144
track,146
my,259
charge,141
covered,139
goal,140
meters,139
taking,147
future,151
machine,160
producer,143
remains,143
travel,145
winning,145
greek,137
copies,140
effect,143
except,143
industry,154
room,164
speed,153
stations,141
michael,136
adult,159
episodes,142
ones,141
private,167
programs,139
recent,150
studies,196
thing,145
m,161
moving,141
eyes,144
families,146
hot,184
nature,166
paid,135
trees,140
units,138
catholic,135
appear,133
debut,137
defeated,135
face,149
legs,137
relationship,133
remained,134
americans,132
levels,135
mass,148
results,138
african,131
dutch,131
class,167
code,161
competition,142
edition,179
giving,136
happen,135
individual,136
key,150
project,188
referred,131
reviews,139
running,137
troops,136
ball,156
letter,138
mountain,175
painting,135
produce,131
student,141
dry,136
likely,129
nine,157
spread,130
britain,128
senate,144
aircraft,142
anything,134
artists,140
centre,197
let,156
location,134
object,130
objects,135
plan,154
regular,132
division,245
easy,138
girl,175
houses,134
letters,149
nominated,127
showed,128
brain,144
cars,140
effects,136
fall,156
lasted,126
leaving,129
paper,140
positive,130
taught,127
test,151
weight,133
canadian,127
queen,179
conditions,129
hair,127
host,127
table,134
peter,124
allows,124
appears,124
author,128
border,135
coast,176
exist,125
function,125
standard,153
talk,136
training,143
upon,155
italy,123
acting,132
decision,125
islands,210
rich,135
subject,125
lake,222
legal,133
method,128
score,125
understand,122
value,125
voice,136
northern,235
buried,122
females,152
gas,133
records,220
sex,133
view,135
listed,121
month,126
news,185
regions,126
workers,139
lee,119
prime,168
enemy,120
finds,120
leading,125
lots,128
reasons,121
sides,120
specific,124
star,208
territory,156
twice,123
versions,119
feel,124
follow,123
males,152
reported,118
seat,119
supported,119
tour,204
widely,120
prince,155
degree,128
die,139
ends,117
entire,117
officially,120
plane,118
championships,154
completely,117
continue,117
launched,116
meet,123
selected,120
sure,117
empire,159
korea,115
sun,177
cold,144
commercial,124
elections,129
evidence,124
foreign,172
heavy,128
leaders,124
magazine,159
nearby,123
organization,141
products,118
protect,117
provide,115
removed,115
appearance,117
arrondissement,116
entered,116
flight,146
historical,145
speak,118
starting,138
whose,116
latin,113
billion,115
boy,150
clear,120
elements,117
fighting,130
looks,115
mixed,120
rate,117
rivers,131
status,118
wants,117
yellow,141
begins,115
composed,114
fought,113
increase,112
interest,117
killing,120
planned,113
pressure,112
previous,115
broke,113
cost,114
deep,135
feature,115
figure,121
flat,118
join,112
multiple,117
network,175
section,137
tries,111
mexico,110
pakistan,110
spain,110
activities,116
article,130
bring,116
difference,113
eastern,208
lawyer,114
looking,120
primary,130
towns,118
week,124
yet,125
super,118
directly,109
environment,129
finally,164
perform,109
split,116
trade,143
asia,108
chicago,108
democratic,126
smith,110
agreed,110
bigger,111
distance,112
heard,109
sexual,118
showing,111
journal,150
kansas,107
russia,107
bought,107
campaign,125
chosen,110
coach,110
contract,108
couple,113
course,111
faster,108
oil,118
ring,135
saying,107
trains,112
worldwide,111
committee,148
women's,199
brown,182
buy,108
claimed,106
fans,110
fell,110
floor,109
picture,116
ruled,108
ships,110
text,113
unknown,115
chief,195
ireland,105
dangerous,112
everything,124
greatest,134
majority,111
media,145
meeting,116
methods,107
morning,129
particular,105
pass,119
recording,116
scientists,155
stayed,105
tournament,121
variety,112
los,110
louis,104
washington,104
bottom,110
cell,111
easier,105
forest,145
medal,155
symbol,105
user,108
weather,125
edward,104
hill,158
lord,118
colour,104
dog,122
estimated,104
federal,187
happy,124
managed,104
stone,148
tall,104
teacher,110
adopted,104
attacked,102
captured,102
carry,105
chemical,124
complex,118
divorced,102
drama,124
frog,108
hurricane,152
memory,112
mind,117
opera,129
personal,114
physical,118
refers,102
scientific,127
wrong,105
scotland,101
arrested,101
beautiful,112
box,111
cover,105
heat,117
huge,109
normally,119
painted,108
purpose,102
separated,101
stadium,156
assembly,150
jesus,100
pacific,101
attacks,101
economic,134
featured,102
issues,107
learned,102
page,112
recognized,100
tail,103
thousands,117
treatment,108
winner,106
asian,100
appointed,99
bodies,103
camp,127
construction,126
deaths,101
describe,99
direction,108
drugs,102
items,101
me,183
officer,137
piano,109
younger,101
lady,127
didn't,100
double,114
generation,114
growth,102
increased,101
inhabitants,99
knew,99
knowledge,104
minor,107
onto,98
paintings,103
railway,140
renamed,98
serious,100
serve,100
secretary,127
valley,168
activity,104
baby,130
basic,115
collection,120
connected,98
critics,120
growing,105
hands,103
holds,99
issue,103
mountains,135
raised,99
sense,98
solo,101
votes,99
wall,115
wind,126
winter,166
duke,110
iii,96
consists,96
fifth,119
municipality,105
newspaper,100
sign,103
solid,99
titles,97
weapons,104
channel,138
escape,102
everyone,110
opening,101
product,101
deal,100
declared,94
districts,100
else,98
founder,100
influence,95
native,166
ordered,94
politics,102
property,98
reign,101
responsible,95
bay,112
korean,93
zealand,93
crime,108
economy,104
gun,101
limited,117
metres,93
musician,94
passengers,95
powers,103
scene,100
store,106
straight,100
irish,92
bands,95
compared,104
crew,97
cultural,127
earned,93
era,109
flag,108
invented,92
layer,93
map,130
mayor,148
nothing,101
recently,105
required,92
strength,93
constitution,146
parliament,159
prize,151
accepted,93
alone,99
carried,92
driver,92
equal,96
finish,94
hundred,98
injured,91
matter,93
quality,94
rare,95
sons,105
stands,96
starred,92
unit,105
b,165
despite,146
adults,106
aired,91
bank,160
don't,124
extra,98
flow,93
image,97
manager,101
plans,98
prey,92
receive,90
refused,91
sources,96
upper,122
jack,97
rome,89
saint,106
accident,93
coming,97
doctor,151
drive,99
flows,90
market,105
negative,91
save,102
scale,96
seats,90
secret,112
singing,94
thus,149
whom,89
wood,115
world's,104
jackson,88
supreme,99
actions,88
champion,124
chance,94
graduated,89
hits,94
identified,88
moves,88
staff,126
standing,97
wales,87
airport,165
attention,88
defeat,87
develop,87
electric,112
enemies,90
equipment,89
foot,90
jobs,92
marry,88
medicine,122
occur,87
operation,110
pair,89
post,116
practice,93
remaining,89
route,111
screen,96
situation,88
visit,88
governor,155
joseph,86
brothers,117
falls,117
hour,97
loss,86
parties,89
reaction,87
religion,97
sounds,92
warm,87
wear,92
florida,85
israel,85
condition,89
confirmed,86
covers,86
evolution,107
experience,102
failed,85
guitar,90
immediately,92
independence,114
label,87
liked,86
looked,85
presidential,108
provided,85
question,92
roads,92
teeth,91
visited,85
website,87
christmas,84
harry,84
maria,85
oxford,84
answer,88
attempt,84
candidate,84
castle,135
claim,85
colors,88
controlled,88
depending,101
device,86
felt,85
height,85
hurt,88
remain,85
resigned,84
search,100
spoken,84
technology,131
trial,90
arts,141
fame,137
martin,84
broadcast,90
cards,87
choose,86
content,88
earliest,90
films,95
fit,83
girls,126
message,91
provides,83
slightly,83
survived,83
users,94
festival,147
olympic,83
theatre,156
therefore,155
access,88
civil,162
classes,85
cross,139
decide,83
expensive,82
herself,83
mouth,86
musicians,90
policy,97
port,141
previously,94
price,100
share,86
unique,82
wins,83
texas,81
windows,118
apart,95
behavior,93
calls,82
composer,85
fields,85
focus,85
holes,83
mentioned,81
pictures,108
ready,86
stand,109
stated,82
survive,84
angeles,80
emperor,138
anyone,92
centuries,83
clubs,87
comedy,107
creating,82
grown,80
opposite,81
oxygen,85
person's,80
speech,86
symptoms,84
jewish,79
beat,89
boys,131
cancer,93
churches,92
depends,79
dropped,79
enter,82
expected,81
highly,80
path,90
selling,81
significant,82
slow,81
slowly,82
suggested,79
el,88
sir,78
st,80
swedish,78
arms,93
block,89
chart,105
choice,89
fly,86
guns,84
nation,110
origin,95
peace,117
presented,79
professor,138
report,103
retirement,78
solution,79
atlantic,77
austrian,77
mario,77
republican,85
victoria,77
additional,84
bird,101
bit,79
broken,90
bus,95
editor,83
executive,130
flowers,82
fully,78
journalist,77
library,139
longest,79
notes,88
percent,77
prevent,77
racing,107
refer,79
relatively,78
safe,80
sets,77
tests,78
treated,78
tribe,82
useful,77
wings,95
tamil,76
tom,78
add,85
approximately,82
contact,80
daughters,81
greater,106
pages,86
positions,77
sell,76
sixth,87
step,82
stores,80
villages,78
elizabeth,75
frank,76
germans,75
navy,98
alive,81
branch,80
fired,77
hospital,131
illegal,78
note,150
overall,83
protected,77
rain,88
reading,88
represents,75
send,76
sport,102
teaching,83
typical,81
unusual,77
walk,87
foundation,104
johnson,75
acted,74
agree,74
arrived,74
avoid,74
catch,77
combined,83
concept,74
damaged,76
element,77
evil,87
financial,92
instruments,76
lose,76
missing,76
permanent,79
poetry,90
represent,74
represented,74
seconds,76
thick,75
translated,76
tribes,78
via,77
virus,76
ministry,89
muslims,73
acts,82
angry,78
architecture,88
begin,74
gained,73
income,74
learning,91
models,78
online,100
serving,75
sing,82
it's,139
mark,101
muslim,72
netherlands,72
affected,72
applied,85
audience,75
causing,72
chairman,129
citizens,79
communities,74
drug,80
ending,72
examples,102
fiction,88
gods,91
horse,84
lang,80
materials,75
merged,72
notable,80
occurs,72
prisoners,76
races,73
security,118
walls,80
caught,73
depression,93
extremely,72
forward,77
guide,123
hole,77
honor,99
motion,78
officers,84
promoted,73
temple,115
tradition,75
turns,73
values,76
berlin,70
actual,72
computers,76
critical,75
destroy,70
improve,71
injury,71
meter,70
ocean,120
orchestra,109
performing,83
safety,85
settlement,71
smallest,70
soil,75
styles,77
traffic,73
universe,101
wave,82
writers,95
bible,72
fort,101
jane,69
lincoln,69
sweden,69
virginia,69
bar,86
bones,76
bright,72
cast,70
clothes,72
differences,75
exactly,74
eye,87
homes,71
lyrics,72
mission,91
operating,79
proposed,70
senior,92
columbia,68
internet,115
jones,68
mount,74
nhl,68
olympics,68
retrieved,73
aged,68
capture,69
changing,77
chose,68
fun,73
maximum,71
measure,68
offered,68
organized,72
owner,69
particularly,70
patients,70
rank,70
replace,68
rise,81
sites,73
software,85
spot,72
trained,69
views,73
winds,72
austria,67
captain,126
justice,89
vice,97
administrative,76
annual,77
bishop,119
circle,84
compete,67
competed,67
concert,76
figures,68
liquid,72
response,70
skills,67
titled,68
tower,101
wild,104
cambridge,66
santa,66
unlike,111
asks,66
concerts,67
daily,94
farm,85
flying,81
glass,75
hosted,66
judge,94
orders,70
planet,86
properties,71
regional,108
shared,67
shorter,68
unable,70
entertainment,91
polish,67
attached,65
children's,83
climate,78
clothing,66
command,83
contain,65
direct,68
dogs,75
extended,67
hundreds,74
influenced,66
interested,65
machines,71
necessary,66
orange,89
particles,65
recordings,70
rocks,78
sees,66
signal,69
sleep,72
spring,96
supply,68
thinks,65
violence,71
youngest,65
arthur,64
corporation,78
golden,109
jews,64
poland,64
prix,65
usa,65
accounts,68
acid,68
cat,80
conflict,72
decisions,67
dynasty,93
edge,85
exact,65
factors,65
fishing,73
horses,70
injuries,66
management,88
noted,64
partner,65
pattern,67
persons,70
popularity,65
revealed,65
risk,71
silver,92
sizes,64
supposed,65
thousand,71
tracks,71
wounded,65
bbc,63
bill,119
dna,63
disney,63
kong,63
revolution,97
amounts,63
approach,64
background,65
businessman,64
hockey,109
literature,101
meets,66
narrow,66
novels,65
opponent,63
printed,64
residents,66
sick,67
stronger,64
theme,64
trouble,70
victory,73
volume,107
window,65
alexander,62
marie,62
percy,62
address,73
advanced,85
agreement,69
colony,79
courts,71
crash,68
dated,62
decides,62
devices,63
eaten,62
industrial,83
internal,70
lay,64
lies,68
numerous,66
orbit,63
personality,65
rarely,62
seems,62
underground,87
weak,66
turkey,64
basketball,83
bass,79
chain,67
closely,62
continues,61
count,96
degrees,62
digital,85
door,71
fixed,61
format,63
headquarters,66
impact,78
occurred,61
palace,114
phrase,61
reduce,61
ruler,62
soft,63
theater,82
worse,61
youth,91
c,79
egyptian,60
francisco,60
jersey,65
mike,60
behaviour,62
boat,68
dies,64
doesn't,62
engines,61
filled,60
follows,60
frogs,64
fruit,65
ft,61
fuel,69
hunting,68
improved,64
individuals,61
insects,64
lack,60
launch,62
meat,65
row,70
signs,68
stops,60
talking,67
task,66
temperatures,63
tube,69
vehicles,62
anne,59
scottish,59
actors,66
advantage,61
applications,65
approved,59
burned,62
businesses,59
cats,66
electrons,61
falling,67
freedom,86
gain,59
hearing,64
holding,64
lands,65
milk,64
molecules,61
nuclear,79
operations,70
performances,59
poet,61
questions,60
sales,66
stages,61
steps,60
structures,61
sung,60
target,64
throne,63
truth,68
twelve,73
urban,80
watch,74
wrestler,59
hong,58
moscow,58
robinson,58
switzerland,58
administration,84
analysis,70
associated,64
banks,68
classical,79
correct,60
display,62
electronic,67
entrance,61
exists,58
functions,63
hotel,94
identity,62
inches,58
kills,58
offer,58
offices,59
operated,58
producing,58
projects,63
resistance,71
resources,68
secondary,66
suffered,58
teach,59
thinking,62
typically,74
vehicle,61
web,82
bangladesh,57
commission,79
egypt,57
formula,97
joe,57
people's,96
sydney,57
williams,57
appearances,57
clean,60
closer,58
controls,58
engineering,86
entirely,57
feed,58
giant,77
historic,79
instrument,59
lakes,67
marked,58
measured,57
messages,61
mm,58
mode,66
proved,57
pure,62
reality,64
reference,65
reports,60
spend,57
sugar,68
twenty,67
voted,57
mexican,57
representatives,86
scott,56
vietnam,56
wwe,56
attended,57
band's,56
beyond,68
brand,62
ceremony,58
commune,60
creation,61
discovery,68
existed,57
garden,94
genus,57
gone,64
helping,58
limit,60
loved,59
moment,58
murder,63
outer,63
quit,59
relationships,56
sections,59
seeds,59
spots,57
visitors,66
chris,55
christians,55
khan,56
nations,99
account,57
atoms,56
camps,56
candidates,58
defined,55
distributed,56
doctors,84
fashion,68
guilty,57
issued,55
leg,55
master,108
moon,100
pain,64
passes,55
patient,56
presence,56
provinces,64
raise,57
sequence,55
settled,55
suggests,55
surrounded,57
universities,60
visible,56
walking,62
ad,67
brazil,54
federation,68
rose,101
sciences,85
affect,54
alcohol,57
alternative,59
childhood,56
comic,64
conducted,54
cool,58
d,88
details,57
drawn,54
effective,55
engineer,60
evening,62
exchange,69
experiment,57
feelings,58
goods,57
grows,54
lists,57
marks,60
organisms,56
partly,58
platform,61
require,54
seventh,62
snow,71
sort,54
spirit,80
tape,56
teachers,67
treat,55
trip,55
wearing,57
apple,70
boeing,53
deputy,87
fox,62
abilities,55
baseball,79
beach,84
card,65
challenge,78
charts,60
claims,56
conference,104
copy,56
cycle,58
dedicated,54
defense,83
failure,57
hear,57
kg,53
knows,58
leads,53
municipalities,54
perhaps,70
phase,57
philosophy,72
poem,56
poems,62
pop,77
protection,73
rescue,56
selection,58
severe,59
shell,60
slaves,56
statement,56
statue,54
subjects,56
toward,55
videos,55
waves,57
weapon,56
zero,65
aboriginal,58
corps,61
dvd,52
daniel,52
norway,52
attempted,52
authority,78
birthday,61
bronze,68
combination,53
core,57
drop,56
electricity,58
healthy,53
importance,53
introduction,75
iron,82
jazz,67
kilometers,52
neck,55
officials,55
peak,62
periods,53
permission,52
rebuilt,52
reduced,53
returns,57
salt,68
technical,78
techniques,54
transfer,52
transferred,52
transport,82
waters,60
worth,56
allied,74
ben,51
douglas,51
highway,83
hitler,51
stanley,51
ask,56
assistant,64
battles,55
beliefs,52
bone,52
breeding,53
charged,51
chemicals,53
communication,63
costs,51
dates,51
earn,51
eating,56
granted,52
harder,51
hidden,63
housing,60
images,56
leadership,55
mental,56
nickname,51
pilot,60
relative,55
requires,51
resulted,51
rural,62
sentenced,51
serves,51
steel,66
stored,52
suicide,56
sword,69
thin,58
anna,50
boston,50
cape,55
islamic,50
lewis,50
microsoft,50
philadelphia,50
vienna,50
wilson,50
activist,51
arranged,50
ballet,66
belief,50
borders,52
branches,52
calendar,53
capacity,52
champions,82
combat,57
composers,55
compounds,50
constructed,50
corner,56
counties,54
country's,50
density,51
describes,50
diseases,59
drink,51
extreme,54
fights,50
finding,62
forests,54
formation,59
founding,56
keeps,50
movements,51
parent,53
programming,59
ranked,50
ride,61
seem,51
standards,54
streets,59
tax,57
touch,62
unless,54
ali,49
bob,53
jean,50
sri,54
tokyo,49
turkish,49
x,95
belong,52
breaking,54
coins,52
collected,51
connection,52
decade,51
divisions,51
evolved,49
existence,51
explain,50
fossil,58
illness,49
lets,50
rainfall,54
reaching,49
sentence,49
shooting,53
speaking,54
stock,61
successfully,49
vary,51
wet,56
avenue,51
ford,53
francis,48
mars,48
wikipedia,50
blocks,48
carbon,52
chess,86
citizen,57
colours,49
creates,48
cultures,49
definition,51
designs,51
dollars,49
efforts,50
electron,49
et,54
factory,55
formerly,51
frequently,51
global,81
governments,54
historians,60
intended,48
invited,48
largely,49
latest,53
losing,51
loves,51
mate,49
offers,48
operas,49
organizations,70
owners,52
participated,50
particle,48
phone,63
primarily,48
proper,51
regularly,49
rulers,48
sang,49
stable,49
stick,51
talent,53
tiny,54
tourists,49
understanding,58
von,55
writes,48
zone,68
affairs,76
billboard,48
fc,47
hindu,47
lawrence,47
max,55
meanwhile,52
norwegian,47
portuguese,47
singapore,47
van,88
adding,54
ahead,50
banned,47
breaks,48
circuit,65
column,48
commander,69
contained,47
contest,60
copper,67
crowd,51
del,57
developing,48
empty,49
farmers,54
fine,61
firm,49
formal,51
historian,53
linked,48
lowest,47
men's,52
otherwise,61
planning,58
prove,47
purposes,47
remove,47
returning,53
romantic,53
roots,52
shark,56
shoot,48
shop,50
soldier,54
string,56
talks,48
understood,47
andrew,46
arab,46
bruce,46
don,46
georgia,46
jim,46
massachusetts,46
pennsylvania,46
accused,47
afterwards,64
armed,64
believes,46
brings,46
camera,48
cattle,50
decades,46
disorder,47
emergency,60
flower,54
interesting,47
interview,49
item,47
journey,61
landed,46
magnetic,48
parish,56
premiered,47
produces,46
publication,48
radiation,49
rates,47
shortly,74
solve,47
spin,51
succeeded,46
symbols,49
thrown,46
belgium,45
google,45
greece,45
kennedy,45
luke,45
melbourne,45
taylor,45
walter,45
accept,45
aim,47
badly,45
carrying,46
celebrated,45
chamber,63
charges,45
coffee,47
crimes,47
dinosaurs,49
documents,52
eliminated,45
explained,45
fair,66
feeling,52
file,51
folk,57
hired,46
jump,52
lighter,45
pull,45
pulled,45
regarded,45
respect,46
script,46
shapes,47
stones,50
strings,46
supplies,48
surrounding,47
swimming,50
talked,45
tend,45
theories,46
violent,45
weigh,45
wing,57
allen,44
carolina,44
confederate,45
margaret,44
missouri,44
princess,78
selena,44
arm,50
attempts,46
authorities,49
balls,51
basis,47
containing,45
convicted,47
danger,50
diet,50
electrical,54
error,47
executed,44
existing,44
false,47
father's,46
guest,50
hope,64
ill,47
keeping,46
lifetime,54
millions,52
nest,45
possibly,46
pronounced,44
representative,54
respectively,44
slavery,52
spaces,47
speakers,48
strange,52
supporting,58
telling,44
wars,78
cathedral,78
heritage,71
hollywood,43
illinois,43
junior,78
persian,43
stephen,43
accurate,43
adapted,43
advance,50
agent,45
calling,48
communes,44
complicated,43
constant,43
doors,44
ears,43
expanded,46
foods,48
graduate,51
grass,51
heavily,44
initial,44
inspired,45
invasion,54
magic,67
medals,51
nor,45
occupied,43
pick,45
planes,45
pounds,44
rail,66
remember,53
restored,43
rooms,43
sample,46
seeing,48
spoke,43
translation,53
worn,43
al,72
cemetery,68
finland,42
i'm,42
imperial,65
indians,42
iran,42
kelly,42
kim,42
memorial,63
simon,42
allowing,42
argument,43
athletes,46
boats,44
categories,43
chair,56
coastal,45
controversial,42
draw,42
drinking,45
edited,45
estimates,48
extinct,43
faces,45
fairly,46
farming,45
fellow,51
focused,42
impossible,44
industries,53
infection,45
judges,48
legend,53
mobile,59
nicknamed,43
opposed,42
ordinary,48
pregnant,43
recovered,42
resulting,42
review,68
soul,59
spending,43
spiritual,46
struggle,47
tourist,42
treaty,66
tune,42
twin,46
winners,55
alice,41
christ,41
earl,41
grammy,41
holy,70
iv,41
islam,41
le,51
michigan,41
miss,48
nba,41
nokia,41
ohio,41
pope,73
sunday,42
volleyball,67
achieved,41
afraid,42
ages,67
anywhere,43
armies,48
budget,44
campus,54
capable,41
connect,44
defend,41
disk,44
distinct,41
domestic,47
drawing,49
driving,42
factor,46
gender,44
guitarist,42
instructions,41
jail,46
laid,42
likes,43
minute,42
murdered,41
nihongo,42
nose,41
paint,45
papers,53
parks,61
passing,43
pool,45
potential,41
programme,50
promote,42
random,49
reactions,42
relatives,43
religions,41
roof,49
roughly,45
sand,49
scenes,43
session,47
suddenly,47
suffering,43
surgery,43
tank,42
tea,48
toxic,44
travels,42
worried,41
writings,45
anthony,40
cd,40
kings,73
matthew,40
minnesota,40
oregon,40
reserve,76
shiva,40
singh,40
v,50
accidentally,42
affects,40
alongside,44
animated,43
anymore,41
application,44
bacteria,41
bomb,40
closest,40
collect,42
concentration,43
credit,41
customers,42
des,48
destruction,42
determine,40
determined,40
drummer,41
dying,42
educated,42
effort,40
egg,48
experienced,41
facilities,44
farms,40
feathers,41
fur,42
household,45
incorporated,46
increasing,42
kids,61
layers,40
link,51
measures,44
mining,44
mix,45
organ,45
pet,52
physics,63
platforms,46
print,40
properly,40
pushed,40
rapidly,40
reaches,41
relations,56
remembered,40
restaurants,41
scholars,53
shaped,42
sit,42
solar,60
storage,43
studying,45
substance,40
swim,43
taste,43
technique,42
themes,41
tool,40
voting,41
watching,40
wider,40
adams,39
albert,39
bell,53
cuba,39
hamilton,39
howard,39
manchester,39
mr,39
romans,39
steve,39
tony,39
toronto,39
alphabet,40
am,80
apply,39
argued,39
attraction,40
authors,43
babies,44
biological,49
chest,41
competitions,40
consider,43
dancing,55
departments,48
dress,41
exposed,39
fat,48
feels,41
fires,40
guards,42
hide,41
hydrogen,43
identify,39
influential,42
inner,46
medium,44
molecule,39
naval,63
neither,57
none,70
northeast,45
northwest,49
painter,46
patterns,40
prayer,49
priest,48
processes,39
psychology,50
publishing,69
receives,39
rice,51
saved,44
singers,42
skull,42
survey,56
surviving,40
testing,44
threatened,40
tied,42
tip,42
traditions,40
usual,39
wheel,46
wire,41
y,47
clark,38
communist,67
davis,38
dictionary,63
e,59
eric,38
harris,38
hills,74
jordan,38
paralympics,38
patrick,38
philip,38
premier,51
taiwan,38
acquired,40
aid,46
audio,42
automatically,38
blind,47
breed,43
conquered,39
criticized,38
depth,38
difficulty,39
disc,38
document,39
experiments,40
explains,38
explosion,38
express,70
fastest,39
fewer,41
heads,42
hero,58
hunt,54
input,39
involves,39
learns,38
mature,39
mechanical,48
mixture,39
muscles,38
net,45
opportunity,41
peoples,50
picked,38
plot,40
principle,40
receiving,39
routes,44
sharp,40
sisters,47
sky,74
somewhat,39
starring,40
stood,38
successor,39
taxes,40
template,38
temporary,40
uncle,62
versus,40
victims,39
worst,46
adam,39
alan,38
alliance,67
antonio,37
austin,37
beatles,37
ep,37
earth's,42
knight,55
moore,37
nobel,37
o,49
roger,37
russell,37
saturday,37
wii,37
adventures,52
allies,69
artillery,41
assigned,38
brief,43
cave,51
clearly,40
codes,40
colored,39
convention,70
criminal,44
dances,39
delivered,38
derived,37
du,45
employees,39
engaged,37
escaped,37
fear,48
finger,39
fluid,37
frequency,41
fresh,42
girlfriend,40
goddess,46
gravity,43
incident,39
increases,37
investigation,42
manufacturing,42
maps,40
mathematics,48
newly,41
newspapers,39
pale,37
penalty,37
pointed,37
promised,41
qualified,37
quick,43
rejected,37
representing,38
responsibility,39
ruling,38
scheduled,39
settlers,37
signals,38
situations,37
stress,44
supports,37
teaches,37
thirty,43
throw,37
vessels,39
wait,38
waste,38
wooden,39
alaska,36
carl,36
catherine,36
czech,38
denmark,36
frederick,36
gordon,36
labour,43
muhammad,36
nintendo,36
raid,59
atmosphere,36
bed,36
belongs,36
bond,48
boundary,36
bread,36
city's,42
classified,37
coal,48
dating,38
debate,38
debuted,37
earthquake,40
eleven,63
enters,36
establish,37
followers,39
forever,44
formally,38
friendly,36
gay,46
gene,48
greatly,36
handle,36
indicate,36
initially,45
kilometres,36
losses,38
output,36
perfect,43
plastic,42
politicians,37
populations,37
praised,36
progress,45
prominent,37
proof,39
protest,37
ranges,42
rating,38
reform,49
reputation,36
revenge,47
sector,37
sharks,40
shoes,40
shops,39
storms,39
tools,40
warning,41
wasn't,36
arabic,36
creek,44
manhattan,35
miller,36
studios,60
ward,44
achieve,35
adventure,47
angle,40
animation,41
broad,42
cargo,37
carries,35
centers,40
characteristics,36
classic,54
colonies,39
consecutive,35
cooking,37
crown,66
defence,57
designer,35
di,44
estate,45
extensive,36
fleet,58
forming,35
holiday,43
installed,35
intelligence,50
landing,42
latter,36
lights,42
limits,38
mask,49
mathematical,45
meanings,35
missions,37
nomination,35
noticed,35
observed,35
opposition,50
participate,35
pitch,36
predators,39
putting,36
ratio,37
registered,35
seemed,35
signature,35
smooth,36
speaker,63
stays,36
suitable,35
tons,36
voltage,37
wine,42
archbishop,45
barbara,34
benjamin,34
carter,34
hunter,49
indiana,34
juan,34
marine,65
nazi,34
nazis,34
puerto,34
ray,39
samuel,34
sarah,34
tim,34
walker,37
wrestling,63
abandoned,34
abuse,34
artistic,38
balance,35
bases,34
briefly,36
burn,39
chocolate,39
claws,34
committed,35
conduct,34
contrast,34
depend,34
desert,47
dialect,35
differently,34
disaster,39
drives,34
enjoy,35
expert,35
fifteen,41
fifty,42
franchise,36
gradually,35
grey,55
hoped,34
lasts,34
networks,41
opinion,35
pairs,35
plain,39
pole,45
portion,34
principal,43
push,37
puts,34
repeated,34
rings,39
sale,36
sequel,34
shares,35
solutions,36
stripes,35
switch,43
tennis,44
texts,36
traded,34
transportation,47
variation,34
volumes,35
whatever,37
ann,33
croatian,33
encyclopedia,41
fivb,33
florence,33
h,39
iraq,33
jerry,33
nick,34
philippines,33
ross,33
ukraine,33
vancouver,33
agency,54
apartment,35
arrive,33
atomic,38
biology,50
chapter,62
chooses,33
climb,34
coat,38
competing,34
conductor,35
credited,33
crisis,48
demand,34
diameter,33
driven,34
drivers,38
ethnic,37
excellent,35
exercise,35
experiences,36
facing,34
faith,45
finishing,33
flights,35
focuses,34
frame,35
galaxies,35
graphics,36
grave,48
guess,34
happening,33
infected,33
laboratory,44
lessons,37
links,36
literally,33
lungs,34
mainland,35
maintain,33
mammals,37
massive,35
mid,39
minority,35
neighborhood,35
organic,35
owns,34
passenger,37
pianist,35
pink,45
plate,40
plus,42
prior,52
prisoner,34
railroad,51
rear,35
recognition,34
releases,33
researchers,38
restaurant,42
scientist,37
sheep,37
shopping,36
shore,45
smell,33
sum,33
summers,40
sweet,52
tasks,33
tested,33
thoughts,34
usage,35
winters,39
afghanistan,32
commonwealth,35
donald,32
dragon,56
dream,63
graham,32
king's,54
lieutenant,48
montgomery,32
montreal,32
norman,32
swiss,32
tennessee,32
welsh,32
aggressive,33
agriculture,46
amateur,43
appearing,34
asking,32
aspects,36
attacking,33
attend,32
audiences,32
bars,39
belt,44
chemistry,41
clan,38
colleges,38
colonial,41
columns,32
confused,32
controversy,32
cousin,33
currency,33
duty,38
enjoyed,33
environmental,41
external,35
facility,33
facts,36
filmed,32
fourteen,37
generations,37
ingredients,32
interior,61
joint,41
labor,55
landscape,33
legislature,42
logo,35
mild,34
obtained,32
occasions,32
performs,32
photographs,34
planets,34
prepare,32
rid,32
rocket,41
sad,37
samples,32
scores,34
seek,35
sending,32
sends,32
siblings,32
sitting,33
snakes,33
stolen,34
stream,36
strongly,32
substances,35
suggest,32
tanks,36
terminal,37
territories,48
tournaments,32
trading,34
trust,56
updated,33
upset,34
wedding,38
wore,32
abc,31
anderson,31
aquatics,31
azerbaijan,31
billy,31
buddhism,31
caribbean,31
dan,32
danish,31
democrats,33
helen,31
hercules,31
infantry,54
jason,31
orthodox,36
peninsula,52
portugal,31
trump,33
watson,31
wright,31
academic,42
arrest,31
arrival,31
attract,31
bringing,32
canton,42
challenges,32
channels,33
cheaper,32
check,41
choir,38
classification,40
composition,33
convinced,32
critic,35
dancers,33
declined,31
democracy,46
disappeared,31
dissolved,31
distribution,33
dominant,32
duties,32
electoral,37
entry,44
equivalent,31
execution,32
exhibition,42
fan,36
fingers,34
flowing,31
forty,32
fossils,38
genetic,40
gray,46
immediate,32
inherited,31
instance,31
keyboard,32
locations,31
magazines,31
matters,35
membership,32
monument,40
mosque,38
peaceful,32
penis,31
policies,32
practical,33
protests,31
scales,34
schedule,34
scoring,31
seed,33
seriously,32
setting,33
sight,33
stopping,33
strike,35
surrender,33
temples,34
till,43
trials,34
weakened,32
weighs,31
wives,38
wrestlers,31
airlines,54
commissioner,36
connecticut,30
danny,30
g,44
gary,30
kate,30
kevin,30
legislative,46
matt,30
nadu,31
nelson,31
normandy,30
shah,30
uefa,30
wolf,47
abstract,31
architect,33
arrives,30
begun,32
collections,33
constituency,32
contestant,30
continent,31
converted,30
crops,31
crossed,31
cutting,31
descent,33
description,35
devoted,31
eds,35
elsewhere,34
encouraged,31
faced,30
favor,31
favorite,35
genes,33
genre,30
hotels,34
identical,30
institutions,31
interface,33
joins,30
jumps,30
keys,36
leagues,34
literacy,34
literary,41
minimum,31
mother's,31
motor,49
obvious,31
poison,32
practices,32
prices,32
printing,32
protein,31
provincial,46
request,30
reward,37
rising,35
satellite,39
screenwriter,30
shall,30
stuck,30
team's,30
threat,31
threw,30
ticket,32
tone,31
tough,31
turning,31
varies,30
visual,41
watched,30
wealth,32
widow,32
width,31
worship,34
argentina,29
brazilian,29
brian,29
caesar,29
charlie,29
fifa,29
greeks,29
guard,58
hungarian,29
johnny,29
lennon,29
liberal,56
louisiana,29
ryan,29
sam,30
advice,31
anchor,35
anniversary,34
attracted,29
automatic,39
battery,30
bear,46
beauty,41
belonged,29
blocked,29
boss,34
bullet,29
burning,35
cabinet,48
can't,45
cheese,33
clock,34
communicate,29
context,29
continuing,32
courses,29
covering,31
cream,36
cricket,46
crossing,39
dam,41
database,33
defensive,31
detail,30
discovers,29
documentary,34
drawings,31
dreams,36
educational,38
explanation,29
files,30
gardens,41
group's,30
harm,30
headed,30
heated,29
horror,35
hospitals,31
humid,30
index,41
indigenous,43
infections,29
instruction,31
invaded,29
load,30
loud,32
loyal,31
manner,31
meetings,30
mine,38
mistake,29
molecular,37
monarch,35
municipal,45
operate,29
organisation,34
organs,31
presenter,29
pretty,35
providing,29
publisher,30
recognize,29
reliable,30
reproduction,29
safely,29
saving,32
sexually,30
shortened,30
situated,29
southeast,42
speeds,29
steal,32
strip,32
strongest,34
tallest,29
therapy,37
vertical,30
violin,30
vocal,32
voices,32
volcano,31
wanting,30
wish,32
athens,28
baltimore,28
bureau,33
ceo,28
dj,28
f,36
gothic,29
harvard,28
indonesian,28
iranian,28
lanka,28
les,32
lisa,29
metropolitan,56
nfl,28
napoleon,28
ontario,28
sidney,28
trail,46
arguments,28
beam,30
beings,29
bombing,30
breathing,28
cancelled,28
carefully,28
circular,30
cloth,29
coalition,35
competitive,29
compound,29
conservative,44
controlling,29
creative,40
criticism,30
cruel,29
decrease,28
defending,31
detailed,29
editions,28
eighth,41
emotional,29
everyday,30
exam,29
expansion,34
expressed,29
expression,29
fantasy,49
featuring,28
fictional,31
fix,29
grounds,30
intelligent,29
interests,29
involving,28
jury,32
maintained,29
manage,28
markets,28
mines,35
mph,29
n,46
naturally,29
neutral,31
one's,29
origins,35
partners,37
percentage,29
plates,28
producers,32
purchased,28
purple,41
quiet,31
ranking,29
realized,28
reverse,30
richest,30
riding,33
roll,41
rough,29
server,37
settlements,29
sixteen,31
skill,29
slave,38
snake,34
sockpuppets,28
southwest,36
suit,29
suspended,28
switched,29
theaters,30
throat,28
topics,29
traveling,29
trucks,31
underwater,32
voters,30
walked,28
armenian,27
blues,41
carson,27
charlotte,27
christopher,27
clinton,27
democrat,28
franklin,27
indonesia,28
julia,27
ken,27
nancy,27
nicholas,27
ottoman,27
phoenix,33
princeton,27
romanian,27
roy,27
salzburg,27
senator,47
trophy,48
unfortunately,29
vietnamese,27
abroad,32
admitted,27
affair,36
agrees,27
agricultural,42
anime,41
ate,29
bark,27
bonds,27
boxes,29
bridges,32
buying,28
circumstances,27
cloud,35
clouds,29
collapse,28
collapsed,27
companion,42
concepts,30
console,28
contemporary,37
correctly,27
dancer,29
darker,27
decreased,27
defeating,28
destroying,27
difficulties,27
displayed,27
distinguished,34
doubles,28
entering,27
essential,30
experimental,34
extension,32
finals,39
founders,28
freely,27
funeral,30
grade,37
graph,28
historically,40
honour,30
hurricanes,29
internationally,27
kick,28
larvae,27
loop,32
makers,30
medieval,43
mi,37
monks,29
nucleus,27
observations,30
offering,28
ownership,28
prefer,28
pregnancy,28
quarter,32
ranks,28
rapid,41
realizes,27
requirements,28
respected,28
rhythm,32
rival,28
rubber,31
sacred,40
sculpture,28
sharing,27
simpler,27
societies,29
songwriter,27
spelled,27
streams,27
strict,29
succession,35
surprised,29
traveled,27
unhappy,27
variations,29
waiting,32
weekly,42
wheels,28
withdrew,27
annabeth,26
arnold,26
atlanta,26
barry,26
catholics,26
costa,26
cuban,26
dc,26
dave,26
diego,26
diocese,36
foster,36
gregory,26
gulf,27
heaven,51
hebrew,26
herbert,26
jupiter,26
leo,26
obama,26
rangers,31
renaissance,29
symphony,39
turner,26
wessex,26
acres,29
algorithm,27
ancestry,29
arena,49
array,26
atom,29
aware,26
beer,31
belly,27
boundaries,28
breast,27
carved,26
cash,41
choosing,27
closing,27
combine,27
contributed,26
counted,27
crashed,26
decay,26
depicted,26
designated,28
dioxide,27
directors,42
dish,27
disorders,29
dispute,27
entitled,26
errors,28
etc,27
fed,28
fighter,31
gather,26
gift,28
ignored,26
indicates,27
joining,29
lift,26
lover,29
maintenance,30
mention,26
moral,30
naming,26
newer,29
notice,39
occasionally,28
opponents,26
outdoor,28
partially,26
paying,28
pets,27
polo,44
predict,26
prepared,26
presidency,43
proud,27
punished,26
punishment,31
rated,26
readers,30
remote,36
representation,28
reveals,26
scared,28
sensitive,26
shift,27
shots,26
smart,30
sunlight,26
talented,28
teenager,26
telephone,29
tribal,39
ultimately,34
unconscious,26
uniform,28
vegetables,27
victim,26
viewed,26
visiting,29
whereas,28
worker,31
yards,26
alabama,25
alfred,25
amendment,38
america's,25
arizona,25
berkeley,25
birmingham,25
broadway,25
buddhist,25
chile,26
dean,28
explorer,32
finnish,26
fisher,25
gallery,46
goku,25
hardy,27
hawaii,25
ian,25
larry,25
maryland,25
miami,25
pan,37
parker,25
pearl,29
rachel,25
saudi,25
serbia,25
socialist,32
stuart,25
thompson,25
usb,25
wallace,25
warren,25
youtube,25
abolished,25
applies,25
aside,34
athletics,32
attorney,47
benefits,29
blow,27
busy,25
button,26
chapel,42
characteristic,25
coloured,27
deck,26
dinosaur,30
disbanded,25
discussion,26
diversity,26
divide,26
diving,28
downtown,37
drew,36
drums,26
duo,27
eldest,26
equation,25
eruption,25
fails,26
fallen,30
fever,32
finale,27
fled,25
floors,25
genera,25
hatch,30
horizontal,25
instant,33
ions,25
killer,38
kitchen,31
lays,25
leaf,27
logic,27
matrix,29
measuring,26
median,27
midfielder,25
modes,26
muscle,27
museums,27
nobody,42
noise,31
noun,27
photo,30
pilots,28
playoffs,27
pm,36
populated,25
possibility,25
principles,27
promotion,28
purchase,28
rapper,29
regulations,30
replacement,27
resignation,25
resort,36
retreat,27
rifle,31
root,30
rope,26
seal,36
secretly,26
shocked,25
sits,25
smoke,31
sorted,25
telescope,30
transmission,27
trap,29
trapped,25
travelled,25
truck,28
upgraded,25
widespread,26
ambassador,35
apollo,24
bull,32
bundesliga,24
cretaceous,24
croatia,24
economics,48
emma,24
europeans,24
friday,24
gate,46
getty,24
jacob,24
jan,24
japan's,24
karl,24
l,31
leonard,24
li,27
liberty,34
luther,24
metro,36
miranda,24
pro,41
productions,46
r,29
ridge,44
soviets,24
springs,40
triple,37
venus,25
wisconsin,24
accidents,26
adds,24
afternoon,25
ancestors,25
annually,24
autumn,32
benefit,24
bite,24
bits,26
boards,30
bottle,26
burial,28
carriers,26
challenged,25
charity,26
cheap,25
choices,25
comments,24
components,24
concern,27
cyclone,24
debt,26
demanded,24
destination,25
directions,24
discover,25
discussed,24
distances,25
divorce,24
dramatic,31
dried,24
drunk,26
edges,25
efficient,25
equations,26
experts,28
farther,25
filed,25
firing,25
flies,24
flood,38
fundamental,25
gang,42
gathered,24
grandfather,26
habitat,26
hitting,26
honorary,30
hormones,24
immune,26
independently,24
infinite,27
insect,24
isolated,24
jaw,24
knee,24
knowing,28
loses,24
lying,24
magnitude,24
manages,24
mating,27
metals,28
minerals,25
missed,25
monster,39
operates,24
opinions,25
optical,26
outdoors,25
parking,26
phones,24
player's,26
portrait,29
poverty,31
priests,25
professionally,24
quantum,28
rebellion,37
reflect,24
replacing,24
retiring,24
revised,33
select,27
settle,25
shells,25
shoulder,24
shut,24
silk,28
sings,25
ski,37
skilled,24
sleeping,28
slide,27
soccer,36
spacecraft,24
specially,24
specifically,26
state's,27
supporters,33
survival,30
tornado,28
tours,27
vast,26
volunteers,25
wealthy,24
wishes,24
armenia,23
belgian,23
besides,39
bush,35
carlos,23
collins,23
conservatory,28
detroit,23
dorothy,23
edwards,23
gabriel,23
grant,34
henderson,23
israeli,23
jeff,23
kashmir,23
kent,23
mtv,23
maine,23
mediterranean,24
murray,23
quebec,23
rick,23
syria,23
tuesday,23
utah,23
vi,24
westminster,23
zeus,23
zh,23
zoo,45
accompanied,23
aspect,24
associations,25
assumed,23
blamed,23
cable,30
cache,24
caves,28
celebrate,24
celebration,25
characterized,24
claiming,23
cognitive,26
collecting,24
complained,23
complications,23
component,25
confusion,25
congressional,28
connects,23
consist,23
contributions,24
controller,28
creator,28
creatures,25
credits,25
decline,27
defended,23
dense,23
desire,28
develops,23
disability,28
doubt,25
drops,23
dust,27
ear,24
estimate,24
everywhere,26
excited,23
fail,25
fate,30
feeding,27
fill,24
finest,23
flexible,23
freestyle,26
fruits,24
galaxy,41
hardly,24
he's,33
ipod,23
indoor,32
infant,26
lasting,24
legacy,30
legendary,30
linear,29
liver,24
manual,30
mixing,24
monastery,25
multiplayer,23
naked,31
nearest,26
nice,32
nominations,23
occupation,25
offensive,24
organised,24
performer,24
photographer,23
ports,28
powered,24
preserved,23
prevents,23
prizes,29
programmes,25
proteins,24
publicly,24
publish,23
ratings,26
raw,42
regime,24
resolution,29
retail,24
rides,24
routine,23
sheet,25
shipping,25
shock,25
shortest,23
skeleton,24
smoking,27
solved,23
solving,26
spiders,25
stating,23
steam,32
struck,25
surfaces,23
surname,23
teenage,31
templates,25
tenth,27
tomb,30
toured,23
touring,24
tourism,37
trunk,25
underneath,26
update,27
valid,23
verse,26
vowel,23
weighed,23
alex,22
baldwin,22
bengal,22
brooklyn,22
colonel,28
delhi,22
delta,25
draft,43
elisabeth,22
gilbert,22
hugh,23
italians,22
ivan,22
jefferson,22
jimmy,22
laura,22
liverpool,22
louise,22
madame,22
malaysia,22
marshall,22
ministers,42
monday,22
navajo,22
nevertheless,27
nixon,22
norton,22
oklahoma,22
oscar,22
pakistani,22
paralympic,22
pikmin,22
punjab,24
ss,22
steven,22
stewart,22
t,28
teaneck,22
usd,22
absolute,25
advertising,26
airline,22
airplane,23
appeal,26
basically,26
bears,29
bicycle,25
cartoon,32
casualties,23
certified,22
circulation,23
citizenship,24
climbing,23
combining,25
comedian,24
compose,22
conflicts,23
consequences,23
consisted,22
constitutional,35
corners,26
corruption,27
counts,25
cure,24
cuts,23
deaf,24
decoration,22
demolished,22
describing,23
displays,22
diverse,23
dome,26
donated,23
dressed,23
drum,24
effectively,23
elephants,24
equally,22
essays,29
exhibitions,23
familiar,23
freed,23
frequencies,22
functional,24
genres,22
guests,24
hanging,26
immigrants,23
inch,28
informal,25
inhabited,22
institution,28
insurance,35
intense,28
interact,22
interviews,23
involvement,22
knife,24
labels,23
lava,25
license,24
mainstream,22
managers,25
martial,23
math,26
memories,27
mile,28
mineral,23
mistakes,23
moons,24
mud,24
murders,27
ninth,28
nutrients,22
offspring,23
option,22
p,41
peaked,22
personnel,25
phenomenon,22
pot,24
pulls,22
reads,24
recover,22
removing,25
reopened,22
reporter,25
residential,23
restrictions,22
ruins,23
sailed,22
scheme,24
self,30
shield,27
shoots,22
shoulders,22
show's,22
significance,22
soundtrack,22
specialized,24
spelling,24
squares,22
strengthened,22
subsequent,25
sudden,25
suffer,23
tale,40
terrible,22
thanks,27
theatrical,25
they're,26
ties,23
tired,22
tissue,23
towers,27
treatments,23
varieties,24
victories,23
vocals,26
voiced,22
warmer,22
websites,24
aang,21
abbey,33
abraham,21
airbus,21
angels,33
bella,21
burton,21
cbs,21
capitol,25
chancellor,30
christianity,21
cleveland,21
cooper,21
darwin,21
esperanto,21
fred,21
grace,34
guy,31
han,21
hindus,21
indus,21
jay,21
jon,21
julian,21
jurassic,21
lahore,21
ltd,23
madrid,21
michelle,21
morris,21
perry,21
pierre,21
robin,25
rugby,41
ruth,21
sanskrit,21
seoul,21
shakespeare,21
sierra,21
tales,35
thai,21
timmy,21
ukrainian,21
abused,21
accent,21
addresses,23
aimed,21
approached,21
approval,22
assault,25
backwards,21
barrel,22
beaten,21
bonus,23
breath,22
breathe,22
bullets,27
canal,39
carrier,22
ceremonies,23
certainly,24
chains,23
chapters,24
clay,33
client,21
coaches,24
comfortable,21
commanded,21
company's,24
completing,22
concrete,22
conquest,26
consumer,27
contestants,26
contribution,23
cult,25
curved,21
deals,21
defeats,21
developers,22
dialects,21
dig,22
digits,21
dirt,24
discoveries,21
disputes,21
domain,23
dozen,21
earning,22
eats,21
elder,35
environments,22
escapes,21
expanding,22
exposure,23
factories,23
fairy,36
farmer,28
fee,21
fighters,24
fins,21
flour,21
funding,22
game's,21
geographical,27
governed,21
governing,24
handled,21
hears,21
helpful,21
hence,32
hosts,21
imprisoned,21
indicated,21
inducted,21
inland,25
inspiration,23
introduce,21
inventor,21
investment,27
lie,25
listen,22
loan,22
manufacturer,21
mirrors,22
nests,21
non,27
notably,26
opens,24
organisations,23
overseas,27
partial,21
philosopher,22
pit,29
placing,22
poles,29
pollution,25
pools,21
powder,22
prayers,21
predator,21
presidents,32
pupils,21
qualifying,26
rains,23
react,21
reader,26
recovery,26
relation,24
relegated,21
repair,21
reserved,21
residence,24
restricted,22
revenue,25
rotation,21
sank,21
secure,22
sentences,22
separately,21
sequences,21
servant,22
shallow,22
skiing,23
slope,23
span,22
speaks,24
spell,21
sponsored,21
spreading,22
statues,22
stomach,21
stroke,22
succeed,21
summit,28
tadpoles,24
thermal,23
topic,22
tornadoes,21
totally,24
toy,26
toys,23
tracking,23
transition,23
travelling,22
triangle,28
twins,25
vision,25
wears,23
whales,22
witch,28
withdrawal,21
additionally,24
admiral,22
albania,20
arabian,20
argentine,20
campbell,20
cruz,20
dakota,20
dennis,20
dublin,20
duchess,22
finn,20
gandhi,20
geoffrey,20
ghost,35
gibson,20
globe,29
handbook,26
harold,20
holmes,20
j,22
jennifer,20
kentucky,20
kerala,20
linda,20
milan,20
mississippi,20
montclair,20
nepal,20
philippine,20
prussia,20
reagan,20
susan,20
tyler,20
venice,20
wagner,20
achievement,33
achievements,22
advisor,25
afford,20
agencies,23
agents,20
aggregate,20
aims,20
airing,20
altitude,21
anthem,23
asteroid,20
attempting,20
bag,21
bat,24
beats,23
blade,27
bow,25
brilliant,22
burns,27
buses,23
cake,24
calculated,20
calm,22
cavalry,26
chromosomes,20
colonists,24
compositions,20
concerned,21
convince,20
copied,20
crowned,21
custom,22
damaging,20
deposits,21
diabetes,24
disabled,21
disputed,21
distant,22
drafted,21
drove,20
educator,20
essay,23
evolutionary,27
exams,20
exception,20
exciting,20
extent,21
faculty,32
feared,20
festivals,25
flew,21
flooding,22
frequent,21
friendship,21
funds,22
gameplay,20
generate,20
grouped,20
hardware,21
hate,26
heir,21
hiding,22
hind,20
hip,24
hometown,20
hosting,20
households,22
hunted,20
hunters,30
integration,21
invention,22
kidnapped,20
knocked,20
lawyers,23
layout,21
legally,21
lifestyle,21
manga,26
mechanics,24
momentum,21
monkeys,21
mysterious,20
nephew,20
numbered,21
ongoing,20
operator,21
options,20
parallel,21
passage,25
photos,23
please,34
plural,21
posts,22
privately,20
probability,21
profit,22
pushing,21
qualities,20
recommended,21
refuses,20
removal,20
reunited,20
rises,22
rounded,20
rounds,20
rows,21
servers,20
shrine,28
signing,21
skating,26
slight,21
slower,20
sole,21
somewhere,23
spirits,23
spite,20
sponsor,20
staying,21
subsequently,24
subspecies,20
subway,25
syndrome,27
syphilis,21
that's,37
thirteen,30
tongue,24
tooth,23
touched,21
trips,21
truly,21
universal,37
virtual,22
volcanic,25
wisdom,24
woods,30
ahmed,19
andrea,19
arctic,20
ashley,19
barcelona,19
batman,19
blackhawks,19
buddha,19
crazy,33
crouch,19
curtis,19
dee,20
diamond,30
edwin,19
ernest,19
evans,19
ferdinand,19
hans,20
harbor,33
hart,19
harvey,19
holland,19
homer,19
hood,25
hughes,19
hungary,19
jerusalem,19
julius,19
kenneth,19
kosovo,19
lamborghini,19
lucy,19
mac,26
malcolm,19
masters,31
nico,19
oliver,19
patricia,19
phillip,19
plymouth,19
prague,19
proceedings,25
protestant,20
publishers,32
queen's,19
ralph,19
regiment,28
republicans,21
reynolds,19
ronald,19
sean,19
shane,19
sony,19
tommy,19
u,27
vishnu,19
absence,19
agreements,19
angles,23
ants,21
anxiety,19
architectural,23
argue,19
assessment,22
associate,28
attractive,19
autobiography,19
beef,21
believing,21
bend,28
blast,23
blows,20
brighter,19
careful,19
centered,19
cinema,35
cited,19
civilization,25
collaboration,24
combinations,19
commissioned,20
comparison,21
connections,20
considering,23
consumption,20
conversation,21
coup,20
cows,22
curve,19
dealing,19
decorated,21
delayed,22
deliver,22
dependent,21
designing,19
divine,33
elevation,20
emotions,20
eternal,25
everybody,22
explore,19
explored,20
extends,19
flavor,20
folded,19
forbidden,20
forgotten,26
fragments,19
fried,20
gates,35
genetics,28
gentle,22
heading,19
horn,30
immunity,31
ink,20
intensity,20
interpretation,21
jumping,22
jungle,34
kingdoms,23
letting,20
lock,20
locks,20
mad,25
magical,20
managing,22
mathematician,19
meal,19
measurement,21
medication,21
minds,20
monuments,23
nights,32
northeastern,25
notation,22
ordained,19
originated,19
outstanding,29
overcome,19
palm,33
peaks,22
pen,27
performers,20
perspective,22
photography,23
physically,21
physician,19
pipe,22
planted,19
pleasure,21
poorly,19
precipitation,19
preserve,22
promise,21
protective,21
pursue,19
quantity,19
raising,23
rats,22
realize,19
recipient,19
reducing,20
reflects,19
reforms,20
regarding,20
renewed,19
resign,19
responded,19
restoration,23
revived,19
rolling,33
runway,21
sail,19
scholar,23
screenplay,23
severely,20
significantly,19
skier,19
snout,19
sought,19
specimen,20
sperm,21
spinning,20
stability,20
stem,19
surrendered,19
suspension,19
tactics,20
tails,23
targets,20
tension,19
throwing,20
tie,23
tips,19
transformation,23
tubes,20
tunnel,25
tunnels,20
turtle,22
uniforms,20
unsuccessful,20
variable,21
variant,19
vector,22
vegetation,19
welfare,30
wheat,24
whenever,24
wildlife,35
aids,25
alberto,18
anastasia,18
austen,18
bce,18
baker,19
bernard,18
cameron,18
carol,22
carroll,18
christine,18
chronicle,22
claire,18
clarence,18
colombia,18
cook,35
dr,19
eagles,25
edinburgh,18
emily,18
enterprise,27
ethiopia,18
floyd,18
francesco,18
god's,19
hiv,18
harrison,18
jacques,18
java,18
joel,18
judith,18
k,22
kirby,18
mp,18
madison,19
manuel,18
marines,25
nigerian,18
norfolk,18
oswald,18
phil,18
portland,18
rogers,18
rosa,18
sv,18
senna,18
spongebob,19
statistical,36
sullivan,18
terry,18
thailand,18
todd,18
ultimate,29
victor,20
vincent,18
virgin,23
aboard,19
accessible,19
acids,19
adjective,18
algae,20
amongst,19
ancestor,18
anger,23
answers,18
apparent,18
arithmetic,19
armor,19
assistance,28
asteroids,19
axis,28
backs,18
barrier,23
basket,23
bath,33
batteries,19
beaches,19
beating,19
belonging,19
bowl,31
brick,22
chorus,22
circuits,19
cleared,18
coin,19
comics,29
communications,32
completion,20
concentrated,18
consciousness,20
constantly,18
contents,20
continuous,22
contracts,18
cooked,18
corporate,20
corresponding,19
cotton,24
countryside,18
crater,22
creature,18
critically,18
crust,18
customer,21
customs,28
cylinder,18
da,28
darkness,22
daytime,20
deer,23
demonstrated,18
diagnosed,21
diary,21
dimensions,20
disabilities,19
disks,19
dive,19
dynamic,21
emerged,18
emphasis,18
employed,18
encourage,18
equality,23
establishment,19
exceptions,18
expand,18
explosive,18
favour,19
fees,18
filling,19
flags,21
float,20
flooded,18
flute,19
funny,20
gases,19
geological,34
heavier,19
heroes,27
hypothesis,19
illustrated,34
improvements,19
intention,18
interval,19
irregular,18
jealous,19
joke,18
journals,23
lawsuit,18
libraries,21
lit,18
loosely,18
manuscript,19
merger,19
moderate,20
monarchy,21
monthly,22
myths,20
observation,19
organism,18
oval,18
package,19
parasites,19
parliamentary,30
participants,20
playable,18
poets,23
potassium,23
praise,20
prefecture,31
presents,21
processing,21
protects,18
proven,18
psychological,30
quest,24
questioned,18
racial,20
register,29
relay,22
releasing,19
relief,20
rely,18
remarkable,19
reproduce,18
rescued,18
runner,18
salary,19
sculptures,18
seals,24
settings,18
shelter,18
simplest,19
specimens,21
spectrum,21
statements,18
strategic,25
suburbs,18
terrestrial,22
terror,29
threats,20
trigger,21
trio,23
tunes,21
turtles,24
upcoming,18
veins,19
warrior,32
warships,19
woman's,24
won't,18
wound,19
zinc,27
afghan,17
amy,17
anglican,17
archie,17
basin,33
battalion,24
betty,17
boris,17
broadcasting,32
burma,17
caroline,17
celsius,17
celtic,17
clara,17
edmund,17
filmfare,17
forum,29
furthermore,17
giants,22
grande,19
iceland,17
johann,17
kenya,17
ladies,25
lane,27
leonardo,17
let's,19
liberation,25
luxembourg,17
mill,34
monte,17
mozart,17
ny,18
nagar,17
nigeria,17
normans,17
pakistan's,17
pat,18
playstation,18
rico,17
rio,17
saints,25
satan,17
scrooge,17
shadow,33
somalia,17
statistics,31
stevens,17
tiger,33
turks,17
w,21
warner,17
wayne,17
wells,20
yale,17
yes,34
actively,17
approaches,17
appropriate,17
argues,17
arrondissements,17
attitude,20
attractions,21
beans,18
bees,24
beetles,20
bid,18
bleeding,20
boxing,24
boyfriend,17
brave,18
burnt,19
buttons,17
cameras,18
canceled,17
cantons,17
ceased,17
centimeters,17
chase,30
coastline,17
commerce,27
commercially,18
compilation,18
connecting,19
conservation,31
consistent,17
consisting,17
container,19
coord,17
deciding,17
definitions,17
demon,21
designers,18
desired,17
diagram,24
directing,20
disappear,17
discipline,22
discuss,17
dishes,17
dismissed,17
distinction,17
distinguish,17
dragons,24
drinks,20
engineers,30
ensure,17
entrepreneur,18
entries,17
exit,18
expedition,23
facial,18
fake,20
fitted,17
floating,18
fountain,19
furniture,18
gear,18
golf,30
grammar,30
grandson,18
hang,22
harmful,17
harsh,19
homeland,22
honey,28
honored,19
ideal,19
imaginary,19
indeed,27
initiative,20
innocent,22
jet,23
jumped,17
kidney,18
kilograms,17
knights,33
landfall,17
lap,18
loose,19
magnet,19
marched,17
marketing,18
measurements,17
medicines,18
midnight,26
monsters,24
mystery,31
myth,21
nasal,17
nervous,17
nineteen,20
nobles,17
numerical,27
objective,18
observe,17
oceans,18
opposing,18
orbits,17
orientation,18
painful,18
panel,21
permanently,17
phases,19
pigs,19
proposal,19
prototype,17
pulmonary,18
pump,17
pushes,17
qualification,19
raced,17
rebels,21
references,19
reflected,17
rejoined,17
remake,17
repairs,20
reportedly,18
reptiles,19
resident,22
rocky,32
rush,27
sailors,19
sauce,17
screens,17
seas,21
seeking,18
segments,17
sells,19
serial,22
servants,17
slogan,17
speeches,19
strategy,22
surprise,21
survivors,18
swimmer,18
teachings,17
teenagers,17
thickness,17
throws,17
tight,17
tribute,21
typhoon,25
valuable,19
venom,18
viewers,20
viruses,23
visits,17
warn,17
washed,18
watches,17
whilst,26
worms,19
americas,16
arkansas,16
augusta,17
baron,18
beijing,16
berger,16
bobby,16
butler,20
cairo,16
canterbury,16
china's,16
claude,16
cole,16
constable,17
cork,22
craig,16
dale,16
dawn,27
delaware,16
dev,16
devil,25
diana,16
dominican,16
ernst,17
eugene,16
frieza,16
geneva,16
germanic,16
guinea,20
hinduism,17
holocaust,16
i'll,16
india's,16
inn,21
isaac,16
jackie,16
jessica,16
jumbo,16
keith,16
koreans,16
las,17
leeds,16
leipzig,16
linux,16
lion,31
lords,23
luis,16
moses,16
munich,16
murphy,16
nasa,16
nbc,16
ncaa,16
naples,16
neil,16
nova,18
oscars,18
otto,16
pc,16
padraic,16
pathanamthitta,16
paul's,16
persia,16
pride,25
publications,32
randy,16
richmond,16
ron,16
royals,16
sanders,16
saturn,17
scots,16
sherman,16
sonic,18
spencer,16
ted,17
tibetan,16
un,19
ussr,16
vikings,16
wcw,16
wwf,16
wang,16
wu,16
yard,23
abbreviated,16
abortion,19
absolutely,18
absorbed,16
accuracy,17
airports,17
alien,21
aliens,17
altered,16
amendments,17
ancestral,18
angel,31
antibiotics,18
appointment,16
arrangement,16
artificial,19
artwork,16
ash,23
assembled,16
ballot,16
beak,16
behave,16
beneath,18
boarding,16
boiling,17
breakthrough,20
calculations,17
campaigns,16
caring,16
cartoons,16
catches,16
checked,16
chicken,22
civilian,17
civilians,18
cliffs,19
clip,16
coaching,16
collects,16
commit,16
compact,19
comprising,16
concerns,16
concluded,16
conducting,16
confident,17
copyright,19
craft,16
crossover,16
crystal,28
debates,17
deeper,16
define,16
delay,17
delivery,18
denied,17
der,27
descendants,21
descriptions,18
detected,16
disliked,16
dots,16
dramas,18
employee,17
engagement,17
enormous,16
entity,16
evolve,16
extraordinary,17
family's,16
flame,20
flown,16
footage,16
forcing,16
forth,16
gasoline,16
geography,20
gloves,17
gotten,16
governors,25
grid,17
hammer,23
holidays,16
horns,16
hostile,16
hungry,18
hybrid,17
icon,16
icons,16
imagination,21
inaugurated,16
inmates,18
installation,17
instantly,16
involve,16
jar,20
journalists,22
knees,17
landmark,22
laps,16
leap,20
leather,20
lengths,16
locked,17
logical,17
maker,22
marble,22
mechanism,16
medications,16
melting,18
migraine,16
migration,21
motto,19
necessarily,16
nineteenth,22
nitrogen,17
nobility,18
novelist,18
nude,16
openly,16
orchestras,17
outcome,16
pack,23
paints,17
parameter,16
pays,18
perception,17
philanthropist,17
philosophical,24
pine,26
pipes,16
plains,28
pond,21
predicted,16
prevented,16
promises,17
protecting,20
puppet,20
radical,20
rape,19
receiver,16
recognised,16
referring,16
regardless,17
relating,16
renovated,16
rent,18
repeat,19
respective,16
retire,16
risks,16
ritual,20
robot,24
sake,18
saves,16
scholarship,16
shelters,16
shiny,16
specialist,18
spends,16
spy,25
stealing,17
sticks,16
storyline,16
stretch,16
struggles,17
superior,22
swords,18
symmetry,19
tables,22
temporarily,16
tends,16
theorem,16
touches,17
translations,17
unclear,16
underside,16
unified,19
unlikely,16
vectors,16
venue,16
verses,18
viewing,16
vol,26
vulnerable,16
wakes,16
weaker,16
weekend,23
wool,18
worlds,21
wounds,16
amersfoort,15
anne's,15
arabia,15
bmw,15
bach,15
bailey,15
biblical,21
calvin,15
canadians,15
chapman,15
colin,15
colorado,15
davies,15
derby,18
dick,16
dodge,16
ed,28
edward's,15
egyptians,15
fernando,15
finance,30
fulk,15
germany's,15
glen,15
greenland,15
greg,15
guild,16
hell,20
herakles,15
joan,15
julie,16
lotus,20
mrt,15
mvp,15
macbeth,15
manipur,15
manitoba,15
mansell,15
marshal,20
memphis,15
minneapolis,15
morgan,15
mumbai,15
nebraska,15
nowadays,30
oak,26
oh,20
olympus,15
orleans,15
palmer,15
petersburg,15
pirates,22
prost,15
radhika,17
rica,15
rob,17
roberts,15
rockefeller,15
romania,15
romeo,15
sebastian,15
shaw,15
similarly,19
sophie,15
springfield,15
stalin,15
sudan,15
sultan,17
titans,19
traditionally,25
transit,28
vii,15
victorian,15
abundant,15
acceptable,15
accepts,15
activists,17
administered,15
advertisement,15
airs,15
album's,15
archaeological,20
assets,16
assist,16
assisted,16
assumptions,15
astronomy,17
attending,15
auxiliary,22
awareness,15
beds,16
bombed,15
bombers,16
bombs,15
borough,23
burrows,15
burst,15
butterfly,25
calcium,17
cap,25
celebrities,15
chances,16
clause,26
cleaning,15
cliff,20
climbed,15
colorless,15
commercials,15
comparative,17
competitors,15
complexity,16
conclusion,15
continental,28
contribute,15
corporations,16
councils,21
cow,18
crowded,16
curse,24
custody,16
dad,18
deadly,23
deemed,15
defendant,15
demo,16
departure,15
dinner,16
distinctive,15
dot,20
draws,15
dropping,15
economist,17
editorial,16
electronics,18
elite,21
emotion,16
endangered,19
evaluation,15
evolving,15
exclusively,15
expectations,15
extinction,20
fatal,16
favourite,19
feast,19
flash,29
freezing,18
gains,15
generals,16
ghosts,17
gifts,16
glands,16
grandmother,16
graves,23
guitars,15
handling,16
happiness,17
hated,15
helicopter,15
helmet,16
hopes,17
humor,16
hung,17
imported,16
improvement,18
inserted,15
instrumental,15
integrated,22
intellectual,16
interactions,16
kicks,15
laser,20
legends,23
legislation,18
lens,15
lifted,15
lighting,18
limbs,15
liquids,18
listening,18
listing,16
lung,24
machinery,17
mail,23
man's,22
mascot,17
mathematicians,17
meals,16
medley,15
mentor,17
merchant,16
militia,17
mirror,26
mosques,15
nationwide,19
neutrons,16
noble,23
northwestern,18
obtain,15
occasion,16
onwards,15
operational,16
outbreak,15
partnership,16
paths,18
patron,17
pedal,16
periodic,15
pioneer,26
platinum,25
playoff,15
pocket,22
pp,15
preparing,15
pressed,16
profits,16
protons,15
puzzle,18
rabbit,25
radius,15
rainy,16
rebel,19
reduces,15
reduction,17
referendum,16
remainder,15
removes,15
reply,15
requested,15
reserves,18
resource,17
restore,15
retained,15
revival,16
roller,16
runners,15
satellites,17
scorer,15
senses,15
shirt,15
shy,15
siege,19
simplified,16
simultaneously,15
sins,15
sketch,16
soap,22
sodium,18
sometime,16
sorry,18
sphere,19
spider,20
spines,15
stepped,15
stole,16
striking,15
strips,15
structural,21
substantial,15
supporter,16
suspected,15
syllable,15
tenure,15
territorial,19
terrorist,16
textbook,16
today's,19
toes,16
touching,16
transform,15
transgender,19
uncertain,15
und,15
unusually,17
venues,15
vessel,16
viewer,16
walks,15
welcomed,15
whale,16
wrapped,15
yearly,16
zones,18
adelaide,14
ahmad,14
alexandra,14
alpine,20
australia's,14
avatar,22
aviation,28
bermuda,14
blair,14
ce,14
cpu,14
cardinal,25
carey,14
cecilia,14
chelsea,15
classics,21
cromwell,14
duck,23
eddie,14
ellen,14
eve,19
flanders,14
frances,14
friedrich,14
fund,23
giovanni,14
gloria,14
gospel,23
griffin,14
griffith,14
grover,14
guadalcanal,14
hd,14
heinz,14
hello,15
hera,14
hugo,14
hyde,14
hyundai,15
inc,16
jamaica,14
joey,15
john's,14
jonathan,14
katherine,14
kiss,26
latino,14
lee's,14
leon,14
marion,14
maurice,14
maximus,15
mercury,26
mickey,14
mitchell,14
neo,14
omar,14
peru,14
piper,14
queens,25
queensland,14
rainbow,21
reich,14
rhodes,14
rivera,14
roosevelt,14
sabbath,14
santiago,14
savoy,14
senators,28
smackdown,14
solomon,14
stowe,14
strait,20
tna,14
theodore,14
toho,14
township,22
turin,14
ulster,14
venezuela,14
vermont,14
walt,14
absent,14
absorb,14
accessed,19
acclaimed,14
airfield,17
alike,14
allegations,14
allegedly,14
alternate,15
amino,14
analog,16
approve,14
arrow,23
arteries,15
asthma,14
astronomical,21
aunt,19
automobile,18
backing,14
backup,15
ban,18
bankruptcy,14
behalf,14
beside,17
bet,18
bin,17
binary,16
boom,22
boots,17
calculation,14
castles,20
centres,18
chambers,22
chronic,20
clarinet,16
clients,14
coined,14
companions,16
compare,15
composing,14
conferences,17
considerably,14
consonant,14
cooperation,22
corn,18
counting,15
coverage,15
crashes,14
cycles,14
damages,14
demands,14
demonstration,15
destructive,14
developer,16
developments,17
diplomatic,20
distribute,14
doll,17
dominated,14
dorsal,14
dug,14
dull,15
ecology,18
eighteen,17
elect,14
elementary,27
elephant,24
en,21
enforce,14
engage,14
escaping,14
evenly,14
exhibit,14
exile,22
expect,15
exploration,18
fertile,14
finishes,14
fishermen,17
funded,15
fusion,15
geisha,14
genome,18
goddesses,17
graduating,14
grain,14
guides,19
handed,14
hat,18
honors,16
hop,18
hub,20
humorous,14
ios,17
identifies,14
illustration,19
implementation,14
improving,15
influences,14
inputs,14
intact,14
intervention,15
investigate,14
jurisdiction,14
knock,18
labeled,14
leaked,14
lifting,14
lightning,24
lowered,14
loyalty,15
malaria,14
manufactured,14
manufacturers,15
marking,14
marries,14
master's,19
merely,14
modeling,18
moments,16
mood,16
mothers,19
moths,16
mountainous,14
mutual,24
mya,14
mythology,15
namely,14
nation's,17
needle,15
nominee,14
nursing,18
obey,16
occurring,14
opponent's,14
oppose,14
orbital,19
orchestral,14
organize,14
parody,14
patent,20
patrol,16
pawn,15
philosophers,20
photograph,14
pictured,14
plateau,20
playwright,14
plenty,16
practiced,14
pray,14
preferred,14
priesthood,14
printer,16
prints,17
prisons,15
probe,15
processor,14
productive,14
radioactive,15
raids,16
raped,14
rays,16
recruited,14
reelection,14
reflection,14
refugees,16
repeatedly,14
replaces,14
requiring,14
researcher,15
resistant,14
resting,14
reveal,14
revision,15
sacked,14
safer,15
sailing,21
scattered,14
scripts,14
segment,14
silent,17
skater,14
skeletons,15
spins,15
static,14
steady,16
steep,15
stripe,14
struggled,14
subdivided,14
submitted,14
suggesting,14
sulfur,15
swing,23
synthetic,16
tag,24
texture,14
theatres,17
theoretical,17
thinner,14
tones,15
torpedo,15
tragedy,18
trailer,18
traits,15
translator,17
transmitter,15
transparent,15
traps,20
trend,15
trick,15
twentieth,18
uncommon,14
undergraduate,15
underlying,14
variables,15
varied,14
virtually,16
volcanoes,16
worshipped,14
wouldn't,14
alfredo,13
allah,13
alpha,23
angela,13
anjou,13
athletic,24
baroque,16
barton,13
bengali,13
bianca,14
bristol,13
britannica,13
bulgarian,13
chester,13
cohen,13
condorcet,13
confederation,16
conqueror,16
continuum,18
crow,16
cyrus,13
dalmatia,13
drake,14
eva,13
facebook,13
filipino,13
flora,19
fraser,13
gettysburg,13
glasgow,13
hamburg,13
harper,13
hindi,13
hispanic,14
houston,13
hudson,13
iroquois,13
isle,17
jesse,13
jose,13
joyce,13
karen,13
kid,24
kuwait,13
lgbt,13
lankan,13
lebanon,13
liga,15
malta,13
marcus,13
maritime,23
martha,13
marvin,13
mary's,13
maya,13
mccartney,13
mcclane,13
mercia,13
merit,17
midwest,14
mouse,25
mrs,13
nxt,13
newman,13
northumbria,13
oriental,16
owen,13
paulo,13
peruvian,13
pete,13
pittsburgh,13
potter,14
pradesh,13
pratt,13
preston,13
punk,24
q,13
rna,13
rafael,13
ranger,17
raymond,13
revolutionary,24
ruby,18
santos,13
scotia,13
siegfried,13
sikh,13
starr,13
stockholm,13
sunderland,13
sur,17
swan,18
taipei,13
tarzan,13
tchaikovsky,13
thursday,13
troy,14
utc,13
verde,14
versailles,13
warriors,20
wilbur,13
wilhelm,13
winchester,13
wonder,22
you're,25
yugoslavia,13
zack,13
accessories,13
acclaim,13
adaptation,14
addressed,13
adjusted,13
ammunition,13
anybody,14
app,15
apparatus,13
apparently,17
apples,14
applying,16
apprentice,20
aquatic,16
arrangements,13
attracting,13
attributed,13
avoided,13
avoiding,16
barely,15
beginnings,14
bills,15
biographical,14
birthplace,13
blacks,17
blowing,13
bold,14
bound,16
brains,13
brightly,13
browser,13
bulbs,15
bunch,14
calculate,13
cannon,22
capturing,14
careers,13
caste,13
celebrity,21
charter,24
chips,14
club's,13
cluster,14
colder,13
collapses,13
colleagues,13
combustion,13
commanders,16
commands,13
consequence,14
considerable,14
continents,15
cooler,13
cooling,14
counter,15
couples,14
crocodile,14
crush,15
crushed,13
cry,20
cuisine,13
cycling,17
cyclones,14
danced,13
decorative,13
demonstrations,14
dengue,17
depressed,15
derives,13
detect,13
diagnosis,14
dice,16
dictator,14
disappointed,13
discussions,14
dissolution,13
divides,13
drowned,14
dwarf,15
eagle,22
easiest,13
eclipse,16
edit,13
editors,16
elastic,13
elbow,15
eligible,13
emigrated,13
employer,13
equator,14
evacuation,13
examined,13
exceptional,13
exclusive,16
explode,13
feminine,13
feminist,17
feminists,13
ferry,18
fewest,13
filming,17
filter,13
fin,13
flesh,13
focusing,13
forgive,13
fraction,13
frames,14
fungi,15
gauge,13
genius,16
genuine,13
grades,15
graduation,14
graphic,14
gravitational,14
guarantee,13
hairs,13
heroism,13
hire,13
homeless,16
housed,13
ideology,13
immortal,16
implemented,13
implies,13
impressed,13
incorrectly,13
increasingly,13
indicating,13
invites,13
isolation,15
joints,13
joy,25
lacked,13
lanes,13
lesbian,17
licensed,14
lime,15
loaded,14
locality,13
locals,14
lovers,21
masses,14
maturity,13
maybe,19
mentions,14
messaging,14
metre,16
missile,15
modules,13
monkey,22
mounted,14
murderer,13
narrator,13
navigation,16
neighborhoods,13
newest,14
notices,14
nouns,14
nurse,24
oath,14
participating,15
participation,14
payment,13
perceived,13
personally,13
phrases,13
picks,13
pig,18
pistol,15
pleaded,13
plots,13
polar,15
pollen,15
poorer,13
positively,13
possession,16
predecessor,13
prefers,13
progressive,22
promoting,15
pronunciation,14
protesters,16
punish,13
pups,15
qualify,13
quarters,14
rabbits,13
raises,13
ranging,13
rankings,17
ratified,13
rational,13
reasoning,13
rebuild,15
reception,14
regained,13
reigned,13
reject,13
relates,13
relaxed,13
relevant,14
repeating,16
requests,14
responsibilities,13
revolt,19
rider,14
rigid,13
riots,14
robots,14
romance,20
rotating,14
rude,14
sat,14
satisfied,13
scandal,15
segregation,15
separates,18
sessions,13
shipped,13
sickness,14
sink,15
sinking,14
sixty,14
slalom,18
souls,23
southeastern,17
southwestern,18
splitting,13
spreads,13
sq,13
squad,18
stepmother,13
storing,13
strikes,13
submarines,13
successes,13
supplied,13
suspect,14
sustained,14
syllables,14
tears,21
terrain,13
textile,14
thereby,14
thriller,16
toads,14
toe,14
torn,13
tragic,13
trails,14
trans,18
translates,13
transmitted,13
trauma,14
treasure,19
trench,13
trusted,13
undergo,13
unfair,13
unofficial,13
unstable,14
upright,14
useless,13
utility,13
valleys,16
variants,13
varying,13
villain,15
vocalist,13
warfare,19
weighing,15
weights,15
welcome,20
wise,19
withdrawn,13
workshop,16
yourself,18
aberdeen,12
aborigines,12
ana,12
antarctic,12
antarctica,12
archdiocese,16
artemis,12
augustus,12
australians,12
bachelor,16
bahrain,12
bang,15
belarusian,12
belfast,12
belize,12
beth,13
bloody,19
brigade,23
bruno,12
buffalo,24
buffy,12
builders,18
cao,12
chilean,12
colombian,12
commons,15
cordillera,12
cyprus,12
dame,13
dante,12
derek,12
doug,12
downs,13
duchy,16
edith,12
eisenhower,12
eleanor,12
elijah,12
emmanuel,12
euro,14
galactic,16
genesis,13
geographic,18
georges,13
graf,12
hms,12
helena,12
henri,12
hey,14
i've,12
iso,13
interstate,14
irene,12
irving,12
jamie,12
jasper,12
jeffrey,12
jeremy,12
jr,19
karachi,12
kurdish,13
lithuanian,12
loksabha,12
london's,13
mps,12
ma,25
marina,12
mayflower,12
midway,12
milwaukee,12
montana,13
morocco,12
morrison,12
mughal,12
nascar,12
nj,12
nwa,12
ned,12
ninja,24
oblast,17
okinawa,12
olga,12
ottawa,12
paramount,13
pedro,12
penguin,16
perseus,12
philharmonic,12
pierce,13
piquet,12
raf,13
railways,23
rama,12
rebecca,12
renault,12
riley,12
rita,12
routledge,12
russians,12
sc,12
sally,12
seattle,12
serbian,13
serbs,12
shire,16
simpson,12
slayer,13
smash,20
socrates,12
squidward,12
steele,12
stenton,12
syrian,12
testament,14
tibet,12
truman,12
tyson,12
val,12
wednesday,12
wellington,12
yorkshire,12
zamasu,12
abbot,19
academics,12
accurately,12
acquire,12
acquisition,13
adequate,12
admit,12
airplanes,12
algorithms,13
alleged,12
ally,16
ambulance,16
anatomy,19
animations,12
announcement,12
archaeologists,15
artery,12
asleep,14
astronomers,13
attitudes,13
automobiles,12
awake,15
bachelor's,13
balanced,12
balloon,14
bats,15
batsman,12
batting,13
bearded,14
bitter,15
borrowed,13
bounce,13
bowling,16
brands,19
bravery,12
broadcaster,12
broader,12
bubble,17
bulb,12
bury,13
busiest,12
capitalism,15
ceiling,12
ceremonial,13
clearing,16
clone,16
clues,16
coached,12
collision,12
compares,12
comprehensive,17
consensus,13
consoles,12
consonants,13
constellation,12
construct,12
convenience,13
convenient,12
convicts,16
coordinates,12
cord,13
costumes,12
creators,12
crest,12
criteria,13
criticised,12
crop,14
crosses,13
cruelty,12
cubic,12
cured,12
debated,12
decisive,13
decorations,12
deeply,13
defenses,12
defines,12
deities,12
demons,15
destroyers,13
diamonds,18
digging,12
disagreements,12
disciplines,13
discrimination,14
dissipated,12
dissolves,12
doctrine,15
dual,16
earthquakes,14
efficiency,13
electromagnetic,12
embassy,19
employment,13
endings,12
enforcement,12
enjoys,12
enrolled,12
entrances,12
epic,19
erupted,12
essentially,14
establishing,12
exhibited,12
expelled,12
explaining,14
explodes,12
explosives,14
extensions,12
favorable,13
fibres,12
firms,13
flee,12
floods,13
flux,13
foil,12
foreigners,12
foundations,17
glory,17
glucose,12
glue,12
goalkeeper,13
grains,12
grandchildren,12
grandparents,12
grants,15
grossing,12
guys,15
habit,12
hanged,12
harmless,12
heating,12
hectares,12
heel,12
herd,13
hollow,15
homosexual,13
honest,12
implement,12
implications,17
impression,12
impressive,12
informed,12
infrastructure,14
insisted,12
install,13
integral,12
intent,12
interchange,14
interfere,12
invade,12
invisible,14
kicked,12
kit,20
knockout,13
knots,13
lab,18
landscapes,13
lectures,15
leisure,13
linguistics,16
loans,14
locomotives,12
louder,14
loving,17
luxury,13
magnets,12
mantle,13
manually,12
manuscripts,14
margin,12
marrying,13
marshes,13
masculine,12
melody,19
metallic,12
miners,16
miniseries,14
mistakenly,12
mistress,13
moisture,14
monasteries,12
monk,15
motorcycle,17
motorway,17
mouths,12
movie's,12
multiplication,12
na,20
narrowly,12
negotiations,12
observer,19
operators,13
opportunities,12
optional,14
oral,14
outlived,12
oven,12
oxide,13
pension,14
percussion,13
perfectly,12
persuaded,12
phenomena,13
physicists,13
pin,18
plague,16
pleased,13
policeman,12
poll,12
ponds,13
porn,14
portable,13
portraits,13
possibilities,12
poster,15
preference,12
prehistoric,12
printers,12
probable,12
procedures,13
profile,15
protector,15
proximity,12
questioning,12
rap,18
reacts,12
readings,13
realm,17
reasonable,12
recovering,12
rectangular,12
reef,21
remarried,12
reporting,15
resemble,12
reservoir,16
resides,12
richer,13
ruin,13
sacrifice,13
schemes,12
sculptor,14
searching,13
seated,12
secrets,17
sediment,12
serpent,19
seventeen,18
shear,12
shed,12
shuttle,13
similarities,12
skulls,13
slept,12
slowed,12
solely,12
solvent,13
songwriters,14
sovereignty,13
sponges,15
sporting,15
strain,12
strokes,13
struggling,12
subdivision,13
suggestion,12
suggestions,13
sulfide,12
sweat,18
symbolic,13
taxonomic,14
teens,13
telescopes,14
tendency,14
termed,12
there's,23
tickets,14
tilted,12
tires,16
tobacco,14
topped,12
torture,14
tributaries,13
tricks,14
trilogy,15
tsunami,13
tumor,12
unite,13
unity,23
uprising,19
upwards,12
uterus,12
vampires,13
venture,13
verb,12
vital,15
wake,20
walkers,15
warned,12
washing,12
weakening,12
whites,14
willing,12
wires,13
withdraw,12
wonderful,16
ace,24
africans,11
amazon,13
android,12
antoinette,11
arsenal,13
atari,11
autonomous,22
bart,12
bedford,11
beethoven,11
benson,11
blake,11
bradford,11
bradley,11
britain's,11
brittany,11
bryan,11
cabin,18
castro,11
catalan,11
cherry,20
coleman,11
columbus,11
congo,12
conway,11
cornwall,11
cortana,11
danielle,11
deutsche,11
disneyland,11
donkey,19
doom,12
easter,11
ecuador,11
eliza,11
empress,13
estonia,11
fia,11
fina,11
fanny,11
faust,11
flames,21
fletcher,11
forbes,11
gdp,11
gazette,11
glenn,11
greenwich,11
greenwood,11
grove,13
hades,11
haiti,11
halloween,11
ham,14
hannibal,11
harriet,11
hawks,13
holly,12
homo,12
honda,11
horus,11
i'd,11
ieee,11
imagine,19
iraqi,11
isabel,11
jedi,11
jenkins,11
josh,11
joshua,11
judy,11
klein,11
kurds,11
kurt,11
labyrinth,13
lal,12
laurie,11
leyland,11
livingstone,11
lloyd,11
logan,11
lynn,11
manila,12
mansfield,11
marlboro,11
matilda,11
mick,11
miyamoto,11
mohammed,11
mongolia,11
naruto,11
nash,11
negro,11
nero,11
neville,11
nordic,11
norte,11
os,14
observatory,15
ono,11
poseidon,11
ram,22
rahman,11
raj,12
raja,11
rex,15
rey,11
rhine,11
rican,11
robinson's,11
rochester,11
rover,11
sk,11
spd,11
saga,13
saul,11
savage,15
scarlett,11
sergeant,16
sharon,11
sikhs,11
sims,12
slovakia,11
spike,15
stan,11
stella,11
sunset,18
te,11
teni,11
thames,11
torah,11
treasury,15
twitter,11
uss,11
undertaker,11
venetian,11
vera,11
viking,12
villa,16
wei,11
werner,11
wheelchair,17
wiley,11
wolfgang,11
z,17
abdomen,11
acceptance,11
accompaniment,11
admired,11
advertisements,12
adviser,12
aka,13
aligned,11
altar,13
amazing,19
amphibians,14
anyway,13
arch,16
architects,17
aristocratic,11
artworks,11
assists,11
athlete,11
attach,11
attributes,13
audition,13
axes,12
baked,11
bare,12
barrels,11
bassist,11
behaviors,11
beloved,11
binding,11
blockade,11
boot,12
bore,11
bred,11
bumps,11
captivity,12
cared,11
carriage,12
catching,13
cavity,11
celebrations,14
centimetres,11
certificate,16
chip,15
claw,15
cleaned,11
cleaner,11
clever,12
colorful,11
colourful,13
combines,11
comet,19
comets,12
comment,11
commentator,11
committees,12
comparing,11
compatible,11
compiled,12
computing,20
confusing,11
connector,12
considers,11
consume,11
contests,12
continuously,12
controllers,11
conversion,12
cosmic,17
cottage,19
crane,21
criminals,11
cultivated,11
dairy,16
daylight,13
dealt,11
definitely,13
deliberately,11
denominations,11
detective,21
dialogue,15
differential,18
differs,11
digest,12
dimension,15
dirty,16
disappearance,11
disappears,11
discs,12
documented,11
dolphins,14
dozens,14
drag,14
duel,13
ease,12
ego,12
emergence,13
employers,11
enabled,11
encounter,14
encounters,11
equipped,12
eruptions,11
ethnicity,12
examination,13
excess,12
execute,12
explanations,11
fabric,11
failing,11
fairies,12
fiber,11
findings,12
finite,12
firefighters,11
fixing,11
flattened,11
flip,13
flowering,11
flu,12
formulas,11
framework,14
fraud,12
freeze,11
freshwater,16
friction,12
gaming,12
garage,11
gathering,15
genocide,14
geology,17
govern,11
grip,12
guardian,18
halfway,11
hearts,20
hid,11
hips,11
holder,12
hottest,11
ibn,14
identification,13
impaired,11
imprisonment,11
incorrect,12
inferior,11
inheritance,11
innovative,11
instances,11
interaction,11
interference,11
investigated,11
junction,19
kangaroo,13
legitimate,11
lesson,12
lethal,12
liking,11
limb,11
lineup,11
lions,19
lizards,12
lonely,17
lunar,16
mansion,13
manufacture,11
meaningful,11
membrane,11
menu,12
merchandise,12
mess,12
mice,13
microscope,11
minus,11
miscarriage,11
missiles,11
mob,17
mortal,12
multiplied,11
neighbourhood,12
niece,11
observers,12
obstacle,11
odor,11
organizing,14
panels,12
partition,14
passport,13
paste,12
peacefully,11
pepper,15
permit,11
personalities,12
picking,12
pins,12
pointing,12
poker,14
polls,11
postponed,11
precious,14
precise,12
prediction,11
preliminary,12
premiere,11
proclaimed,11
profound,12
progressed,11
promising,14
proxy,11
psychologists,14
pulling,14
punishments,11
pupil,12
pyramid,20
pyramids,12
quantities,11
quietly,11
quoted,12
rally,18
reactor,14
realistic,11
recognise,11
reformed,14
regulation,14
regulatory,13
relax,11
remade,12
renowned,12
replied,11
republics,15
requirement,11
respiratory,12
restoring,12
rests,11
reversed,11
rhythmic,12
riders,21
rifles,11
riot,16
rivals,12
rockets,13
rodents,13
ropes,12
roses,18
rumors,11
sealed,11
seasonal,11
sectors,11
secured,11
seeded,11
seeks,11
selective,12
semi,11
sensors,11
sensory,11
separation,14
shades,13
shaft,14
shifted,11
shooter,11
shortage,12
sin,15
sitcom,11
slopes,11
sniper,13
solids,11
sophisticated,11
sorts,11
spare,12
stabbed,12
stamps,11
strictly,13
styled,11
subfamily,11
subtropical,16
suburb,12
suited,11
summary,12
sunk,11
supervised,11
supplements,11
surroundings,11
surrounds,11
swallow,11
switches,13
tablets,11
teen,19
temperate,12
tens,14
theft,12
thicker,12
thirteenth,15
thumb,17
tide,11
toilet,11
toll,12
tombs,12
tonnes,11
town's,11
trait,11
trams,14
transformed,11
treaties,11
treating,11
trumpet,11
turbine,12
unaware,11
underworld,19
unemployment,13
unions,13
urine,11
vacuum,12
vagina,11
varsity,12
velocity,11
versa,11
villagers,13
vines,11
voluntary,12
warnings,13
waterfall,12
weaving,11
welding,12
witnessed,11
abbottabad,10
abu,10
aerial,18
alberta,10
alexandria,10
allison,10
alternatively,11
amber,16
andre,10
andy,10
archives,13
aristotle,10
aston,10
atlas,13
aztec,10
ba,16
bdd,10
baba,10
bangladeshi,10
bayern,10
beast,16
belarus,10
benedict,10
bhutan,10
bo,10
booker,12
bosnia,10
brooks,10
bulgaria,10
burmese,10
ca,18
cds,13
cia,10
cis,11
canadiens,10
carmen,10
carnival,10
cecil,10
chaos,19
chennai,10
cincinnati,10
circus,19
clare,10
clyde,10
colombo,10
confederates,10
conrad,10
constantinople,10
copa,10
cornell,10
crabbe,10
ds,10
daisy,10
dallas,10
daxter,10
dear,13
denver,10
diane,10
dixon,10
dom,12
dre,10
dylan,10
ecw,10
einstein,10
eli,10
elliot,10
elsa,10
emmy,10
eurovision,10
evelyn,10
fa,13
fe,10
freddie,10
freeman,10
fritz,10
gm,11
gaga,10
gardner,10
guam,10
halifax,10
harbour,15
harry's,10
heath,13
heavyweight,18
heights,17
hilton,10
hindenburg,10
holdings,14
hopkins,10
hull,12
humphrey,10
id,18
isbn,10
itv,10
israelites,10
jake,10
jammu,10
jeanne,10
jill,10
johns,11
joker,10
joseon,11
kai,11
kerouac,10
koch,10
kyle,10
lesser,20
lexington,10
libya,10
lima,10
lindsey,10
lithuania,10
lopez,10
luigi,10
mb,11
mg,16
macmillan,13
maggie,10
mall,19
mandarin,11
marcos,10
marilyn,10
marjorie,10
mcdonald,10
melanie,10
messiah,11
methodist,10
midlands,10
mighty,12
monica,10
moreover,11
nashville,10
neptune,10
nickel,14
nile,10
nord,10
norwich,10
o'brien,10
ok,12
osaka,10
oswiu,10
panama,10
pentagon,12
persians,10
phd,10
phelps,10
phillies,10
phillips,10
pinocchio,10
plaza,14
pleistocene,10
pope's,14
porter,12
president's,13
prussian,10
pulitzer,10
punjabi,10
quran,10
raphael,10
rapier,10
reed,18
rory,10
sm,10
suv,10
saddam,10
sahib,10
saldivar,10
saxony,10
scout,18
scouts,14
shanghai,10
shawn,10
shields,20
shrek,10
sicily,10
slam,16
smile,18
stanford,10
suffolk,10
sundays,10
swift,15
tai,13
tampa,10
tech,12
tel,10
telugu,10
thunder,13
titan,11
tom's,10
topeka,10
torres,10
tripoli,10
uganda,10
viii,12
vegas,11
voldemort,10
warwick,10
wichita,10
wrestlemania,10
xiii,10
xiv,12
yang,10
yugoslav,10
zhang,10
abbreviation,10
absorbs,10
accordance,10
acoustic,11
actresses,11
acute,12
adapt,10
addicted,10
addiction,11
adjust,10
adulthood,10
affecting,10
aluminum,11
announcer,10
answered,10
antagonist,11
anti,10
appeals,17
apps,11
arise,12
armour,10
arranging,10
arrows,14
artifacts,10
ashes,14
assassination,12
attracts,10
auction,11
authorized,10
auto,20
bags,10
ballots,10
basal,11
bee,15
behavioral,10
bent,13
berries,11
biography,18
blades,12
blessing,10
bomber,13
boost,10
bottles,10
brakes,10
breakfast,19
breakup,10
brightest,10
brightness,11
browsers,10
brutal,10
bulk,11
burrow,10
butterflies,11
cables,10
cage,13
calculating,10
camping,10
cannabis,14
cannons,11
captive,11
cares,10
carpet,12
carriages,10
catalyst,11
character's,10
circumference,11
clans,15
clerk,13
clinical,16
clusters,12
coasts,10
cocaine,11
coil,10
collectively,11
comfort,12
commenced,10
commentary,12
compensation,11
compressed,10
concerning,11
condemned,12
cone,10
cones,12
consent,10
convict,10
convoy,10
cope,19
coral,15
corpse,10
corrected,10
correspondence,14
corridor,14
couldn't,10
counterpart,10
courage,18
cracks,10
crocodiles,11
crucial,10
cube,17
cue,10
declaration,18
deepest,10
delegation,10
delivering,11
deposed,10
determination,10
diesel,12
diplomat,10
disagree,10
discharge,10
discontinued,10
disguise,10
distress,12
divers,13
dollar,17
donors,10
dormant,10
dough,10
downloaded,11
drank,10
dresses,10
dwarves,14
dynamics,10
economies,10
edible,10
editing,12
educate,10
embedded,12
emperors,15
erected,10
evacuated,10
excavated,10
experiencing,10
explicit,10
exploring,13
expressing,10
extend,10
extensively,10
fade,10
fault,11
favored,10
feathered,12
feeds,11
feud,11
finalists,10
fitness,13
fixes,10
flank,10
flats,11
fold,13
folklore,13
footballer,16
forecast,16
forget,10
forgiveness,11
formats,11
fortified,10
fortress,15
fortune,15
forwards,10
foul,10
gap,12
gears,10
globally,10
government's,14
graceful,10
grams,11
gravel,10
grenade,12
grocery,10
habits,10
halves,10
handful,10
hangs,10
harmony,13
hatched,10
hates,10
hats,11
heal,11
herbivores,10
heterosexual,10
highlight,10
highlighted,10
highways,14
hoping,12
horizon,15
horizontally,10
husband's,10
hydroxide,10
iphone,10
illnesses,10
illustrations,11
impressions,10
inactive,10
incoming,10
indication,11
indirectly,10
individually,10
inquiry,16
integer,12
integers,10
intends,10
intermediate,14
intervals,11
invaders,12
investors,10
isn't,11
jacket,11
jaws,13
judged,10
kanji,12
kits,11
lamp,12
lecture,13
lenses,10
lever,10
lifelong,10
lifespan,11
lizard,13
loading,10
luck,14
magistrate,13
maintains,10
mankind,11
marijuana,10
markings,10
matched,10
maternal,10
melt,10
menstrual,12
merging,10
migrated,10
minimal,10
modified,15
muscular,10
mutations,10
nails,15
narrative,13
negotiate,10
neighboring,11
neighbors,11
nerves,10
nocturnal,10
node,12
nudity,10
objectives,10
obviously,12
occasional,11
orbiting,11
overnight,11
owner's,10
packs,11
pandemic,10
pants,10
parameters,10
passages,11
pastor,11
patch,14
paved,10
payments,10
permitted,10
photographed,10
phylogenetic,13
pinned,10
pioneers,14
pits,10
pixel,14
planetary,12
polished,11
portrayal,10
portrayed,10
pose,10
potatoes,13
pottery,10
poured,10
preservation,16
primates,10
primes,10
procedure,10
proceed,10
processed,10
processors,10
prophet,15
proportion,10
protocol,16
proton,11
provider,12
psychiatric,11
puppets,11
quartet,19
quotation,11
ramp,10
recalled,10
recipe,11
recorder,11
refuse,12
reintroduced,10
relativity,13
relocated,10
remembers,11
remix,13
repeats,12
resist,10
respond,10
reunion,11
rigorous,10
runoff,11
salmon,13
sandy,16
sauces,10
scenario,12
secular,11
sequels,10
settling,10
sheets,11
shelf,15
ship's,10
shoe,13
shower,10
shrimp,11
shrubs,10
sideways,10
silence,14
silicon,14
singular,10
sixteenth,12
sketches,11
slender,11
slot,10
slots,11
sociology,10
someone's,12
spears,15
specified,10
spectacular,14
sponsors,11
spotted,11
spun,10
staged,10
stalls,10
stationary,10
sticky,13
strategies,10
stupid,14
submerged,10
subscribers,10
subsidiary,10
sue,17
sufficient,11
sulfate,10
sums,10
superhero,11
surgeon,18
swamps,10
swapped,10
sworn,10
synthesis,11
tapes,10
teamed,10
teammates,10
technologies,17
televised,10
temper,10
tent,11
theology,13
thereafter,14
tier,11
tighter,10
tightly,10
timing,10
tin,19
titular,11
tortoise,10
trademark,10
traders,11
troubles,11
turmoil,10
unavailable,10
uncertainty,10
unmarried,10
unsafe,10
uranium,13
vacation,12
vegetable,10
vertices,10
violinist,10
voter,12
waited,10
wandering,10
warming,10
wax,13
weakness,11
weekday,10
winged,12
wished,10
worm,11
wreck,11
abdul,9
abe,9
abyss,9
agnes,9
ahab,9
aires,9
alfonso,9
alger's,9
amanda,9
amir,9
arlington,9
army's,13
assam,9
assyrian,9
athena,9
atlantis,9
auschwitz,9
baku,9
baltic,9
bane,9
barney,9
bavaria,9
berg,10
bloom,16
bonaparte,9
boog,9
boone,9
bourbon,12
brahma,9
brighton,9
brotherhood,10
buenos,9
bulletin,14
bunny,9
burgundy,10
busan,9
byron,9
canyon,9
cardiff,9
carrie,9
cassady,9
cena,9
christina,9
chuck,9
countess,10
cox,9
cynthia,9
dai,13
denisova,9
devi,10
dhaka,9
dharma,15
diablo,9
donna,10
dudley,9
dunham,9
eu,9
edgar,9
elaine,9
erik,9
ethnologue,9
europe's,9
evan,9
everett,9
fellowship,10
ferguson,9
flint,12
flynn,9
franz,9
freddy,9
fukui,9
gainsharing,9
gaston,9
geometry,14
giles,9
giselle,9
gladys,9
gregorian,9
gruber,9
gustav,9
hampshire,9
hannah,9
haven,14
hawaiian,9
hayden,9
haydn,9
hemisphere,15
hitler's,9
ho,9
hoover,9
howe,9
icc,9
ip,11
idol,16
il,12
iowa,9
isabella,9
janeiro,9
jerome,9
jinnah,9
johannes,9
jules,9
justin,9
kaduna,9
karnataka,9
kasparov,9
kazakhstan,9
kern,9
komodo,9
kronos,9
lance,12
leslie,9
lil,9
linkin,9
liu,10
lorenzo,9
lorraine,9
lucky,16
ludwig,9
lynch,10
madonna,9
maharashtra,9
mahler,9
mali,9
mama,9
marquis,9
marsh,13
mccarthy,9
mesopotamia,9
metroid,9
michaels,9
mills,16
mohamed,9
moody,9
mormon,9
mormons,9
motown,9
newcastle,9
nicaragua,9
nicole,9
nigel,9
nippon,9
noel,9
norris,9
nutcracker,9
pamela,9
party's,18
passion,17
payne,9
penny,13
perth,9
peter's,9
philippe,9
pie,17
playhouse,9
pluto,10
polytechnic,9
pompeii,9
powell,9
prairie,11
raven,10
reformation,10
regionalliga,9
reverend,10
rizal,9
roberto,9
rohan,9
saiyan,9
sandra,9
sant,9
scandinavian,9
selena's,9
seneca,9
sheikh,10
shen,9
simba,9
singapore's,9
sora,9
stalingrad,9
stevenson,9
sudbury,9
svalbard,9
taiwanese,9
thalia,9
thayer,9
thorne,9
timothy,9
toa,9
tracy,9
trinity,10
uranus,9
valle,9
vatican,9
vegeta,9
vijay,9
vladimir,9
wwii,9
warsaw,9
welch,9
who's,15
willie,9
willis,9
worcester,9
wyoming,9
xi,16
xbox,9
yankee,9
yorktown,9
yuri,9
zee,9
zoe,9
accelerate,9
accommodation,10
activation,10
adjacent,9
administrator,14
adopt,11
affiliated,11
airways,14
alarm,9
algebra,10
aluminium,11
analyst,9
anthropology,17
appreciate,9
arc,12
arches,10
armoured,13
artist's,9
asexual,10
autistic,10
autonomy,10
axe,12
badge,10
ballets,16
bankrupt,10
bathing,9
bathroom,9
beard,12
bearing,9
beetle,13
beforehand,9
belts,10
bench,9
beta,13
bike,10
billions,9
bites,9
bitten,9
blank,12
blog,12
bonding,9
bounty,14
boxer,14
breasts,9
breeds,10
bricks,10
builder,13
byte,9
cakes,9
camouflage,9
cancel,9
capitalist,11
capitals,11
captures,9
car's,9
carbohydrates,10
cartridges,9
carvings,9
casting,9
cents,10
chariot,10
charitable,9
charted,9
chased,9
chord,11
cigarette,9
ciphers,9
circles,11
climbers,10
climbs,9
clinic,10
coaster,14
coated,9
coldest,9
commodities,9
communists,17
composite,10
compression,10
comprised,9
compromise,11
confidence,11
conscious,10
conservatives,13
consort,9
constellations,9
consumers,11
containers,10
conventions,13
conviction,9
convinces,9
coronation,13
corrupt,9
costume,10
couch,11
counterparts,9
crack,10
crews,9
crystals,12
decreases,9
deity,9
delays,9
deliberate,9
delicate,9
demanding,9
demolition,9
deny,9
depict,9
deputies,14
descended,9
destroys,9
determines,9
determining,10
dictatorship,10
differ,9
disagreed,9
disciples,10
discovering,10
documentation,10
doubled,10
download,10
downward,9
drainage,10
drowning,9
dubbed,9
duration,9
dye,10
economically,10
elderly,9
eleventh,13
emeritus,14
enclosed,9
encountered,9
enhance,9
enlarged,9
essayist,9
estates,13
excavation,10
excessive,10
exchanged,10
exercises,10
exhibits,10
exiled,9
exploded,9
exploitation,9
exports,9
expressions,9
facto,9
fauna,11
fears,11
feather,10
feminism,10
finalist,10
financially,9
firearms,10
fits,9
flavors,9
flavour,10
fluids,9
font,9
foreground,9
fractions,9
freight,11
frozen,11
galleries,11
gaol,13
garlic,10
gateway,16
generated,9
generic,10
gills,10
glasses,10
governance,9
graduates,10
granddaughter,10
grasslands,9
grenades,9
guaranteed,9
gymnastics,11
hardest,9
harvest,11
hash,9
healing,12
heaviest,9
hiatus,9
hides,9
hilly,9
hospitalized,9
humanity,11
ipad,9
idols,9
illegally,9
immigration,11
incomplete,10
indirect,10
inscription,10
interactive,16
interpret,9
interpreted,9
introduces,9
introducing,9
investigations,13
iodide,9
iodine,14
ion,12
irrigation,9
island's,9
jets,16
jewellery,9
jewelry,9
jokes,9
journalism,12
judgment,11
juice,12
kittens,10
lacking,10
ladder,11
laptop,9
latitude,9
laugh,9
lazy,9
lb,10
limestone,10
lineage,10
lined,9
lips,10
litre,9
lively,11
livery,9
locally,11
locomotive,13
log,9
logs,9
makeup,11
manners,9
manor,13
marketed,9
masked,10
massacre,16
mat,11
mater,11
mates,10
meantime,9
medicinal,9
meditation,11
meteorites,9
metric,10
miniature,13
mistaken,9
monarchs,11
motivated,9
multiply,10
mysteries,15
mythical,9
nationalist,16
nationality,9
negatively,9
neighbouring,11
neighbours,10
nesting,9
nets,10
nicknames,13
noises,9
nuclei,9
nuns,10
occupies,9
odd,15
optimal,10
orgasm,9
orphan,10
orphanage,9
overlap,10
overthrow,9
oxidizing,9
paired,9
palaces,9
panic,15
patches,9
patient's,9
penguins,13
perennial,9
petals,9
physicist,9
pile,9
piles,9
pillars,10
pirate,10
pitches,9
placement,11
plantation,11
plaster,9
plug,9
poetic,9
populous,9
possess,9
potion,11
preceded,9
precision,11
preparation,11
prescribed,9
prescription,9
prestigious,9
pretending,10
preventing,10
primitive,9
priority,10
privacy,9
professors,9
programmed,9
programmers,10
promotes,9
proportional,9
prosperous,9
providers,11
publicity,9
purity,9
puzzles,9
quarry,12
racer,11
radial,9
radios,9
rainforest,9
randomly,9
realised,9
receptor,9
recognizing,9
reconnaissance,9
reconstruction,12
reddish,9
referee,10
reindeer,11
reinforced,9
relate,9
rented,10
repaired,9
reprinted,13
reproductive,10
responses,10
restarted,9
retreated,9
revive,9
rewards,10
risen,9
rituals,10
rods,9
rolls,10
salty,9
scenic,11
seafood,11
searched,9
seemingly,9
semen,12
seventeenth,10
sexuality,9
shifting,9
skip,11
snails,9
soils,9
song's,9
sovereign,17
specialize,9
specialty,10
spectators,11
spices,10
spies,12
spiny,9
spiral,11
spokesperson,10
stairs,11
steering,9
stems,9
stepping,11
sticking,9
stimulus,9
strengthen,9
stripped,9
structured,10
stuff,11
submission,9
substitute,10
suffers,9
sunshine,13
suppressed,9
survives,9
sustainable,12
swans,11
symbolizes,9
taped,9
teammate,9
tensions,11
terrorists,10
testimony,11
thieves,13
thirds,9
thread,9
threaten,9
tire,13
toad,13
tortured,9
tract,12
transcription,9
transforming,9
transl,9
treason,10
treasures,13
tributary,9
triumph,15
troubled,10
truce,10
twelfth,11
tyres,9
ugly,11
unexpected,10
unfinished,9
vaccine,9
vampire,14
vertebrate,11
veto,13
vibration,9
violet,16
viral,10
visions,11
visitor,12
vitamin,15
vs,11
waist,9
wards,9
warns,9
wartime,9
wavelength,9
wingspan,9
witnesses,14
worry,10
wrestled,9
year's,12
yen,9
zoos,11
anc,8
asun,9
aditya,8
adler,8
aegean,8
alonso,8
alyosha,8
amelia,8
amsterdam,8
andaman,8
andersen,8
andes,8
anglia,8
ankara,8
annie,8
arabs,8
archive,12
armenians,8
arthur's,8
auckland,8
aviv,8
bmi,8
babylon,8
balukas,8
bambi,8
bandura,8
bangalore,8
bangkok,8
bantu,8
baptist,8
barnes,8
barrow,8
basilica,15
basque,8
bates,8
belgrade,8
bells,12
belmont,8
bhagat,8
bishops,14
bismarck,8
bombay,8
bonnie,8
boo,9
bosnian,8
botanical,15
bremen,8
breton,8
brett,8
britannia,8
bruins,8
burney,8
burnside,8
buzz,9
byzantine,8
cgi,8
ct,8
cambodia,8
canada's,8
canary,9
carthage,8
castile,8
chamberlain,8
chipmunks,11
chowkur,8
chrysler,8
chu,9
church's,12
civic,12
clown,16
colac,8
comanche,8
conan,8
confederacy,10
consulship,8
conti,8
corinthians,8
crawford,8
cups,15
daddy,9
danes,8
danube,8
davidson,8
devon,8
dewey,8
dover,8
dreaming,12
dreamtime,8
duncan,8
durham,8
eden,8
edo,8
eduard,8
eisenstein,8
episcopal,9
epstein,8
eritrea,8
esther,8
exposition,12
fbi,8
fm,8
fanning,8
finch,9
flores,8
forsyth,8
fortunately,10
freud,8
frost,12
gp,8
gps,8
gabrielle,8
gaelic,9
gale,9
gandalf,8
garcia,8
garda,9
garland,8
gerald,8
ghulam,8
giuseppe,8
gloucester,8
gotham,8
gregor,8
guatemala,8
hambledon,8
hanna,8
hawk,10
hayes,8
heather,9
hendrix,8
herald,8
hermann,8
hermes,8
hermione,8
historia,8
hogwarts,8
hokage,8
holby,8
honours,16
huey,8
humanities,9
humboldt,8
hutchinson,8
ira,12
ix,8
ibrahim,8
ike,9
indy,8
ingrid,8
intel,8
iris,12
israelis,8
jackson's,8
jacobs,8
jam,15
jamaican,8
jasenovac,8
jin,9
joanna,8
jonas,8
judaism,8
judiciary,11
juniors,11
kakadu,8
kane,8
kara,8
kart,10
kenny,8
kirk,8
kitty,8
kyiv,8
kyoto,8
lambert,8
lasker,8
lauren,8
lenin,8
libertarian,10
lily,9
lodge,10
lou,8
louie,8
lucie,8
luftwaffe,8
lulu,8
mlb,8
macquarie,8
maharaja,9
malayalam,8
malik,8
mandela,8
maple,14
mar,11
marc,9
marguerite,8
martian,8
martin's,8
marvel,9
mason,8
mcnair,8
meade,8
mercedes,8
meredith,8
microraptor,8
miguel,8
milton,8
mirza,8
mitch,8
monaco,8
monet,8
nes,8
na'vi,8
nano,9
nevada,8
newbery,8
nickelodeon,8
nilotic,8
notre,8
nui,8
nuremberg,8
o'connor,8
oakland,8
oasis,10
orion,8
osborne,8
oslo,8
oz,12
pdf,9
palestinian,8
papa,8
paradise,9
parma,9
patrese,8
patriarch,10
patton,8
perez,8
phoebus,8
pi,13
pippi,8
pitjantjatjara,8
pius,8
pizza,14
planck,8
plato,8
po,11
porsche,8
protestants,8
ranch,12
ratchet,8
rattlesnake,8
reginald,8
reid,8
reims,8
ricardo,8
roanoke,8
rookie,15
roth,8
rouge,9
sata,8
saitama,8
salvador,8
samantha,8
sami,9
samus,8
santo,8
sardar,8
sardinia,8
sauber,8
saxon,8
shahi,8
shakti,8
she's,13
sheffield,8
shelby,8
shepard,8
siberia,8
sichuan,8
simone,8
sinclair,8
slavic,8
slovenian,8
smith's,8
sofia,8
sparta,8
staunton,8
stefan,8
suez,8
sulawesi,8
suppose,13
sutton,8
sylvia,8
tate,8
thornton,8
thunderclan,8
tonight,9
tristan,8
trojan,11
tucker,8
tyrol,8
uci,8
unesco,8
urdu,8
valera,8
valve,11
vanessa,8
vergil,8
vernon,8
vista,8
vlad,8
volkswagen,8
walton,8
whedon,8
wheeler,8
winnipeg,8
wolves,14
wyatt,8
xavier,8
xena,8
ya,10
yangtze,8
yukon,8
abandon,9
abnormal,8
accidental,8
accomplish,8
accusations,8
acknowledged,8
addressing,8
admission,11
advances,8
advancing,9
advertised,8
advised,8
advocate,11
alcoholic,9
allergic,8
alloy,8
ambiguous,8
ambush,9
angular,9
annexed,8
annoyed,9
antenna,9
antiquity,9
apartments,11
apology,8
appealed,8
arcade,13
aren't,9
arid,8
arriving,9
ashore,8
assume,8
astronauts,9
attackers,8
attendance,8
aura,12
availability,8
backed,8
backward,8
bacterial,8
balloons,8
banknotes,8
basement,9
battalions,10
battlefield,9
beams,8
bestowed,8
betrayed,8
biased,8
bicycles,8
blames,8
blindness,9
blizzard,11
blocking,8
book's,8
borrow,8
borrowing,8
bosses,9
bowler,9
brass,10
brewing,11
bromide,9
buffer,8
builds,8
bulls,13
buyer,8
buyers,9
cab,9
cafe,14
campuses,8
candle,9
canopy,8
canvas,8
capped,8
caps,10
capsules,9
cartridge,8
catalog,10
celebrates,8
celebrating,8
chained,9
chant,8
charming,8
chassis,8
cheating,10
checks,9
cheek,10
chef,12
chemist,8
chiefs,10
chromosome,8
chronology,9
citations,9
classify,8
clearance,8
click,15
clocks,10
cockpit,8
cocoa,8
coefficient,8
commanding,11
complaints,8
concentrate,8
condom,8
conducts,8
confessed,8
confession,9
configuration,8
consideration,8
conspiracy,11
consultant,8
consumed,8
contamination,8
contested,8
contexts,8
contributing,10
convent,10
converting,8
convincing,8
cooled,8
cools,8
coordinate,8
copying,9
cords,8
correspond,8
costly,8
councillors,13
couple's,8
courtship,9
crashing,8
cries,9
crowns,8
curl,10
cyclist,9
dams,10
day's,9
deadliest,9
debris,8
debuts,8
decimal,9
declare,8
decreasing,8
default,8
defendants,10
defenders,9
definite,8
della,9
demigods,9
dentist,8
deposited,8
depths,8
desktop,10
destinations,9
detectors,10
devastated,8
diploma,11
diplomacy,10
disagreement,8
discussing,8
dislike,8
dissertation,8
dissolve,8
disturbing,8
diver,8
docks,10
downhill,10
downloads,8
drain,8
drilling,9
drown,8
ducks,15
dukes,15
ecosystem,9
effectiveness,8
eighteenth,10
elaborate,8
electrode,8
elevated,8
elevators,9
emergencies,8
encoding,9
encourages,8
energetic,8
enforced,8
entertainer,11
enzyme,8
enzymes,10
equals,9
establishments,8
examinations,12
examine,8
excavations,10
executions,11
exits,9
expertise,9
expired,8
explores,8
faithful,10
fats,8
fearing,9
feat,8
feedback,8
fertility,8
feudal,8
fibers,8
fills,10
fished,8
fisheries,12
fist,10
fitting,8
flashes,8
fluorescent,8
forehead,9
freelance,8
fuels,8
functioning,9
fused,9
gaps,9
gifted,10
goat,11
goodbye,14
gorillas,10
gout,12
grasses,8
greedy,9
guidance,9
gum,9
gunpowder,8
hairless,9
happily,8
harassment,8
hatred,8
healed,8
heirs,8
helium,8
hierarchy,9
hostage,8
humanitarian,11
humour,8
hunger,13
hurting,8
hypertension,8
identities,10
illusion,11
innings,8
intake,8
intercourse,8
interpretations,8
intersection,8
inventions,8
isotope,8
juvenile,13
katana,8
kidnappers,8
laboratories,12
lagoon,12
lateral,8
lecturer,10
legions,10
legislatures,8
lengthy,8
levers,8
libertarians,9
lichen,10
linking,9
listeners,8
lithium,13
loads,8
loser,9
loudly,8
lunch,12
maintaining,8
marriages,9
masks,9
mechanic,9
mechanisms,11
membranes,9
memorable,8
merchants,9
merge,9
migraines,8
mini,14
moderately,8
mole,8
monitor,11
morpheme,8
motors,13
mound,8
mourning,9
mutation,9
muzzle,8
naira,8
narrower,8
nationalism,9
natives,11
nautical,8
nebulae,8
neighbor,10
nerve,9
nodes,8
northernmost,8
notion,8
notorious,12
nursery,11
obsessed,9
obstacles,8
offence,8
og,9
ore,9
organise,8
originate,8
originates,8
ornaments,9
overhead,9
owed,8
owls,10
ph,16
packages,8
packed,8
parentheses,9
passive,9
pause,8
pavilion,15
peers,8
pencil,10
pilgrimage,9
pioneering,8
plasma,15
playback,9
plea,8
pods,8
poisoning,8
poisonous,8
popularly,9
portal,14
portions,11
poses,8
possessed,10
posters,8
posthumously,8
potato,13
practicing,8
predictions,8
prefix,8
prepares,8
presenting,8
pressures,8
presumably,8
preview,11
professionals,8
profitable,8
programmer,8
projections,8
promotional,8
pronouns,8
prophecy,12
proposals,11
proposition,10
prose,10
prosperity,9
psychologist,8
puberty,10
punch,11
pursued,9
pursuing,8
pygmy,8
qualifications,8
quicker,8
racism,9
racist,8
re,13
reactive,9
realism,10
rebuilding,8
reigning,8
reliability,8
relies,8
reorganized,8
reside,8
resigns,8
resolved,10
respiration,10
reused,8
reviewed,8
revolves,8
rewarded,8
ribbon,10
rivalry,8
robes,8
rod,11
rode,9
rolled,8
roofs,8
rook,8
rooted,8
rotate,8
rotates,8
rowing,10
rugged,8
ruined,9
ruthless,8
sacrificed,8
sailor,15
sandstone,8
scans,8
scare,9
scenery,8
scratch,8
screening,8
scriptures,11
seizure,8
sensation,8
sewage,9
shepherd,10
sheriff,15
shortening,8
shorts,8
shrines,8
signify,8
sized,8
skaters,8
skins,12
slang,11
sliding,8
smashed,8
socks,9
somebody,11
somehow,8
sounded,8
sounding,8
soy,8
spanned,8
specialised,8
specialists,9
specials,8
spells,8
spinal,8
sponge,11
stacked,8
stadiums,8
station's,8
statute,14
stiff,10
straw,10
streak,8
streaming,10
stretched,8
stretching,9
subcontinent,8
submarine,10
suffix,8
surprising,8
suspicious,9
takeover,12
taller,8
taluk,10
taxon,8
tear,8
technically,9
tentacles,8
textbooks,8
tiles,11
timber,9
token,8
tomatoes,10
tonic,8
tops,10
toxin,9
trace,8
traces,11
traction,8
travellers,9
trends,8
triangular,8
trunks,13
tubular,9
twenties,8
typing,8
undergone,8
underwent,8
unification,12
unpopular,8
unveiled,8
upgrades,8
upside,10
urged,8
vacant,8
valued,8
vans,10
verbs,9
vertebrae,8
vertebrates,8
vertex,8
vibrations,9
villains,8
violated,8
violently,8
visually,8
vocabulary,11
volunteer,13
volunteered,8
wand,11
warrant,14
wash,10
wasps,8
wasted,8
weaken,8
wedge,8
werewolf,9
werewolves,9
wettest,8
wherever,12
wife's,8
witness,15
worshiped,8
worthy,9
aa,10
ac,7
afc,7
amc,7
atp,7
aaron,7
abigail,7
admiralty,7
adolf,7
alba,8
albanian,7
albion,7
alger,7
alma,11
alps,7
alzheimer's,7
amloki,7
amor,9
amos,7
anakin,7
angelo,7
anita,7
anthology,7
aragon,7
archer,8
archibald,7
armored,11
armstrong,7
aryans,7
ashford,7
associates,11
astrid,7
augsburg,7
bsc,8
baalveer,7
bahamas,7
bali,7
balkans,7
ballroom,12
barbie,7
belle,8
bennett,7
beowulf,7
biden,7
bihar,7
bilbo,7
bolivian,7
bon,9
booth,10
boulevard,7
boutsen,7
bowser,7
brad,7
brady,7
brandt,7
bratislava,7
brawl,11
brent,7
brown's,7
browning,8
bryant,7
buddy,10
bukit,7
cbt,7
cpus,7
caleb,7
camden,7
cannes,7
capuchin,11
carlton,7
carnegie,7
casey,7
catherine's,7
centennial,10
chad,7
chao,7
charleston,7
chatham,7
cherokee,7
chevrolet,7
chiba,7
christiania,7
chronicles,12
churchill,7
clarisse,7
clarke,7
claudia,7
co,15
cobalt,9
coco,12
coconut,12
cody,7
cologne,7
congregation,14
consequently,8
conservatoire,8
conwy,7
copenhagen,7
cornwallis,7
courtney,7
crusade,10
curitiba,7
czechoslovakia,7
dalmatian,7
damon,7
darwin's,7
das,13
dash,8
dawson,7
delilah,7
den,14
disney's,7
dodd,7
dolphin,14
dong,7
dumbledore,7
dunn,7
ecuadorian,7
edison,7
eileen,7
elena,7
elvira,7
emerson,7
ethiopian,7
eurasian,7
expressway,8
fk,7
fx,7
farewell,9
fielding,10
fischer,7
fleece,8
foley,7
fuzhou,7
galapagos,7
ganesha,7
garner,7
georgian,7
germania,7
giorgio,7
giotto,7
goblin,8
gomez,7
gould,7
granada,7
greta,7
guerrero,7
guinness,7
guru,12
gus,7
hbo,7
hancock,7
harding,7
hartford,7
hathaway,7
hazara,7
heisenberg,7
henry's,7
hephaestus,7
herman,7
herzegovina,7
highness,8
hornberger,7
hoyt,7
hubert,7
imf,7
iq,7
igor,7
indianapolis,7
indra,7
institut,8
iqbal,7
israel's,7
istanbul,7
itanium,7
jma,7
jaya,7
jeremiah,7
jo,10
johan,7
jong,7
jordan's,7
jorge,7
juno,7
kamchatka,7
kannada,7
kathy,7
kavirondo,7
kendall,7
kepler,7
koly,7
kowloon,7
kramer,7
llc,7
labs,9
lafayette,7
lagos,7
lamb,12
lancaster,7
lantern,9
lastly,8
leakey,7
leicester,7
leiden,7
likewise,11
lin,7
lincoln's,7
lindgren,7
liza,7
ljungberg,7
luna,7
lundstrom,7
macedonian,7
mack,7
madras,7
maiden,11
mammoth,8
manipuri,7
manning,7
manson,7
marco,9
margot,7
marseille,7
marta,7
mata,7
mclaren,7
meadows,8
mecca,7
mia,8
michel,7
michelangelo,7
midland,7
mina,7
minh,7
mongols,7
montenegro,7
moresby,7
nsw,7
nacional,7
nadezhda,7
nam,7
nannini,7
napoleon's,7
nara,10
nationale,12
nemo,7
nepali,7
newton,7
nicholson,7
nikki,7
noah,7
nora,7
nussbaum,7
nutt,7
odessa,7
odo,7
odysseus,7
olaf,7
ozai,7
pa,10
prc,7
pablo,7
pagan,12
palestine,7
parade,14
pascal,7
patriots,7
paula,7
pegasus,7
peggy,7
pelican,8
penn,7
perkins,7
peterborough,7
phantom,14
pilgrims,14
pony,9
potomac,7
providence,8
python,8
quarterly,11
quinn,7
quintanilla,7
rashford,7
ravens,8
registry,9
rhett,7
richards,7
rodgers,7
rommel,7
ronnie,7
rotterdam,7
rouen,7
royale,7
rudd,7
rudolph,7
rus,7
russia's,7
sd,7
sf,8
santander,7
saskatchewan,7
schmidt,7
schultz,7
scientology,7
secondly,10
seminary,11
serenity,7
shakespeare's,7
shannon,7
sharpe,7
shirley,7
shorvori,7
shropshire,7
siberian,7
simmons,7
simons,7
sinai,7
slavs,7
snowy,11
society's,10
sol,9
sonny,7
sophia,7
sprint,11
stanton,7
stirling,7
stravinsky,7
sumerian,7
sungai,7
superman,7
suzuki,7
sweeney,7
tagore,7
taliban,7
tang,9
tanu,7
tasmania,7
tejano,7
tekken,7
teresa,7
thanksgiving,8
thapa,7
thapki,7
theological,9
thomson,7
tigers,14
timberlake,7
tina,7
tipton,7
titus,7
tobias,7
tod,7
toyota,7
trek,9
triassic,7
tulagi,7
tunisia,7
turing,7
turk,7
tyrrell,7
unicode,7
university's,14
uruguay,7
verdi,7
vesta,7
veterans,14
volley,10
wac,7
walsh,7
weimar,7
wesley,7
what's,9
wheatley,7
whitney,7
willem,7
windsor,7
winkelman,7
winston,7
worcestershire,7
wotan,7
xv,7
xiaomi,7
yemen,7
yu,7
yuan,9
zimbabwe,7
abortions,7
accents,8
accessory,7
accommodate,7
accompany,7
accomplished,8
achieving,7
admits,8
adoption,7
advantages,7
affordable,7
aggression,7
airliner,7
airway,7
alert,8
alias,10
alignment,7
alliances,8
alligator,10
allocated,7
altogether,10
amateurs,7
ankle,7
annotated,9
announce,7
announces,7
anonymous,9
antennae,8
antlers,8
apex,7
archaeologist,8
archaeology,12
arcs,7
arguing,7
aromatic,8
arose,7
arterial,7
assumes,7
assuming,8
asylum,10
atria,7
attachment,7
attacker,7
attendant,7
autism,9
averaged,7
averaging,9
backgrounds,7
balcony,7
banner,8
banning,8
bargain,7
baseman,7
batter,8
battleships,7
behaviours,7
betting,8
billionaire,8
biochemistry,7
biographies,7
bombings,7
bordered,7
bored,8
boring,7
bouts,7
brackets,7
branding,8
breathes,7
brigadier,9
brittle,7
brother's,8
bucket,7
bugs,10
bumper,7
bursts,8
bushes,7
businesswoman,7
butter,8
bytecode,7
cadets,8
camped,7
capita,8
cart,11
casino,13
casual,7
categorized,7
cellular,7
ceramics,7
challenging,7
charting,8
chases,7
chasing,7
checkpoint,8
chemists,13
child's,7
cholera,9
chop,8
choreographer,7
choreography,7
circa,7
circulated,7
climax,7
climber,7
coding,7
collaborations,7
colleague,7
collective,8
colonization,10
colouring,7
coma,7
comeback,7
comedies,7
comma,7
commented,7
commitment,7
commodity,7
competes,7
completes,7
concerto,13
conductors,7
confesses,7
confirm,7
conjunction,8
conscience,10
consistently,7
constitute,7
contacted,7
coronavirus,8
correlation,7
cortex,8
creativity,10
cried,8
crowds,9
cruisers,7
currents,7
curtain,8
customary,7
cutter,7
damp,7
dealer,10
debts,7
dedication,7
defences,7
defender,9
defining,7
defunct,7
deleted,7
demonstrate,7
denies,7
denomination,7
densely,7
departed,7
depicts,7
descend,7
desirable,7
desires,7
destroyer,8
detention,10
developmental,9
devotion,8
dining,7
diplomats,7
disadvantage,7
disambiguation,7
disestablished,7
dispersed,7
disrupted,7
distortion,11
dock,13
dolls,11
domes,7
dose,7
doubts,7
drained,7
drastically,7
drift,7
drilled,7
drying,7
earnings,7
ecological,11
efficiently,7
ejected,7
electorate,8
elegant,7
elevator,8
email,7
emails,7
emblem,8
emerge,7
emphasize,7
empires,10
enables,7
encouraging,7
endless,9
enemy's,7
enhanced,10
enlisted,8
equity,9
erect,7
erosion,10
evacuate,7
exceed,7
exchanges,7
expands,7
exploited,7
explorers,8
explosions,7
expresses,7
extending,7
faculties,9
fairs,7
fallacy,7
famously,7
farthest,7
fascinated,7
fatty,7
fifteenth,8
filmmaker,8
financing,9
fisherman,7
fishes,8
floats,9
foolish,8
footprints,7
forgiven,8
formations,8
forts,8
franchises,7
freedoms,7
furious,9
furnace,7
gaining,7
garbage,12
garrison,9
generator,8
gentlemen,10
gently,8
geologic,7
geometric,8
gigantic,7
glow,10
goats,9
gourd,7
governorate,12
grapes,7
grassland,8
grief,7
gross,10
grossed,7
guided,7
guidelines,8
gusts,7
habitats,7
hail,11
halls,9
hallucinations,8
handles,7
hardcore,10
harmed,7
he'd,8
headaches,7
headlines,7
healthcare,10
healthier,7
herb,12
herbs,7
heroic,9
hobby,8
holders,7
hook,11
horsepower,7
hostility,7
hubs,7
hunts,7
hurts,7
hydraulic,8
ideologies,7
ignores,7
imagined,7
immigrant,9
imply,7
import,7
impose,7
inappropriate,7
incredibly,7
indefinite,7
indicator,8
indoors,8
inequality,8
infants,9
infobox,13
informs,7
injected,7
injection,8
innovation,11
insane,9
inscriptions,8
insight,11
insights,9
institutional,7
instructed,7
insufficient,7
insulin,9
intentions,7
interstellar,8
inventing,7
inventory,9
invested,7
isotopes,9
issuing,7
italics,8
jockey,11
judicial,13
justify,7
juveniles,7
keeper,9
keyboards,7
kidneys,7
kilogram,7
kinetic,7
landings,8
landowner,7
laying,7
lbs,7
league's,10
leak,8
learnt,7
lease,8
leased,7
lent,9
licence,10
licenses,7
lied,7
lifestyles,8
lighthouse,8
liner,10
linguistic,9
litter,7
locate,7
lone,12
longtime,7
loops,7
lyricist,7
magma,8
mast,7
masterpiece,7
mausoleum,13
melted,7
melts,7
mentally,7
methane,7
minors,7
missionary,9
mixes,7
moist,7
mold,7
monitoring,10
monsoon,8
morality,8
motherboard,7
mucous,7
mucus,7
myself,10
nectar,7
neglected,7
neighbour,7
neurons,10
nobleman,7
nominal,7
nominees,7
noticeable,7
nutrition,9
obligation,7
observing,8
occupants,7
occupy,8
occurrence,8
oceanic,13
octave,10
oils,7
orbitals,7
organizes,7
other's,7
overhaul,7
overturned,7
overview,13
pads,7
panda,12
parachute,10
parasite,7
park's,9
parliaments,9
parole,7
participant,8
partnerships,7
paternal,7
peasant,8
petroleum,11
pg,8
phosphorus,8
piers,8
piston,7
pitcher,10
playful,7
pockets,8
poisoned,8
policemen,7
polymer,8
possesses,7
postcode,7
posture,7
praying,7
precautions,7
predation,7
predominantly,7
preferences,7
pregnancies,7
presentation,8
preserving,7
pretend,7
primaries,7
profession,9
progresses,7
progressively,7
prohibited,7
prominently,7
pronounce,7
propaganda,10
prophets,8
protesting,7
proves,7
pub,8
purely,7
pursuit,9
quieter,7
raiding,7
rails,8
rainforests,8
reacted,7
realises,7
recall,11
recognises,7
reconstructed,7
recreational,8
recurring,7
recycled,7
reelected,7
reflexes,7
refusing,8
regiments,10
region's,7
registration,9
regulate,8
rejoin,7
relegation,7
relied,7
relieved,7
remarks,8
remnant,7
reruns,7
researched,7
resolve,7
resorts,12
restrict,7
resumed,7
retain,7
retrieve,7
revealing,7
rubbed,7
rushed,7
sacrifices,7
saffron,12
salaries,7
salesman,9
sandwich,10
satisfaction,9
scanned,7
scary,7
scholarships,7
scope,7
sculptors,8
searches,7
sebum,7
seized,7
seizures,8
seldom,7
selecting,7
sensitivity,7
settler,7
sewing,8
shake,12
shaking,7
sharps,7
sheds,7
shepherds,9
silvery,7
simulation,9
sloth,7
slows,7
slugs,7
snail,7
solitary,8
soundtracks,7
soup,9
spaceship,8
spanning,7
spans,7
spark,10
spawned,7
speeding,7
splits,7
squeeze,7
stabbing,7
stack,8
staging,7
stained,8
stake,7
stalk,7
staple,7
starter,8
steadily,7
steals,7
stint,7
strengths,8
stretches,7
student's,7
stuffed,8
subordinate,7
subset,7
suburban,10
sued,7
suicidal,10
suits,7
summoned,7
supplement,11
surveys,9
swallowing,7
swear,7
sweets,8
swelling,8
swinging,8
switching,7
synonym,7
systematic,8
tablet,7
tags,7
tastes,7
taxonomy,7
telecommunications,11
tenor,8
tertiary,8
testify,7
thematic,7
themed,7
therapeutic,9
therapist,7
thesis,8
thief,13
threshold,8
timeline,8
tissues,7
tolerance,8
trades,8
transmit,7
travelers,10
triggered,7
tuition,7
tuning,9
typefaces,8
uncovered,7
unlock,8
unmanned,8
unpleasant,7
unprecedented,7
unrelated,7
unsure,7
updates,7
upgrade,7
upload,7
uploaded,7
upstream,7
upward,7
valves,7
vein,7
vent,7
ventricle,7
ventricles,7
verified,8
verify,7
vertically,7
veteran,7
vicinity,7
victorious,8
vinyl,8
vowels,8
voyage,11
waits,7
waltz,10
waterfalls,8
wavelengths,7
wealthiest,7
weekdays,7
westward,8
wilderness,9
wireless,8
wishing,8
withstand,7
wonders,9
woodland,11
workplace,9
worries,7
yoga,10
zombies,8
adhd,6
asr,6
abbott,6
abby,6
abd,6
abdullah,6
ackerman,6
aerospace,8
albany,6
alexandre,6
allan,6
althing,6
alvarado,6
alvarez,6
amadeus,6
amish,6
anaheim,6
andreas,6
annals,6
antioch,6
anton,6
antwerp,6
apache,6
apostles,8
ark,11
arnulf,6
assisi,6
atchison,6
aubrey,6
augustine,6
austin's,6
austrians,6
ayden,6
bahadur,6
ballad,12
banco,7
barak,6
barbados,6
barnum,6
barracks,7
barron,6
bavarian,6
bean,12
beck,6
becky,6
belgians,6
bennington,6
benton,6
bern,6
berry,8
bert,7
bertrand,6
betamax,6
betsy,6
bibles,6
bir,6
blackmore,6
blaine,6
bop,7
bordeaux,6
borg,6
bosque,6
bowman,6
braille,10
brandon,6
bridget,6
britons,6
bu,7
buck,8
bundestag,6
burke,6
burkina,6
butch,6
buttercup,7
butterworth,6
cdu,6
cta,6
calabria,6
caliph,8
cambrian,6
canberra,6
cardinals,10
carleton,6
carlisle,6
carlo,6
carson's,6
cassius,6
castellanos,6
catholicism,6
challenger,10
chang,6
charlemagne,6
charlie's,6
chell,6
chen,6
citadel,10
clair,6
claudius,6
colossus,6
colt,6
colum,6
commodore,7
concord,6
connor,6
constantine,6
conversely,6
cosmo,6
cosmos,10
court's,11
cowboys,8
cranbourne,6
creole,7
croats,6
cullen,6
cy,7
cyber,8
ddt,6
dmz,6
dos,13
dartmouth,6
dauphin,6
david's,6
derry,6
devil's,7
dexter,6
dickinson,6
diemen's,6
dionysus,6
domingo,7
dominic,6
dreamworks,6
dulce,6
emi,6
er,10
espn,6
eduardo,6
elias,6
ella,6
elliott,6
ellis,6
elves,11
emanuel,6
eminem,6
emmental,6
emmet,6
emperor's,8
ensemble,12
enterprises,10
epsilon,7
ethics,9
eureka,6
everton,6
excellence,9
exodus,6
eyre,6
farmhouse,7
faso,6
fiddler,6
fiji,6
finns,6
flory,7
fra,7
franco,7
freak,6
frenchman,6
fukushima,6
gma,6
ganges,6
garfield,6
gavin,6
geiger,6
germanicus,6
ghana,6
ghosh,6
gibbons,7
gil,6
gilgit,6
gill,8
gillian,6
gilmore,6
gimnasia,6
godzilla,6
goose,11
goya,6
greene,6
guangdong,6
guangzhou,6
gulch,6
gwen,6
hc,6
hp,6
habsburg,6
hague,6
haitian,6
hal,9
hamburger,7
harlem,6
harrington,6
haskell,6
hassan,6
hastings,6
hawkins,6
helene,6
hemingway,6
hertha,6
higgins,6
highlands,10
hillary,6
hiroshima,6
hoffman,6
hogan,6
hokkaido,7
horace,6
houghton,6
hound,8
howell,6
hubble,6
hume,6
humperdinck,6
hurwicz,6
hussain,6
hutu,6
i's,6
ibm,6
ihl,6
ioc,6
impressionist,6
inca,7
incredible,8
indies,6
ine,7
internationale,6
inuit,6
iroh,6
irwin,6
isabela,6
isis,8
isla,7
italia,6
ivy,7
jade,7
jakarta,6
jakob,6
janet,6
jasmine,6
jayne,6
jenner,6
jennings,6
jeopardy,7
jessie,6
johnston,6
jubilee,7
juliet,6
kabul,6
kaine,6
kang,6
kanglatongbi,6
kapoor,6
katie,6
kato,6
kaw,6
kensington,6
kew,6
khalid,6
khao,6
khmer,6
kim's,6
kingston,6
kiwirrkurra,6
klaus,6
knox,6
knut,6
ko,10
kumar,6
laguna,6
lange,6
latvia,6
lau,6
laurel,8
lawson,6
lego,10
leh,6
leigh,6
leopold,6
lester,6
lewicki,6
liberals,10
liberland,6
lilly,6
lindsay,6
linz,6
liv,6
lok,6
lowell,6
lucas,6
lucia,6
mhz,6
mk,7
mla,6
macedonia,6
madagascar,6
madurai,7
mafia,8
mahal,6
maher,6
maltese,6
mamun,6
mandalay,6
manu,6
mare,7
margarita,6
marian,6
mariner,8
matthews,6
maude,6
maxwell,6
mcmahon,6
mcnamara,6
medici,6
mel,7
melissa,6
memoir,10
memoirs,11
mendoza,6
mercy,11
messenger,12
middlesex,6
middleton,6
minardi,6
ming,6
minnie,6
miracle,10
miyagi,6
mohammad,6
mohawk,6
molly,6
mongolian,6
mont,6
monteverdi,6
montreux,6
morison,6
morrell's,6
motherwell,6
muftah,6
munch,6
mustafa,6
myers,6
namibia,6
nanjing,6
narnia,6
nat,6
natasha,6
nate,6
nathaniel,6
navarre,6
nemorino,6
neolithic,7
neverland,6
newfoundland,6
niger,6
nikolai,6
nineveh,6
nirvana,6
nolan,6
norse,6
nottingham,6
nuevo,6
nukem,6
oaks,11
ochs,6
octavian,6
oddworld,6
oilers,6
olivia,6
omega,6
ophelia,6
orchard,10
orton,6
otis,6
pci,6
pacer,6
packers,6
pakhi,6
palma,7
pandora,6
panzer,7
parth,6
patiala,6
pavel,6
penda,6
percival,6
petani,6
petrushka,6
pharaoh,10
phoebe,6
phra,6
phylogeny,10
pia,7
pietro,6
pill,12
pines,9
pitt,6
plata,6
playboy,7
pliny,6
pokemon,6
politburo,6
polk,6
pompey,6
prasad,6
primate,12
ptolemy,6
qatar,6
qin,12
quirk,7
rfc,6
rko,6
rpg,6
ra,8
rabbi,7
radcliffe,6
rai,8
ramesh,6
randall,6
ransom,9
rapture,6
regina,6
reichstag,6
resurrection,8
richard's,6
richardson,6
richter,6
riemann,6
rite,8
roeselare,6
rolli,6
roma,6
roper,6
rosen,6
rudolf,6
rumble,9
rupert,6
rwanda,6
sa,8
sec,6
ssris,6
sabha,6
sachs,6
sahara,6
salle,6
salvation,12
samson,6
samsung,6
sanchez,6
sanctuary,12
sara,7
satine,6
scarborough,6
scarlet,7
schumacher,6
schwartz,6
secretariat,6
sedan,9
sega,6
sejanus,6
senegal,6
sergei,6
seymour,6
shabbat,6
shia,6
shimizu,6
sid,6
sigma,7
slim,8
slinky,6
smiley,10
somali,6
somerset,6
soto,6
southampton,6
spain's,6
spyro,6
squadron,11
stark,8
stephens,6
sterling,7
stitch,7
stratford,6
strauss,6
stroud,6
sultanate,7
sunni,6
sutherland,6
swamp,9
sweden's,6
tnt,6
taeyeon,6
takeo,6
tan,12
tara,6
tehran,6
telegram,11
telegraph,11
thuringia,6
tiffany,6
timnasa,6
titan's,6
travis,6
trenton,6
tsar,10
turbo,8
turkic,6
tuscany,6
udp,6
uk's,6
ukrainians,6
ullrich,6
universidad,6
urawa,6
venezuelan,6
vince,6
viva,8
voyager,6
wacker,6
wagon,10
wat,6
waterford,6
weasley,6
webb,6
webster,6
westwood,6
white's,6
whiting,6
whoever,9
william's,6
willow,7
willy,6
wizard,10
wolfe,6
woody,11
xii,6
xix,6
xerxes,6
yasin,6
ye,7
yerevan,6
yokohama,6
yorker,6
youtuber,6
zelda,6
zhou,6
zuko,6
zulu,6
zurich,6
absorption,6
abusive,6
acceleration,6
accelerators,6
accepting,7
accommodations,8
accumulated,6
acknowledge,6
acne,6
acre,7
activated,7
adaptations,6
adjectives,7
adjoining,6
adopting,6
adverse,7
advertise,6
advise,6
affection,6
affiliate,9
afterward,9
agile,6
aging,7
airborne,6
alleles,6
alternatives,6
alumni,7
ambitious,6
ammonia,6
amphibious,6
anal,6
analyze,6
analyzing,6
animal's,6
animator,6
ankles,6
anonymously,6
ant,6
apartheid,8
aperture,8
apes,10
apologized,6
appoints,6
approaching,6
approximate,6
archipelago,11
area's,6
arrays,8
arrogant,6
artisans,7
ascended,6
asphalt,8
assassinated,6
assign,6
assignment,7
assistants,7
assumption,7
astronaut,10
atheism,6
auditioned,6
authentic,6
author's,9
avenge,6
baby's,6
balalaika,7
bamboo,8
bandwidth,6
bandy,6
banker,6
banking,7
barriers,7
baskets,7
beaks,6
bearer,8
believers,8
bestselling,6
bias,6
billiards,8
blacksmith,7
blame,7
bleed,7
blessed,10
blogs,6
blunt,8
bolt,10
bonded,6
booked,6
boroughs,7
braking,6
breathed,6
bride,9
broadcasts,6
broadly,6
brush,8
brushing,6
bubbles,9
bundle,6
butt,7
buys,6
cactus,7
caffeine,6
calculus,6
calories,6
camouflaged,6
cane,6
canned,7
capability,7
captains,6
carbonate,6
cardinality,6
carnivorous,6
casing,6
casket,8
castes,6
catastrophe,8
cathedrals,8
cathode,7
caudal,6
cello,7
cereal,6
certificates,6
chaired,6
chalk,9
charities,6
charm,9
checking,6
cheerful,6
chloride,7
chlorine,8
choirs,7
chromatography,6
chronological,6
cipher,6
ciphertext,6
cite,6
citing,6
clade,6
classifications,6
classmates,7
classroom,6
clef,6
climates,7
clinics,7
clips,6
clue,9
coats,8
cocktail,6
cocoon,6
coevolutionary,6
collaborated,6
collector,9
collectors,6
collisions,6
columnist,6
communal,6
communicating,7
communism,9
comprise,6
compulsory,6
comuni,6
conceived,6
condoms,6
confinement,7
confront,6
confronts,6
conjugate,6
connectors,6
conquests,7
consistency,6
constitutes,6
constraints,6
consult,6
continually,6
continuity,6
contracted,6
contraction,6
contrasting,6
convection,6
conventional,6
conversations,6
coolest,6
cooperate,6
corpus,8
correspondent,9
courthouse,10
courtyard,6
crabs,9
craps,6
crawl,6
crests,6
criticize,6
cropped,6
crying,8
cryptographic,6
culturally,7
curious,8
curriculum,6
curves,6
cute,6
cylinders,6
cymbals,7
dangers,6
deceased,6
deduced,6
defends,6
definitive,7
delegates,10
deluxe,8
depicting,6
deposition,6
depot,8
designation,6
desk,7
desperate,6
detection,7
detector,7
devotees,7
dial,6
differed,6
digs,6
dip,8
directorial,7
disasters,7
discharged,6
disguised,6
dismiss,6
disqualification,6
disruption,6
distinctly,6
disturbance,6
ditch,6
doctorate,10
donation,9
dormouse,6
drains,6
drier,6
drill,8
droplets,6
dung,6
dynasties,9
earns,6
eastward,6
economical,6
ejaculation,7
elemental,6
eliminate,7
embarrassed,6
emerging,8
encompasses,6
engraved,6
enjoying,7
enjoyment,6
ensembles,6
enslaved,6
entertain,6
entertaining,6
enthusiastic,6
environmentalist,6
epidemic,6
epoch,7
ethanol,8
ethical,6
evaluate,6
evenings,7
evicted,6
ex,8
exaggerated,6
excitement,6
excluded,6
exhaust,6
exited,6
exotic,6
explicitly,6
export,6
expose,6
extract,7
extremes,6
fables,6
faded,7
fangs,6
farmed,6
fashionable,6
fathers,11
fence,6
feral,6
fertilization,6
fibre,6
film's,6
fingernails,6
fiscal,6
fission,6
fleeing,6
flipping,6
flock,7
flourished,6
fluent,6
fluoride,6
foam,6
fonts,6
fool,6
forearm,6
forgets,7
forgetting,6
fragile,6
frescoes,6
frontier,11
fulfilling,6
functionality,6
functioned,6
fungus,6
fuse,7
gambling,7
garages,6
gardeners,7
garments,7
geese,6
gel,7
generalized,6
generating,6
glacier,11
glaciers,6
glide,8
glued,6
grabbed,6
graveyard,9
graze,6
grazing,6
greatness,6
greet,6
greeting,6
grooming,6
groove,9
grouping,6
guarded,6
guilt,7
gums,7
gunman,6
gunner,8
hairy,6
hamster,7
handsome,8
hardness,6
harmonic,6
harp,9
harvesting,6
haven't,6
hazards,6
header,6
hedge,7
heels,6
heiress,6
hijackers,6
hillside,6
hiragana,7
hires,6
hiring,6
hooves,8
horned,8
hospitality,8
hotspots,6
hotter,7
hut,9
hymn,10
hypothetical,6
itunes,6
icebergs,6
ideals,7
identifying,9
ignore,6
imitation,6
immense,6
impacts,9
implied,6
imposed,6
inability,6
incumbent,6
induced,6
inert,6
inexpensive,8
infamous,6
inflation,9
inflicted,6
inhabit,6
initials,6
initiatives,6
innocence,7
inscribed,6
insists,6
inspection,7
inspire,7
insults,6
interfaces,8
interfered,6
interfering,6
interim,6
internment,6
investigative,6
investments,10
investor,6
invitation,7
ionization,8
irritating,6
isotopic,6
jeans,6
jellyfish,7
jewels,7
journeys,8
karate,8
keen,6
kidnap,7
kilometer,7
kimono,6
kindergarten,8
kindness,7
lacks,8
landmarks,7
landmass,6
launching,7
lawn,11
learners,7
lifeboats,7
lightly,7
liquor,6
lobsters,9
logarithmic,6
lovely,7
lump,7
maid,10
mammal,7
maneuver,7
manipulate,6
manned,8
marching,6
markers,6
matching,6
mayoral,6
metaphor,6
meteor,9
microscopic,6
millennium,9
millimetres,6
minimize,6
miracles,9
misleading,6
missionaries,6
mites,6
modeled,6
modest,6
modification,6
modifications,6
modular,9
mortar,6
mosaic,6
mosquito,7
motivation,6
museum's,7
musicals,6
mutually,6
nail,9
nationalities,7
nationally,6
needing,6
negotiated,6
nephews,6
neural,7
newts,7
nightclub,7
nitrate,7
noisy,8
nostrils,6
noticing,6
noting,6
numbering,6
nuts,9
occupying,6
octopus,8
offender,7
offerings,7
opium,9
optimistic,6
organist,7
organizers,6
ornamental,6
ought,6
ourselves,6
outermost,6
outlets,6
overlooked,6
overs,7
overwhelming,6
pace,10
packaged,6
padding,6
painters,8
pancake,6
partitions,6
pawns,7
pearls,7
pedestrian,7
pelvic,6
pending,6
penetration,6
perch,6
perpendicular,6
petition,6
photographic,7
photon,7
phyla,6
picturesque,6
pier,9
piloted,6
pitched,6
planetarium,6
planting,6
pleasing,6
pledge,7
polyhedra,6
polymers,7
pork,7
pornography,6
portals,6
portray,6
positioned,6
possessions,6
postal,10
postcodes,7
posted,6
posthumous,7
potentially,6
pots,7
pouch,6
pour,7
powdered,6
practitioners,7
preached,6
preaching,6
preceding,6
precisely,6
premium,7
presenters,6
presided,6
pressing,6
pretended,6
princely,7
procession,7
projected,6
projection,6
prompted,8
propose,6
proposes,6
prosecuted,6
prosecutor,7
prostitute,7
protested,6
provision,6
provisional,11
pseudonym,6
psychiatrist,6
psychic,6
publicist,6
publishes,6
pulse,11
pumps,6
punishing,6
pup,8
purchases,7
quantitative,8
quarks,7
quarterfinals,8
queue,7
quotes,9
radar,7
rage,11
raided,6
rat,9
readily,6
realise,6
reasonably,6
rebellious,7
recipes,9
recognizes,6
recommendations,6
rector,8
refined,6
refrain,6
refuge,10
regain,6
regard,6
regards,7
regeneration,6
reinforcements,6
rendered,6
renewable,6
repetitive,6
replication,6
replies,6
rescues,6
reservation,9
residences,7
residing,6
responds,6
retains,6
retina,8
retreating,7
revered,6
revisions,6
ribs,6
richness,6
ridden,6
righteous,8
ripped,6
rivet,6
robbery,8
robust,6
rumours,6
rushes,6
sac,7
sack,7
sadness,6
safeguard,6
sails,6
salads,6
samurai,10
satisfy,6
saxophone,7
scan,6
scanning,7
scent,6
schizophrenia,7
schooling,6
scorers,6
scrap,7
scream,10
scuba,6
seaside,6
seawater,6
sedimentary,6
sediments,6
segregated,6
seller,8
semiconductor,7
sesame,9
setup,6
seventy,9
sewer,6
sexes,8
shafts,6
shame,10
shareholder,6
sheer,6
shining,8
shipwreck,7
shores,8
shotgun,7
shrub,6
sided,6
sidekick,6
sideline,6
sighting,7
sights,6
silly,6
similarity,6
skeletal,6
skirt,6
sleeves,6
slices,6
slides,7
slips,6
sloping,6
smartphone,6
smells,6
snack,6
socially,6
socket,6
soda,6
softer,6
somatic,7
spa,11
spawn,6
specialization,6
specify,6
spectator,7
spectral,6
spelt,6
spicy,6
spikes,7
spill,7
spine,6
splicing,6
spokesman,8
sponsorship,6
spontaneously,6
spores,6
spray,8
stalled,6
stamped,6
starving,8
statesman,6
stimuli,6
strained,6
stranger,8
strata,7
stunt,6
stylized,6
subjected,6
submit,6
subscription,6
subtle,6
subtract,6
successive,7
summarized,7
summits,6
summons,6
supermarket,8
supernatural,7
supervision,6
surf,7
surgeons,6
surgical,8
surprisingly,11
surround,8
suspects,7
sustainability,10
symptom,6
synagogue,9
syndicated,6
synonymous,6
tagged,6
talents,6
tattoo,6
taxi,11
teamwork,7
technician,8
technological,8
tehsil,10
tempore,6
tents,6
terminology,6
terrorism,8
testicles,7
th,8
thank,11
theirs,6
thinkers,8
thirst,6
thrust,7
til,6
timer,8
tolerant,6
torpedoes,6
torso,6
totaled,6
townships,8
traced,6
trafficking,7
trainer,7
tram,7
transcribed,6
transferring,6
transforms,6
translate,6
translators,9
transplantation,6
transported,6
transporting,6
traumatic,6
treacherous,6
treats,6
tricked,6
trim,6
truffles,6
trusts,6
tuned,6
tutor,6
twist,10
ultraviolet,7
umbrella,7
unchanged,6
unconstitutional,6
unemployed,6
uneven,7
unfairly,6
uninhabited,6
unlucky,6
unsuccessfully,6
urinary,6
utensils,6
vaccines,8
vapor,6
vigorous,6
vine,6
viper,8
virtues,6
vitamins,6
vivid,6
volt,7
wage,6
waggle,6
wasp,7
watershed,6
watts,11
wearer,6
weasel,8
weld,6
westerns,7
wholly,7
wicket,10
wickets,6
willingly,6
witches,8
workshops,7
woven,6
wrap,6
wrist,6
yeast,7
yellowish,6
aaa,5
ab,9
acm,5
ag,5
abel,5
adobe,7
advent,7
advisory,9
aguascalientes,5
ahmadiyya,5
aida,5
ain,5
ain't,7
akbar,5
alana,5
albrecht,5
alcatraz,5
alden,5
aldrich,5
alexa,5
alicia,5
alvin,5
alyssa,5
andrei,5
annales,5
appalachian,5
apple's,5
ararat,5
aras,6
armagh,5
arnold's,5
ashok,5
asiatic,5
asperger,5
association's,5
auburn,5
austrias,5
ave,7
avengers,5
azerbaijani,5
aztecs,5
bafta,5
bagh,5
baghdad,5
bahoruco,5
ballarat,5
ballmer,5
banana,10
banda,5
bangla,5
bani,5
bara,5
barack,5
barangay,8
barber,7
barlow,5
basie,5
basnet,5
baugh,5
bautista,5
beatrice,5
bedoya,5
beecham,5
bella's,5
benny,5
bernhard,5
beverly,5
bihaan,5
billie,5
bishop's,9
bjelland,5
blue's,5
blum,5
bobo,5
boca,5
boer,5
bohr,5
bolivia,5
bollywood,5
bologna,5
borneo,5
bowie,5
brahms,5
brandenburg,5
bree,5
bremerhaven,5
bridgestone,5
briefing,6
brock,5
brooke,5
browne,5
brunswick,5
buddha's,5
buddhists,5
bulgakov,5
bundesrat,5
burnham,5
buster,8
butters,5
byrd,5
cbd,5
cc,5
cdc,5
cev,5
cnn,5
cocps,5
cpc,5
csf,5
cadillac,5
camel,9
camille,5
canaan,5
candy's,5
canon,11
cantonese,5
carboniferous,5
carr,5
cary,5
cass,5
castillo,5
catala,5
cavendish,5
cayce,5
cebu,5
cedar,5
celeste,5
celia,5
cerezo,5
ceylon,5
chalukyas,5
chandra,5
cheadle,5
cheshire,5
ching,5
cholas,5
cibao,5
cindy,5
ciudad,5
clank,5
claus,5
clayton,5
clearwater,5
clement,5
clemente,5
clifton,5
clive,5
cobb,5
coenwulf,5
colbert,5
como,5
conseil,5
consortium,6
constabulary,7
constance,5
corey,5
corvette,5
cosworth,5
courbet,5
crescent,10
cressman,5
crimea,5
crocker,5
croft,5
crosby,5
croydon,5
crusaders,8
crusades,6
cubs,10
curling,10
currie,5
cuthbert,5
cyril,5
dhx,5
daleks,5
dalton,5
dar,5
davison,5
daytona,5
deborah,5
deccan,5
def,5
deira,5
delmonico's,5
denise,5
derrick,5
desmond,5
devils,8
devonport,5
diddley,5
dido,5
dimitri,5
dinosauria,6
dio,8
directorate,6
djinn,6
doctor's,7
dolores,5
dominion,8
doncaster,5
doria,5
dorus,5
doubleday,5
dove,6
dracula,5
drosophila,5
duccio,5
dundee,5
dunlop,5
dutchman,5
eps,6
exo,5
eaters,5
einsatzgruppen,5
einstein's,5
ek,6
eldridge,5
elinor,5
elvis,5
emerald,7
emir,5
emirates,6
enfield,5
enma,5
enrique,5
eragon,5
essex,5
ethernet,5
ethiopians,5
eurasia,5
europa,5
evangelical,5
expo,6
fcs,5
fis,5
fairfax,5
falstaff,5
fantastic,10
fascism,6
fay,5
fellows,6
fenty,5
fern,7
ferrari,5
fi,5
finland's,5
finlay,5
firstly,9
fitzgerald,6
florida's,5
flyers,5
fontaine,5
fork,6
forrester,5
fowler,5
francesca,5
frankenstein,5
freeway,6
friar,6
fu,8
gru,5
gabon,5
galerius,5
galileo,5
gault,5
gein,5
general's,7
geoff,5
geophysical,9
george's,5
gera,5
gerry,5
gert,5
gertrude,5
ghazni,5
ghent,5
gibraltar,5
gillespie,5
gilmour,5
gin,5
gladstone,5
glitter,6
goicoechea,5
gollum,6
gondwana,5
goodman,5
gou,5
gran,6
grandmaster,8
greens,9
grenville,5
grimaldi,5
grito,5
guildhall,5
guilford,5
gujarati,5
hadley,5
hai,6
hakoah,5
hallam,5
hamid,5
hampton,5
hank,5
harley,5
harrow,6
hashim,5
hatfield,5
hawaiians,5
hawker,5
hayashi,5
hearst,5
heidelberg,5
hesse,5
hindustan,5
hispaniola,5
hitachi,5
hoboken,5
holt,5
homosexuality,10
honduras,5
horton,5
howland,5
huang,5
huxley,5
hyderabad,5
hz,5
ipc,5
ipcc,5
ida,6
indochina,5
innsbruck,5
inspector,10
inter,7
interpol,5
iommi,5
ironically,8
islander,5
isles,6
isolde,5
ithaca,5
jaguar,5
jamestown,5
janata,5
jane's,5
jasmin,5
jeju,5
jena,5
jenny,6
jericho,5
jew,5
jiang,5
jonah,5
jordi,5
josef,5
josephine,5
joss,5
julien,5
jumbo's,5
jumma,5
jun,6
jupiter's,5
justices,8
kakashi,5
kamakura,5
kanak,5
kaori,5
kashima,5
katara,5
katerina,5
katrina,5
kaye,5
kazhagam,5
kellner,5
kemp,5
kendra,5
khan's,6
ki,7
kiev,5
kimura,5
kirkman,5
knuckles,7
kobe,5
koya,5
kreis,5
krishna,5
kurdistan,5
kylie,5
kyrgyz,5
lacrosse,9
lancashire,5
landau,5
langston,5
laozi,5
lea,5
leah,5
lebanese,5
leningrad,5
leopard,9
lepidoptera,5
leroy,7
levy,7
lili,5
lilo,5
linden,5
linnean,5
liz,5
ljungby,5
locle,5
lorentz,5
lori,5
lough,5
louisville,5
lucerne,5
lupin,5
lutheran,5
luzon,5
lviv,5
lyon,5
mgm,5
mn,5
mw,5
macarthur,6
mackenzie,6
madgulkar,5
magar,5
majesty,5
makuta,5
malay,5
malaya,5
manet,5
manfred,5
manic,6
mann,5
mao,5
maratha,5
marathon,10
marconi,7
marlowe,5
marquess,5
marsden,5
martinez,5
marx,5
matanikau,5
matoran,5
matthias,5
mau,6
maud,5
mauritius,5
mayday,5
mcclellan,5
mcfarland,6
meetei,5
mega,7
meitei,5
meridian,10
mesa,5
mesozoic,5
messiaen,5
metacritic,5
microsoft's,5
milestone,10
milky,8
mishima,5
miyako,5
moab,5
mojo,5
molina,5
mona,5
mongol,5
montmartre,5
morrell,5
morton,5
mozilla,5
mueller,5
mugen,5
museo,5
myanmar,5
mysore,5
mysterio,5
nato,5
ndp,5
ngc,5
nh,5
nl,5
noaa,5
norad,5
nairobi,5
nakamura,5
nana,5
naomi,5
napoleonic,5
nassau,5
nathan,5
nawab,5
neanderthal,5
nero's,5
nevis,5
newcomer,5
nguyen,5
niigata,5
nintendo's,5
nitro,7
nonetheless,6
o'donnell,5
o'malley,5
oceania,5
olympian,5
oneplus,6
op,5
oracle,5
orlando,5
oro,5
osbourne,5
overland,6
owl,9
pga,5
pkk,5
plo,6
psp,5
paddington,5
palatine,7
palazzo,5
panchayat,7
panthers,5
paolo,5
parisian,5
parr,5
parsons,5
pas,6
patriotic,7
patterson,5
pauline,5
peach,8
peacock,6
peg,8
peisley,5
pentecostal,5
phoenicians,5
piccadilly,5
piedmont,5
pitchfork,5
plum,5
pohjola,5
pontiac,5
pontifical,5
popeye,5
prescott,5
presley,5
primera,5
priscilla,5
prokofiev,5
punta,5
qantas,5
qazi,5
quaternary,5
quito,5
rca,5
riaa,5
rpm,8
radames,5
raiders,10
raina,5
rana,6
randolph,5
rao,5
rapunzel,5
rattle,6
ravel,5
ravi,5
reagan's,5
regent,10
reggio,5
regis,5
renewal,9
rhode,5
ripley,5
rishi,5
riverside,5
robertson,5
roblox,5
roland,5
rollo,5
romanesque,5
rosario,5
rosemary,5
rosie,5
rosina,5
rothschild,5
rt,8
rubin,5
russes,5
russo,5
sbs,5
sca,5
siam,5
ssr,5
saddam's,5
sadie,5
sahitya,5
sai,8
sappho's,5
saturn's,5
saunders,5
schubert,5
seth,5
seward,5
shan,5
shang,5
shawnee,5
shelley,5
sher,5
shine,9
shinto,5
sickles,5
sidi,5
silverstone,5
sinn,5
sith,5
skillet,6
slovenia,5
sly,7
snape,5
snipers,8
sonata,10
southerners,6
spalato,5
sparks,6
sparrow,8
spartans,5
spence,5
spice,10
springer,5
spurs,6
stakes,7
stallone,5
stanley's,5
steinitz,5
stevenage,5
stonehenge,5
stuart's,5
sturm,5
suisse,5
suite,8
sunny,10
suresh,5
survivor,10
surya,5
sussex,5
suwon,5
sven,5
syed,5
sylvanian,5
synod,9
syrians,5
tlc,5
tv's,5
tvs,5
tammy,5
tanzania,5
tasmanian,5
tatar,5
tay,5
templars,5
thatcher,5
thorpe,5
thunderbolt,6
tiberius,5
tillamook,5
tiryns,5
tohoku,5
tokugawa,5
toledo,5
tori,5
toro,5
toussaint,5
transactions,8
treehouse,7
trent,5
trojans,6
truro,5
trustees,10
tunis,5
turkmenistan,5
tuskegee,5
tweed,6
ucla,5
uhf,5
uchiha,5
ulysses,5
umbria,5
universiade,5
urraco,5
ursula,5
usher,6
utrecht,5
vhs,5
vader,5
valencia,5
valerie,5
varus,5
vasari,5
vaughan,5
vault,9
vauxhall,5
vedic,5
vega,5
vicente,5
vincenzo,5
vipers,9
vorarlberg,5
vyankatesh,5
wha,5
wanda,5
waterloo,5
watford,5
welk,5
wembley,5
whig,5
whitman,5
whittaker,5
wien,5
wiki,8
wikidata,5
wildcats,7
wilis,5
wilkinson,5
williamstown,5
wills,6
wimbledon,5
wolfram,5
wonderland,6
wuhan,5
xl,5
xor,5
xp,5
xvi,5
xi'an,5
yamamoto,5
yamato,5
yankees,5
yarmouth,5
yi,5
yoko,5
yonsei,5
york's,5
yuki,6
yunus,5
zafar,5
zambia,5
zanzibar,5
zen,5
zhu,5
zoology,6
zork,5
abducted,5
absinthe,6
absorbing,5
absurd,6
abundance,5
accelerator,5
accomplishments,5
accordingly,9
acidic,5
acquitted,5
acronym,5
activism,8
addict,5
administrators,6
admitting,5
adolescent,6
adolescents,5
ads,5
adultery,5
advert,5
advises,5
advocacy,6
afterlife,5
aftermath,8
aided,5
algebraic,5
alter,6
altering,5
alters,5
alto,7
ambition,6
amounted,5
analogy,5
analysts,5
analyzed,5
anchored,5
announcements,5
annoying,5
answering,7
anthropologist,6
anticipated,5
antimony,7
antivirus,6
anus,5
anxious,6
anytime,5
aorta,5
appealing,5
applicable,5
appoint,6
aquarium,9
arbitrary,5
arenas,7
arisen,5
arising,6
aroused,5
arsenic,9
arthritis,6
artificially,5
ass,5
assess,6
assimilated,5
asymmetric,6
atmospheric,8
atoll,9
attained,5
attic,7
auditions,5
auditorium,7
auditory,5
averages,6
awaken,5
ax,6
backyard,6
bald,7
banished,5
banquet,6
barium,8
basilicas,7
batted,5
bays,5
beads,5
bedroom,5
beginners,5
behaved,5
benign,7
betrayal,5
billed,5
billiard,6
bind,5
binoculars,5
biologist,5
biologists,6
bipolar,5
biting,5
blew,5
bloodiest,5
blueprint,5
boiled,5
bonsai,5
borne,5
bother,7
bout,5
bowls,5
boycott,8
braces,5
brake,6
branded,5
bravely,5
breaststroke,5
briefcase,5
brownish,5
bug,7
burden,5
burrowing,5
bycatch,5
cabaret,5
cabbage,5
cabins,6
cameo,5
canals,5
candles,7
candy,9
cans,5
capsule,6
carnivores,5
carving,6
casts,5
catalogue,5
caterpillar,6
caterpillars,6
caution,5
ceasefire,5
cement,5
cent,8
centralized,5
ceramic,7
certifications,5
chairperson,8
chaotic,5
cheeks,5
cheeses,5
chicks,5
chin,7
chopped,6
choral,5
chords,6
choreographed,5
cider,6
clamp,6
clash,6
clergy,5
clot,5
clump,5
coasters,5
coating,5
cognition,5
coils,5
coincidence,5
collide,8
colon,5
coloring,5
commissioners,9
commits,5
committing,5
compassion,5
compensate,5
competent,5
competitor,5
complaint,5
comply,5
comune,6
concave,5
concertos,5
conform,5
confuse,5
conjecture,5
constituents,6
contacts,5
continuation,5
contradiction,5
contrary,6
contrasted,5
contributors,6
convex,5
coordination,7
corpses,5
correlated,5
corresponds,5
corrupted,5
counselor,5
coupe,6
cowboy,8
crab,5
creed,7
cricketer,5
criticisms,5
crows,5
crucified,5
crude,5
cubes,7
curb,6
currencies,5
datagram,6
decks,5
declines,5
declining,5
deed,5
defect,5
defective,5
dehydration,5
delegate,6
delicious,5
delight,7
demos,5
denounced,5
denser,5
dentistry,5
depart,5
deployed,5
descendant,5
descriptive,5
deserving,5
despair,6
detached,5
devastating,5
diagnose,5
diagonal,6
diagrams,6
dictated,5
digestion,6
diode,5
diploid,5
directive,8
directs,5
discarded,5
discrete,7
discriminated,5
disguises,6
dispatched,5
distinguishes,5
distrust,5
disturbed,6
divergence,5
dividing,8
doctoral,7
documentaries,6
domination,5
doses,5
doubling,5
downstairs,7
downwards,5
dragging,5
draining,5
drumming,6
dump,6
duplicate,5
dwarfs,5
eccentric,5
edict,6
elders,9
electrified,5
electrodes,5
elects,5
eliminating,6
elimination,8
elongated,5
embraced,5
embryo,5
emphasizes,5
enable,5
endemic,5
endurance,7
engaging,6
engraving,7
enlightenment,9
enrollment,5
ensuring,5
entities,5
epidermis,5
equestrian,7
eras,5
erection,5
escort,8
eternity,8
ethic,5
evaporates,5
everyone's,5
exclusion,5
excuse,6
executives,5
exhaustion,6
exiting,5
expectancy,5
expectation,5
expeditions,5
expel,5
expense,5
experimentation,5
experimented,5
exploit,5
exported,5
exposing,5
extant,6
exterior,5
extraction,6
extras,6
eyelids,5
facade,5
facelift,5
factions,5
falsely,5
famine,7
fancy,6
fare,5
farmland,5
fascist,9
faulty,6
favoured,5
fermions,7
ferns,5
fetch,5
fierce,8
figured,5
fingerboard,5
fireworks,5
firmly,5
flakes,5
flammable,5
flare,5
flaws,5
fleshy,5
focal,5
folding,5
fond,5
forcibly,6
fore,8
forelimbs,5
foreskin,5
forested,5
fortresses,5
fourteenth,9
francs,6
fraternity,8
friendships,5
frightening,5
frontline,6
frying,5
fulfill,5
fundraising,5
furry,6
gadgets,5
gall,6
gametophyte,5
gardening,5
gathers,5
generous,5
genomes,5
germ,5
germs,5
gesture,5
gestures,5
gig,5
ginger,8
glacial,6
gland,5
gliding,5
glove,6
goaltender,5
goblet,5
gorilla,6
grabbing,5
granite,9
graphite,7
grille,5
grooves,5
guesses,5
gunners,5
habutae,5
halo,7
hammers,6
harness,5
haunted,9
hay,8
hazard,6
headstone,5
heartbroken,5
heats,5
helm,5
helmets,5
helpers,5
herbal,6
herring,6
hexadecimal,6
highland,9
hiking,5
hints,5
hippocampus,5
histories,7
hobbies,5
homestead,6
hooks,6
imitating,5
immortality,7
impacted,5
impartial,5
impractical,5
impress,6
imprint,6
improves,5
impurities,5
inaugural,6
incarnation,6
incentive,5
incidents,6
inclusion,6
incompatible,5
incorporation,5
inference,6
infertile,5
infinity,8
initiated,5
injunction,5
innovations,5
inspiring,6
installations,5
instinct,6
intensive,6
interacts,5
interracial,5
interrupted,6
interviewed,5
invasive,5
inverse,6
inward,5
irritation,5
islets,6
isolate,5
isomers,5
itch,6
jackets,5
jailed,5
jointly,5
juicy,5
justified,5
ketamine,6
kidnaps,5
killers,6
kilometre,5
kms,7
labelled,5
lamps,5
landslides,6
latency,5
laughed,5
laughing,8
launches,5
lavender,7
lawful,5
leaks,5
learner,5
liberated,7
lice,5
licensing,5
lid,5
lifts,5
lightweight,6
lilies,7
limiting,6
listened,5
listener,5
listens,5
literal,5
literate,5
liturgy,5
livestock,5
lobby,5
loft,6
logging,6
lounge,6
lowland,7
lowlands,6
lucid,5
lumber,6
lyrical,5
mrna,5
mackerel,5
magpies,7
majors,6
mamba,5
mammalian,5
mandate,6
mapping,5
margins,5
marker,5
mascots,5
massacred,5
medalist,5
meiosis,5
melodies,5
memorials,5
mere,5
metabolism,5
meth,6
micro,9
microwave,5
middleweight,6
midfield,5
migrants,5
milder,5
militant,6
mime,6
mirrored,5
misses,5
mist,6
mixer,5
mixtures,5
mobility,7
modernization,6
modesty,5
modify,5
module,9
monographs,6
morals,5
morphemes,5
mosquitoes,5
motions,5
motorways,6
mould,5
movable,6
murdering,5
musk,8
musket,5
mussels,5
mutants,7
nap,5
network's,7
neutrinos,5
newborn,6
nipple,5
noir,6
norms,5
notebooks,5
nowhere,8
numeral,5
nurses,8
nutritional,5
oars,5
objections,5
obscure,5
observational,7
occurrences,5
och,5
offense,5
offenses,5
offshore,6
offside,5
olive,9
omitted,5
onward,5
openings,5
oratorios,5
orphans,5
outcomes,5
outfit,5
outgoing,5
outlawed,5
outline,5
outward,5
overcame,5
overlapping,5
oversee,5
overthrown,5
overtime,5
oxidation,5
oxides,5
packaging,5
pad,6
padded,5
paddle,6
pageant,6
pamphlet,5
pancakes,6
papal,8
paradox,5
parishes,5
pastoral,6
patented,5
patents,5
pathway,5
patience,6
peacetime,5
peaking,5
peasants,6
pectoral,5
pedals,5
peddler,5
pens,6
pensions,8
perfume,5
perimeter,5
peripheral,6
permits,5
perspectives,9
phased,5
phonetic,5
phonology,7
photoelectric,6
photons,5
phylum,5
physicians,6
physiological,5
pianists,5
piccolo,6
picnic,7
pigeon,5
pigments,5
pillar,8
pinfall,5
pinning,6
pious,5
pipeline,7
pitchers,6
pixels,5
plaque,7
pleading,5
pleasant,5
plentiful,5
plugs,5
podium,5
polarization,5
poorest,5
poppy,8
porous,5
porridge,6
posed,5
posing,5
posse,6
postseason,5
pound,8
practically,5
practised,5
praising,5
pre,5
predecessors,5
predicate,5
prelude,7
preseason,5
pressured,5
prevention,6
principality,6
privileges,5
proclamation,6
prolific,5
prom,8
prominence,5
promotions,8
promptly,5
proofs,5
prop,6
propeller,5
proportions,5
propulsion,5
provisions,5
publics,5
pubs,6
pulses,5
punched,7
punctuation,5
punishable,5
purchasing,6
purified,5
query,6
quests,5
quotations,6
quote,6
racers,6
railroads,5
raps,5
reacting,5
readability,6
realizing,9
reappears,5
rebelled,5
reborn,6
recalls,6
receivers,5
recipients,6
recommend,5
rectangle,5
redevelopment,5
reefs,5
referenced,5
regret,6
rehearsed,5
reinforcement,5
reinforcing,6
rejecting,5
rejection,5
relevance,6
reliably,5
relics,6
relieve,5
rematch,5
remembering,8
remind,5
remixes,6
rendering,5
renovation,6
renovations,5
repairing,5
repel,5
repetition,5
representations,5
repression,5
reprint,6
reprise,6
reproducing,5
reproductions,5
reptile,7
republished,5
resembling,5
reservations,7
reservoirs,5
resisted,5
restart,5
retaining,5
reunite,5
reunites,5
revenues,5
reverses,5
reviewers,6
revolts,5
revolved,5
rhyming,5
rhythms,6
ridiculous,5
robe,5
rounding,6
royalty,7
runways,5
rupee,5
rupees,6
sacs,5
saddle,6
sailboat,6
salad,5
saliva,6
salts,5
sapiens,6
satire,5
sauropod,5
savings,5
scaffolding,7
scanner,6
schema,6
scholarly,5
schoolchildren,6
schoolteacher,5
scrapped,5
scratched,5
screw,6
sculpted,5
scurvy,5
seaport,6
selfish,5
sender,5
sensible,6
sensing,6
sensor,6
separating,5
serialized,5
shade,7
shaheen,6
shareholders,5
sharper,5
shattered,6
shave,6
shellfish,5
sheltered,5
shirts,6
shout,5
shutter,5
sibling,5
sightings,5
signatures,6
silicone,5
silt,5
simplify,6
sinks,5
skate,8
skiers,8
skies,7
skis,5
slab,5
slate,5
sled,5
sledge,6
slippery,6
slogans,7
smiling,6
smoother,5
smuggling,5
snowfall,6
socialism,6
solder,5
solidified,5
soloist,6
sonnets,5
spacetime,5
spades,6
sparrows,9
spatial,8
spear,5
spectroscopy,5
speculated,5
speculation,5
spokes,5
sporadic,5
sportspeople,5
squeezed,5
squid,7
stale,5
stall,5
stamp,6
statehood,5
stationed,5
stellar,6
stemmed,5
stereo,5
stiffness,5
stimulation,5
storey,6
stork,7
stormy,7
strands,5
stray,6
streaks,5
stunned,5
stunts,5
styling,5
sub,7
subdivisions,5
subscribed,5
substitutes,5
substitution,6
subtraction,6
succeeding,5
succeeds,5
successors,5
suffrage,6
sugars,6
sugary,5
superheroes,6
superiority,5
supposedly,5
surely,6
surveyed,5
swallowed,5
swap,5
swell,7
symbolized,5
sympathy,5
symphonies,5
systole,5
tab,7
tackle,6
tactical,6
tame,5
tandem,7
tango,7
tap,7
tapped,5
targeted,5
tasting,5
tattoos,5
tectonic,5
temperament,5
tempo,6
tense,6
terrace,7
theologian,6
thermometer,5
theropod,6
theropods,5
they'll,6
thighs,5
threads,7
thrive,5
thunderstorms,6
tick,5
tidal,9
tides,8
tiers,5
tile,5
tofu,6
tolerate,5
tomato,8
tomorrow,8
tonal,6
torch,7
townspeople,5
tracked,6
tragedies,5
trainee,5
traitor,5
trance,5
transfers,5
transformations,6
transports,6
transverse,6
trapping,5
tremendous,5
trenches,5
tri,6
tripled,5
trolley,6
trombone,5
troopers,5
troupe,8
trout,7
truths,5
turbines,5
turnout,5
twigs,5
twisted,7
twisting,5
typed,5
uncomfortable,5
undergoing,5
undertaken,5
undulating,5
unhappiness,5
unhealthy,5
unitary,6
universe's,5
unlocked,5
unnecessary,6
unsuitable,5
unto,5
unwanted,5
vanished,5
vapour,5
vases,5
vents,5
ventures,7
verdict,5
vicious,6
violation,5
violins,6
virtue,8
visa,7
viscosity,5
visibility,6
voicing,5
volatile,5
vows,6
vulnerability,8
vulture,5
wagons,5
walkway,5
walled,6
wallpaper,6
warehouses,5
warmest,6
warp,7
water's,5
weasels,5
webarchive,5
webbing,5
weeds,5
weighted,6
weird,6
westernmost,5
widest,5
wildebeest,5
willingness,5
winding,5
wiring,5
wizards,7
woke,5
wrapping,5
wreckage,6
wrecked,5
wrongly,5
yarn,7
aig,4
amd,4
aol,4
ap,6
api,5
asl,4
aarau,4
abramoff,4
addis,4
adele,4
adjutant,5
adolfo,4
adrian,4
aether,5
afrikaner,4
airforce,4
airman,4
ajax,5
akalla,4
akatsuki,4
alain,4
alamein,4
alamitos,4
alamo,4
alaskan,4
albatrosses,5
alberich,4
aldeburgh,4
aldwych,4
alessandro,4
alexis,4
alfred's,4
algeria,4
algol,6
alison,4
amar,4
amarok,4
ambrose,4
amherst,4
amma,4
ammons,4
amneris,4
amritsar,4
anatolia,4
anchiornis,4
andean,4
andersson,4
ando,4
andorra,4
andrews,4
andrey,4
andromeda,5
anduin,4
andy's,4
angevin,4
angola,4
angus,4
antoine,4
antonia,4
antoninus,4
anzio,4
ao,8
aola,4
apostle,5
aquila,5
archaic,7
ares,4
aretino,4
argentina's,4
armando,4
arminius,4
arras,4
arriva,4
aryan,4
asher,4
ashton,4
asians,4
aslan,4
asser,4
assyrians,4
asturias,4
asuka,4
athabaskan,4
athanasius,4
athenian,4
atticus,4
audi,4
auditor,4
audrey,4
aur,4
aurich,4
aurora,5
avenger,4
avignon,4
awash,4
axel,4
aziz,4
bipm,4
br,4
bsa,4
babur,4
babylonian,4
bach's,4
bahia,4
balkan,4
balliol,4
bandaranaike,4
banjo,5
bannockburn,4
barbera,4
barbican,4
barker,4
barkha,4
baroness,5
bartholomew,4
bartlett,4
barty,4
basseterre,4
basu,4
batman's,4
bayeux,4
bayreuth,4
bazaar,7
beaumont,4
beaverton,4
becker,4
beckett,4
bede,4
beebe,4
belleville,4
benito,4
bentley,4
bergamo,4
bernicia,4
bernini,4
bharatpur,4
bigfoot,4
bight,4
bijua,4
bing,5
biodiversity,6
blackpool,4
blas,4
blazers,4
bligh,4
blink,7
bloc,6
bluegrass,5
boas,5
boogie,8
boolean,4
bora,4
borat,4
borussia,4
botswana,4
boulder,6
bowen,4
bowlen,4
boyle,4
brahim,4
brahmaputra,4
brantford,4
brentwood,4
bret,4
brewers,4
brexit,4
britten,4
brno,4
bronstein,4
brook,5
bruckner,4
brunei,4
brussels,4
brutus,4
bryce,4
buchanan,4
buckingham,4
budapest,4
bulldogs,4
bundy,4
bunker,7
burgess,4
burgos,4
bush's,4
butcher,4
byrne,4
cbc,4
cf,7
cgpm,4
csa,4
csi,4
caboclo,4
cabot,4
cabral,4
cadet,8
caesar's,4
caledonian,4
calgary,4
cali,4
caligula,4
camelcase,4
cantonment,4
canucks,4
carcoar,4
carla,4
carly,4
carolina's,4
cartel,6
carteret,4
carver,5
casals,4
catalonia,4
cathy,4
cattaro,4
cauca,4
caulfield,4
centauri,4
central's,4
cerro,4
chai,4
chairs,8
chakra,7
chan,4
charles's,4
cher,4
chernobyl,4
cheryl,4
cheyenne,4
chickasaw,4
chinatown,4
chitral,4
choco,4
choi,4
chongqing,4
chopra,4
christ's,4
christchurch,5
christy,4
chukotka,4
chung,4
chuvash,4
cinderella,4
clarkson,4
clemens,4
cleopatra,4
clinton's,4
clipper,5
coliseum,4
colts,4
columbian,4
communion,5
compass,8
con,9
confessor,4
constantin,4
constructors,6
consulting,8
contreras,4
convergence,5
cookie,5
cooperative,8
cop,7
cornish,4
corporal,4
corsica,4
costello,4
cougars,4
countdown,5
cousins,7
coverdale,4
crespo,4
cristi,4
cristo,4
crockett,4
croix,4
cronin,4
cruise,7
cunningham,4
curtin,4
cyberpunk,5
djs,4
dlr,4
daegu,4
daffy,4
daley,4
damascus,4
dames,5
dani,4
daniels,4
darcy,4
darius,4
darlington,4
darth,4
dartmoor,4
davenport,4
davy,4
decca,4
decker,4
deerfield,4
delos,4
delvile,4
dental,8
deportivo,4
dera,4
destiny,7
deva,4
dia,4
dignity,8
dillon,4
din,7
dir,4
directory,8
disco,7
displacement,7
disraeli,4
divergent,5
dixie,5
doberan,4
dodgers,4
dolley,4
dolly,4
domesday,4
donahue,4
donaldson,4
donji,4
doo,4
doolittle,4
doppler,4
dora,4
dordrecht,4
doris,4
dorothea,4
dow,4
dowager,4
doyle,4
dravidian,4
duane,4
dub,6
dubrovnik,4
dulcamara,4
duval,4
dyke,6
echl,4
edt,4
epa,4
eaton,4
eboli,4
eddy,4
edmonton,4
edna,4
egbert,4
ein,5
elam,4
elf,5
elgar,4
elin,4
elion,4
elon,4
emilio,4
empire's,4
emu,5
enrico,4
ents,4
eocene,4
epping,4
erfurt,4
erica,4
erika,4
erin,4
ernesto,4
erwin,4
escobar,4
este,4
eta,8
ethan,4
ethel,5
eugen,4
eutin,4
evangelist,5
evelina,4
ezekiel,4
fdp,4
fvd,4
faber,4
fabulous,5
fagin,4
falcon,7
falkland,4
fallon,4
fallout,4
famicom,4
fanta,4
farina,4
farr,4
farrell,4
farrow,4
faustina,4
faye,4
fedex,4
federico,4
fefolt,4
felix,4
fender,4
feng,4
ferdinando,4
fernanda,4
fidelio,4
fiesco,4
filippo,4
fiona,4
fitch,4
fleetwood,4
flinders,4
fonsi,4
fontana,4
foreman,5
fortnite,4
fourniret,4
framingham,4
france's,4
franciscan,4
franck,4
frank's,4
frankfurt,4
frankie,4
franks,4
frederic,4
freud's,4
friedman,4
frisian,4
fry,5
fuchs,4
fuji,4
fujian,4
fujita,4
fulbright,4
fuller,5
funk,4
fury,4
fyodor,4
gb,4
gdr,4
gpu,4
gpus,4
gsn,4
gt,4
gabriele,4
gaius,4
gallagher,4
galt,4
galveston,4
gamba,4
gamecube,4
gao,5
gardiner,4
garrett,4
gaulle,4
gauss,4
gaya,4
gaza,4
gem,8
geminids,4
genji,4
geo,4
georg,4
georgetown,4
georgia's,4
gerhard,4
gershwin,4
ghostface,4
gia,4
gibbs,4
gippsland,4
giro,4
glazer,4
gloucestershire,4
godunov,4
goethe,4
gogh,4
goodwill,5
gorman,4
gospels,6
governess,4
grameen,4
grandma,4
granville,4
gregg,4
grimes,4
grupo,4
guantanamo,4
guelleh,4
guildford,4
guin,4
gujarat,4
gunray,4
guo,4
guppy,4
gupta,4
gurnard,4
gustaf,4
gwalior,4
html,4
ha,6
haber,4
hachinohe,4
hale,4
haley,4
hamlet,7
hamza,4
handel,4
hansen,4
hanshin,4
harald,4
harbaugh,4
hari,4
harper's,4
hartley,4
hartman,4
haryana,4
hasan,4
hathor,4
hawke,4
hays,4
headache,8
healy,4
heidfeld,4
heidi,4
heiji,4
hellenistic,4
helsing,4
hereford,4
hernandez,4
herrera,4
herzl,4
hestia,4
himalayan,4
hittite,4
hlinsko,4
hodgson,4
holden,4
holloway,4
hooker,8
hooker's,4
horner,4
hornets,4
horst,4
hortencio,4
hotaru,4
houmet,4
hove,4
hoyerswerda,4
hu,4
hulda,4
hund's,4
huntingdon,4
hwanung,4
hyder,4
hylarana,4
icrc,4
ign,4
ija,4
im,8
ipa,4
irc,4
iberian,4
idaho,4
ilmor,4
imam,5
incheon,4
indycar,4
inoue,4
inquisitor,4
intercontinental,5
interestingly,4
inuyasha,5
ipanema,4
ipswich,4
ireland's,4
irian,4
irina,4
irises,4
isengard,4
islamabad,4
islanders,8
ismail,4
istria,4
ito,4
ivory,6
iwo,4
izuku,4
jahan,4
jaime,4
jak,4
janemba,4
janis,4
janus,4
jarvis,4
jatiya,4
javier,4
jawa,7
jays,4
jeanne's,4
jennie,4
ji,5
jima,4
joanne,4
jolly,5
josephus,4
josiah,4
josip,4
julio,4
juneau,4
jura,4
katusa,4
kfc,4
kgb,4
ku,6
kaaba,4
kafr,4
kahn,4
kali,4
kapil,4
kappa,4
karan,4
kargil,4
karla,4
karma,5
kay,4
kayeli,4
keats,4
keio,4
kellogg,4
kelsey,4
kemble,4
kennedy's,4
kenobi,4
kerouac's,4
keyes,4
keynes,4
khalifa,4
khama,4
khartoum,4
khas,4
kherai,4
khrushchev,4
kidman,4
kigali,4
kimberly,4
kingdom's,4
koli,4
krabs,4
krasnodar,4
kubica,4
kuhn,4
kuntala,4
kush,4
kyi,4
lcds,4
lkr,4
labrador,4
lachlan,4
lago,4
laika,4
lakotah,4
lambda,8
langley,4
lanzhou,4
laos,4
larch,4
larson,4
lasse,4
latina,4
latvian,4
laureate,5
leafs,4
leavenworth,4
lecompton,4
legion,8
lehman,4
leif,4
lemon,7
lena,4
lennon's,4
lenny,4
leonardo's,4
levin,4
ley,4
liaison,4
liberia,4
libyan,4
lille,4
lillith,4
limerick,4
lionel,4
lisbon,4
liszt,4
loch,6
locke,4
locus,4
loire,4
lola,4
longhorn,4
longstocking,4
loon,6
lord's,5
lorem,4
loren,4
louis's,4
louisa,4
louvre,4
lu,6
lucario,4
lyman,4
lyme,4
lyndon,4
mbta,4
mit,4
mls,4
momak,4
ms,8
msa,4
msp,4
maas,4
macau,4
mackay,5
madan,4
madhya,4
maggie's,4
magna,4
magnificent,8
mahabharata,4
mai,4
maidstone,4
mainz,4
maji,4
malawi,4
mallorca,4
malone,4
manchuria,4
mang,4
mankato,4
maori,4
mapother,4
marfa,4
marge,4
mariana,4
mariano,4
marin,4
marino,4
mario's,4
marlene,4
marly,4
marne,4
marty,4
martyr,4
marxism,4
marxist,4
masaccio,4
masjid,4
masolino,4
masons,5
massa,4
mathematica,4
mathers,4
matsumoto,4
maureen,4
mayo,4
mayor's,4
mcarthur,4
mcguinness,4
mecklenburg,4
medicare,4
medina,6
medusa,5
megan,4
meher,4
meigs,4
meiji,4
melee,7
mels,4
mer,5
mercer,4
mercian,4
merritt,4
meteorological,5
meyer,4
meyerbeer,4
michele,4
mikhail,4
mildred,4
miley,4
milo,4
milovan,4
min,8
minaj,4
minamoto,4
minas,4
minecraft,4
minotaur,4
minster,4
mint,5
mister,4
mizoram,4
mizutani,4
moffat,4
mohan,4
mohana,4
mohr,4
moldova,4
mom,8
monckton,4
monroe,4
monson,4
montoya,4
moon's,4
moor,6
moose,7
moroccan,4
morse,4
mort,4
mortimer,4
moth,7
moto,4
moulin,4
mt,4
muhammad's,4
munster,4
murdoch,4
murree,4
mushroom,8
mussolini,4
mustang,4
mutiny,6
naacp,4
nbl,4
nc,4
ndt,4
nec,4
nhk,4
np,4
nsa,4
nw,4
nadeshiko,5
nadia,4
nagato,4
nagoya,5
nakamine,4
nakhon,4
narayan,4
narrandera,4
narrows,4
natal,4
nationalists,8
negev,4
nell,4
nepalese,4
niall,4
nibelungs,4
nickelodeon's,4
nicola,4
nielsen,4
nikkatsu,4
nisei,4
noida,4
noonan,4
norma,4
northampton,4
notebook,6
noto,4
novi,4
numbuh,4
oakley,4
obito,4
ocala,4
odyssey,4
ogden,4
okara,4
okinawan,4
okubo,4
ole,4
olimar,4
olivier,4
olympia,4
olympiads,4
olympians,4
oranges,7
ormonde,4
orochimaru,4
orsini,4
osama,4
osiris,4
osprey,5
outlaw,7
overy,4
oviedo,4
owens,4
oxley,4
ozawa,4
pbs,4
pcb,4
pcs,4
pe,4
pid,4
psi,6
paddy,6
pala,4
palaeozoic,4
pandey,4
pandyas,4
panther,4
papua,4
papunya,4
paristech,4
partido,4
partridge,4
parvati,4
pasadena,4
paschal,4
pasha,4
pasig,4
pasto,4
patagonia,4
paterson,4
paxton,4
peabody,4
peck,5
peel,4
peking,4
pembroke,4
pepys,4
percy's,4
perry's,4
perugia,4
peters,4
philipp,4
philips,4
phineas,4
picard,4
pichilemu,4
pike,6
pilgrim,5
pinoy,4
pinto,4
pintupi,4
pipa,4
pisa,4
pitcairn,4
pizarro,4
planer,4
plautus,4
pocahontas,4
poe,5
polgar,4
pollard,4
polynesian,4
pomerania,4
pompey's,4
popes,8
popper,4
prada,4
praha,4
pramoedya,4
princes,8
prinz,4
prometheus,4
proms,4
prussians,4
putnam,4
putonghua,4
pygmalion,4
qing,4
quaker,4
quay,6
quezon,4
quill,4
rbi,4
rpgs,4
rachael,4
radio's,4
rafi,4
raipur,4
rajasthan,4
rajguru,4
raleigh,4
ramon,4
rand,5
rani,4
rapa,4
rasalila,4
ratan,4
redondo,4
reeves,4
reflections,4
regency,6
rehabilitation,8
relapse,6
relocation,7
reno,4
reptilia,4
republika,4
requiem,4
revue,4
reyes,4
reyna,4
reza,4
richie,4
ridley,4
riga,4
rihanna,4
rinpoche,4
riviera,4
robb,4
robbins,4
robert's,4
robson,4
rocca,4
rochelle,4
rockland,4
rockwell,4
rodney,4
rodolfo,4
rodriguez,4
rolf,4
rolt,4
romney,4
rooney,4
rosenberg,4
rotten,7
rovers,4
roxy,4
rs,5
rubio,4
rufus,4
ruhr,4
rutherford,4
rutter,4
ryukyu,4
sas,4
sem,4
sim,8
snes,4
sos,4
ssd,4
sabana,4
sacramento,4
sagittarius,4
saigon,4
saiyans,4
sakura,5
sakurai,4
salem,5
sana,4
sancho,5
sanger,4
sasuke,4
satanic,4
satoshi,4
saturdays,4
sauron,4
saxons,4
scandinavia,4
scar,6
schneider,4
schultz's,4
schuster,4
scopus,4
scorpio,4
se,4
securities,7
selenium,8
sen,5
seo,4
seremban,4
sergey,4
sevilla,4
shackleton,4
shaivism,4
shakespearean,4
shankar,4
shapiro,4
sharma,4
shelly,4
sherlock,4
shi,4
shin,4
shinji,4
showcase,8
showdown,4
siddhartha,4
siena,4
sikkim,4
silla,4
silverstein,4
simpsons,4
sindh,4
sindhi,4
singleton,4
skinner,5
skyclan,4
skyrim,4
skywalker,4
slavia,4
slovak,4
smetana,4
smithsonian,4
smokey,4
sokka,4
solitude,6
somerville,4
sonia,5
sorai,4
sorbonne,4
sorcha,4
soundscan,4
southam,4
spalding,4
speedway,5
spellman,4
splash,6
srpska,4
stacey,4
stafford,4
stalin's,4
stapleton,4
starcraft,4
stein,4
steiner,4
stephanie,4
stephenson,4
steppenwolf,4
steward,5
stilton,4
sting,8
straits,5
strand,4
sturgeon,6
sudanese,4
sufi,4
sukarno,4
summerslam,4
sun's,4
surrey,4
suu,4
suzanne,4
suzie,4
suzuka,4
swansea,4
swatantra,4
sylvanus,4
symposium,5
tsr,4
ta,8
tada,4
taft,4
taj,4
talyllyn,4
tanaka,4
tanjung,4
tanuja,4
taoism,4
taoist,4
tartarus,4
tata,4
televisa,4
teller,5
teppei,4
terra,5
terrier,4
tex,6
thebes,4
thelma,4
theseus,4
thor,4
thorn,6
thucydides,4
thule,4
tibetans,4
tilney,4
timor,4
titanic,4
tito,4
titsingh,4
toei,4
tor,6
tragulus,4
tribunal,5
triceratops,4
tripura,4
trish,4
trujillo,4
trumbull,4
tuas,4
tula,4
tutsis,4
twain,4
tyndale,4
typhon,4
tzu,4
usc,4
uday,4
ulleungdo,4
unbreakable,6
uno,5
uppsala,4
urey,4
uttar,4
vale,4
valinor,4
vance,4
vanilla,7
vargas,4
velasco,4
veldin,4
verdes,4
verdun,4
vermandois,4
verrocchio,4
vic,4
vicki,4
vicky,4
videla,4
vieux,4
viktor,4
vila,4
villeneuve,4
vim,4
voinovich,4
volta,4
vulcan,4
wade,6
wakasa,4
wakefield,4
walid,4
walter's,4
walters,4
wanna,6
warcraft,4
washington's,4
watanabe,4
watt,8
waverley,4
wayanad,4
we'll,5
weaver,5
weber,4
weir,5
wen,4
wendy,4
wendy's,4
wentworth,4
werder,4
weston,4
westport,4
wharf,5
whip,7
whitehead,4
whitesnake,4
wiener,4
wilkins,4
wilma,4
wilson's,4
witchcraft,6
wolff,4
woodlands,8
woodrow,4
woodward,4
wray,4
xml,4
yangon,4
yankovic,4
yaque,4
yokosuka,4
yom,4
yoruba,4
yoshi,4
ypres,4
yue,4
zac,4
zagreb,4
zak,4
zhao,4
ziegler,4
zimmer,4
zodiac,4
zoological,4
zou,4
abbots,4
abdominal,6
abolish,4
abolition,6
abuses,4
abusing,4
accelerated,4
accessibility,5
accolades,4
accompanying,4
accountant,5
accounted,4
accounting,6
achieves,4
acquainted,4
acquiring,6
acrylic,5
activate,4
adapter,4
adaption,4
adaptive,5
adjustment,7
administratively,5
affine,5
affinity,5
aforementioned,4
ageing,4
aggregates,4
aggressively,4
aide,4
aisles,4
akin,5
albedo,4
align,4
alkaline,4
allele,4
alphabetical,5
alright,6
altarpiece,6
alternating,4
ambiguity,4
amended,4
amnesia,4
amniotes,4
amphibia,4
amplifier,4
amplitude,4
amusement,5
anatomical,4
anchoring,4
angrily,4
animators,4
announcing,4
antagonistic,4
antennas,4
anthropic,4
anthropologists,5
antibodies,4
antipsychotic,4
applause,4
appliances,4
applicants,4
appointments,5
appreciated,4
appreciation,4
archeological,4
archeology,5
arguably,5
aria,6
arises,4
arrange,4
arrests,4
artefacts,4
artistry,4
ascending,4
assassin,4
assassinate,4
assaulted,4
assemble,4
assembler,4
atheists,4
atherosclerosis,4
atrium,4
attain,4
attractiveness,4
attribute,4
authentication,5
authored,4
automated,4
automation,7
avalanche,7
avoids,4
awaiting,4
awkward,4
axioms,4
axle,4
backstage,5
backups,4
badminton,5
baguette,5
bail,4
baking,7
ballerina,5
ballpark,5
bandleader,4
banked,4
baptised,5
baptized,4
barley,4
barn,6
barons,7
basalt,4
baseline,5
basil,7
bassoon,4
batters,5
beasts,7
beautifully,4
beers,6
begged,4
begging,5
behaves,4
beheaded,4
beheading,5
belongings,4
benches,4
bending,4
bends,4
berth,4
betraying,4
betrays,4
bibliography,5
bidding,4
bifurcated,4
bilateral,4
billboards,4
biosphere,6
biota,5
bird's,4
births,4
bitcoins,4
bivalves,4
bizarre,5
bladder,4
blasting,4
blasts,4
bleach,6
bless,6
bloodline,5
blown,4
blubber,4
bluish,4
boar,5
boarded,4
boating,5
body's,4
bothering,4
bouncing,4
bounded,4
bounds,5
boxers,7
boy's,5
brace,5
branching,4
breakaway,4
breakdown,5
breakout,4
brewed,4
brewery,5
bribery,4
brigades,5
brine,4
brood,7
broth,4
bruise,5
brushes,4
building's,4
bullying,6
bumpy,5
burials,5
cages,4
cairn,5
calculators,4
caldera,6
calorie,4
campaigned,4
campaigning,4
campers,4
cancellation,4
cancers,4
canine,4
canoe,6
cantilever,4
carbohydrate,4
carbons,4
cardamom,4
cardiac,4
careless,5
cartilage,5
cassette,4
casualty,4
catcher,6
catchphrase,4
catering,4
cautious,4
cavities,4
ceilings,4
celestial,5
cemented,4
censored,4
centerpiece,4
cephalopods,5
cerebral,4
certification,4
champagne,6
chanted,4
chants,4
chapels,4
chat,5
cheated,4
cheer,4
cheering,4
cheetah,6
chefs,4
chests,4
chickens,5
chiefly,4
childbirth,4
childish,5
childless,4
chimpanzee,4
chimpanzees,5
chiton,4
chivalry,4
chlorophyll,5
chores,4
christened,4
churchyard,4
cigar,5
cigarettes,5
cilia,4
cinemas,4
cinnamon,6
circling,4
circumcision,5
civilizations,6
clap,4
clashes,4
clashing,4
classmate,5
clearer,4
clique,5
clitoris,4
clockwise,4
cloned,4
cloning,4
closes,4
closure,4
clumsy,6
clutch,6
coarse,5
cock,4
coffin,6
collapsing,4
collar,4
commandos,5
commemorative,6
commentaries,6
commissions,6
commuter,6
comparable,4
compassionate,4
compelled,4
compiler,4
compilers,5
compiling,5
complaining,5
complementary,4
complexes,4
composer's,4
compositional,4
comprehension,4
comprises,4
computational,7
compute,4
comrades,5
concealed,4
concludes,4
concurrently,4
condensation,4
condensed,4
conditional,5
conditioning,4
conductive,4
conductivity,4
confirmation,5
confiscated,4
confluence,4
confronted,4
congregate,4
congregations,5
congressman,7
conquer,6
conscription,5
conservatism,4
consolidated,6
conspirators,4
constituencies,4
constituent,7
constitutions,5
constructions,4
constructive,4
constructor,4
consul,7
contacting,4
contaminated,4
contraception,4
contractors,4
contrasts,4
controversies,5
contusion,4
convertible,4
converts,4
coordinated,6
copyrighted,4
cores,4
cosmetic,5
cosmetics,4
costing,4
costliest,4
cough,4
counsel,7
counterattack,4
counters,4
covenant,7
covert,7
creations,6
creditors,4
cremated,5
crippled,4
crises,5
criterion,7
criticizing,4
crossings,4
crossroads,6
cub,7
cues,5
cultivation,5
cum,4
cursed,5
cursor,4
curvature,4
customized,4
cutters,4
d'italia,4
daimyo,4
dangerously,5
dare,6
daring,4
darling,6
dart,7
databases,4
daughter's,4
deadline,5
decays,4
deception,6
deceptive,4
declares,4
decode,4
decommissioned,4
decompression,5
decree,4
decrypt,4
defects,4
deficit,4
demise,4
democratically,4
demonstrates,4
demonstrators,4
denoted,4
depended,4
dependence,4
depiction,4
depleted,5
depressions,4
deserts,5
deserved,4
dessert,4
destined,4
detained,4
diagnoses,4
diaper,5
diaries,6
diarrhea,4
dietary,6
differentiated,4
dim,5
dimmer,4
dipped,4
disadvantages,5
disastrous,4
disbelief,4
disciplined,4
discourse,4
discusses,5
disgrace,4
disgusting,5
dismantled,4
dispatch,5
dispersal,5
displaying,5
dissected,4
dissociation,4
distilled,4
distinguishing,4
distract,4
distracted,4
distracting,4
distributes,4
diversified,4
doe,6
domains,4
donate,4
donations,4
doubly,4
downgraded,4
downstream,4
drafting,6
dragged,4
dragonflies,4
dramatically,4
dries,4
dromaeosaurs,4
drought,4
dubbing,4
duct,5
dumped,4
dumps,4
durable,4
dyes,4
eager,4
echo,7
economists,4
eczema,4
egret,4
eighty,4
electrocuted,4
elephant's,4
elevations,4
elixir,4
elliptical,6
em,7
embrace,4
emergent,5
eminent,5
emission,5
emit,4
emphasized,4
emplacement,4
employ,4
employing,4
enamel,4
enchanted,6
endpoints,4
enduring,4
enjoyable,4
enormously,4
enraged,6
ensued,4
ensures,4
enthusiasm,5
envelope,4
epics,4
erectus,4
eroded,4
essence,6
estuary,4
ethnically,5
eugenics,7
euros,4
evaluating,4
evident,4
exceeding,4
exceeds,5
exceptionally,4
executing,4
exercising,4
exhibiting,5
expenses,4
exponential,4
exposes,4
eyewall,4
facelifted,4
faction,4
failures,4
fares,5
fawn,4
federally,4
feeders,4
femme,5
fences,6
fend,4
fermentation,4
fertilize,4
fertilized,4
fetus,4
fielder,5
fiery,4
fig,5
figurine,4
fillings,4
filtered,4
filtering,4
fingering,4
fingerprint,4
finisher,4
firearm,5
fireballs,4
firewall,4
firmament,4
flagella,4
flagellum,4
flagship,5
flanks,4
flares,4
flashback,4
flatter,4
flavours,4
flawed,4
fleas,5
fledged,4
flees,4
flexibility,5
flick,4
flooring,4
flutes,4
fog,5
follower,4
footballers,4
footsteps,5
forcefully,4
foremost,4
forgives,4
formulation,4
forums,5
fragment,5
framing,5
friend's,4
frigates,4
fright,4
fringe,4
frontiers,4
fugitive,7
fumes,4
furthest,4
gallantry,5
gallon,4
gallows,5
gangs,4
gardener,6
garment,6
gatherings,4
genders,4
generators,4
geographer,5
geothermal,5
gimmick,5
girdle,4
glamorous,4
glider,4
glowing,4
glyphs,4
goalie,5
goggles,4
golfer,5
goodness,4
governmental,4
governorship,4
grab,5
gradient,4
grammatical,5
graphene,6
gravitation,4
greets,4
grinder,4
grinding,4
groundwater,4
growl,4
gubernatorial,4
guerrilla,4
guerrillas,4
guessed,4
guilds,5
hailed,4
hairstyles,4
hamsters,4
handball,5
handcuffed,4
handicrafts,4
haploid,4
hardship,4
harpsichord,4
harvested,4
hashish,4
hath,5
hazel,7
headers,4
headlamps,4
headlights,4
healers,4
hearings,5
heavens,5
hectare,5
hedges,4
helicopters,4
heresy,6
hermit,4
heroine,4
hexagram,4
hi,8
highs,4
hike,4
hinged,4
hognose,4
homage,4
homework,5
honeycomb,4
honorific,4
honoured,5
hoop,4
hormone,5
hornet,7
horny,4
horrified,4
horrors,5
horseback,4
horticulture,4
hose,4
hospice,4
hugely,5
hypnotist,4
hypotheses,4
iconic,4
igneous,4
ignite,6
illustrator,4
imaging,6
imitated,4
impacting,4
impatient,4
imperative,4
implementations,4
implementing,5
implements,4
imposing,4
improper,4
impulse,4
inaccurate,4
inadequate,4
incense,5
incentives,4
incision,4
indefinitely,4
indie,4
individual's,4
inducing,4
industrialisation,4
industrialized,4
inermis,4
infancy,4
infield,4
infiltrated,4
inflammation,5
informally,6
infrared,5
infused,4
infusion,4
ingredient,4
inhaled,4
inherit,4
inherits,4
innate,4
inning,4
insanity,6
insecure,4
insignia,4
inspect,4
inspirational,5
installing,4
institutes,6
instructor,4
insulation,4
insured,4
integrating,4
integrity,5
intellectuals,4
intentionally,4
interpreter,5
interrupt,4
intersects,4
interventions,4
intuition,4
invading,4
inversion,4
inverted,4
invincible,6
invoked,4
ionic,4
ironic,4
ja,7
jamming,4
jointed,4
joystick,4
joysticks,5
jurisdictions,4
jurist,4
kabuki,6
kernel,4
kicking,6
kimchi,5
kissing,5
kitten,5
knighted,4
knitting,4
knocks,5
lactic,4
landlord,5
landowners,4
latch,4
laterally,4
latex,4
latitudes,4
laughter,5
lawsuits,4
laxus,4
leaflet,4
lean,4
leaps,4
legalized,4
leopards,7
lessen,4
liability,5
liberalism,4
lifeboat,4
lilac,4
lineages,4
linens,4
lining,5
lip,5
listings,4
loaned,4
localized,4
locking,4
logarithm,4
logos,7
loosened,4
luminous,4
lure,5
lust,4
lyric,6
madrigals,5
magenta,5
magnetism,4
magnitudes,4
majoring,4
male's,5
malicious,4
mallets,4
manganate,4
manganese,6
manpower,4
manslaughter,4
marginal,4
mastery,5
masturbation,4
materialism,4
mayors,5
mbar,4
meats,4
melodic,5
menace,5
mentioning,4
menus,4
mesh,5
metabolic,4
metamorphosis,6
methodology,4
microorganisms,4
microprocessor,4
microwaves,4
midst,4
migrating,4
mildly,4
militarily,5
militias,4
millionaire,7
milliseconds,4
mimic,4
mined,4
ministries,6
misunderstanding,4
misunderstandings,4
mitosis,5
mixtape,5
modelled,4
modernised,4
modernist,4
molar,4
molluscs,4
molten,4
monarchies,5
monetary,5
monitored,4
monitors,4
mono,4
monomers,4
monopoly,6
monumental,4
morale,4
morally,4
mornings,4
morphology,4
mortars,4
motivational,4
motorbike,4
muddy,6
multinational,4
murderers,5
mustard,7
mutant,6
naive,4
napalm,6
narcissistic,4
narrated,4
narrates,4
narrowest,4
nationals,4
naturalist,5
naturalized,4
nature's,6
navigate,4
nearer,4
nebula,6
needles,5
neighbourhoods,5
neon,5
networking,4
neurological,5
neuropsychology,4
neutrality,4
newcomers,4
newsletter,6
nightclubs,4
nightfall,4
nighttime,4
ninety,5
nipples,4
noblemen,5
nomadic,7
nomads,5
nonprofit,4
nonviolent,6
noodles,5
northeastward,4
northward,4
noses,4
notches,4
numerically,4
nut,6
nutritious,4
nymph,4
obese,5
obscured,4
obsolete,4
obtains,4
officer's,5
offline,4
offshoot,4
oily,4
olfactory,4
ominous,4
opener,4
opiates,4
opposes,4
oppressed,4
optimization,5
ordering,4
ordinal,4
organisers,5
organists,5
organizational,4
orgasms,4
originating,5
ounces,4
outages,4
outdated,4
outfits,4
outraged,4
ovary,4
overlooking,4
overly,4
overweight,4
overwhelm,4
owes,4
pacemaker,4
pagodas,4
pairing,6
panelist,4
papacy,4
paperback,5
paperwork,4
papyri,4
parades,5
parasitic,5
pardon,5
parental,5
participates,4
partisans,5
partitioned,4
partner's,4
passionate,5
password,7
pastry,4
pathways,5
paw,4
peas,4
peculiar,4
peer,4
penalties,4
pendulum,4
penetrate,4
pennant,5
perched,4
perish,4
permanganate,4
permeability,4
perpetrators,4
persecution,4
persistent,4
pests,4
petitioned,4
petrified,4
pews,4
pharmacy,7
phenotype,4
phobias,4
pianos,4
pickups,5
pint,4
pinyin,6
piracy,4
pitted,4
pivot,4
planners,4
plantations,4
platoon,4
platypus,6
plow,4
plugged,4
plumber,5
pod,6
pointer,4
poisons,5
pollination,4
polyethylene,4
polygamy,4
polymerase,4
polynomial,4
polyps,5
popped,4
popularized,4
pores,4
portraying,4
postcards,4
precedent,5
predates,4
predicts,4
prejudice,4
preparations,5
presiding,7
presses,4
pretends,4
prevalence,5
prima,6
privileged,4
probation,4
probes,4
proceeded,4
proceeds,4
progression,4
projector,5
promo,4
promoter,4
prospect,4
prostate,4
prostitution,6
protagonist,5
protections,5
protocols,4
proving,4
provoked,4
psychiatrists,4
pudding,5
pumped,4
pumpkin,4
punches,4
punishes,4
puppies,5
purify,4
purse,4
puzzled,4
quadrangular,4
quadratic,4
quake,5
qualifier,7
quantifiers,5
quark,4
quarrel,4
quarterback,5
quilt,4
quinine,5
quintet,6
raccoon,5
racially,4
racks,4
radiated,4
rained,4
raining,5
raion,7
rallies,4
rash,5
ratios,4
reactors,4
readable,4
readership,4
realms,7
rebellions,4
rebirth,5
rebranded,4
reburied,4
receptors,5
recessive,4
reckless,4
recluses,4
recommends,4
recreated,4
recruit,4
redesign,4
redesigned,4
redirects,4
reeds,4
reels,4
referees,5
reformer,4
refrigerator,4
refusal,4
regains,4
regenerate,4
regression,4
regretted,4
regulated,4
rehearsal,4
reigns,4
rejects,5
relocating,4
reluctant,5
relying,4
remarkably,4
remembrance,7
reminders,4
remnants,5
remotely,4
renew,4
rental,6
rentals,4
reorganised,4
reorganize,4
repay,4
repealed,4
repertoire,4
replica,5
reprised,4
reps,4
rescuing,4
resembled,4
resembles,4
reset,4
resided,4
residue,4
resin,4
resolutions,4
resonance,4
respects,4
responding,4
restriction,4
retailer,4
retention,4
retreats,4
retrospective,4
revelation,7
reversal,4
revisited,6
reviving,4
revolutionaries,6
reworked,4
rhabdomyosarcoma,4
rhymes,6
riches,4
riffs,4
rifled,4
ringing,5
ripe,4
risky,5
roast,4
robotic,4
roe,4
rollers,4
roster,5
rotary,5
rotting,4
roulette,4
rounder,4
routines,4
rub,4
rubbing,4
rudder,4
rushing,5
saddles,4
sadly,4
safest,4
sage,7
salted,4
sanctions,4
sanitation,4
sayings,4
scabbard,4
scams,4
scandals,5
scarce,4
scars,4
scatter,4
school's,4
scouting,7
scratching,4
screened,4
screws,4
scroll,5
seamount,5
seating,4
secession,6
secrete,4
sect,5
sects,6
securing,4
seize,4
selects,4
semester,5
semifinal,4
semifinals,4
sensations,4
separatist,7
serials,4
shakes,4
shameful,4
shaping,4
sharia,5
sharply,4
shaved,4
sheath,4
shielding,4
shifts,5
shillings,4
shines,4
shipment,4
shortages,4
shrank,4
shrew,4
shrink,5
shuttles,6
sickle,4
sieve,4
signatories,4
signifying,4
silky,7
simulations,4
sincere,4
sister's,4
skillfully,4
skipping,4
skirts,5
slanting,4
slap,6
slits,4
sloped,4
slowest,4
slowing,4
sluggish,4
smallpox,6
smoked,5
smoker,4
smoothly,4
sneaks,4
snowboarding,5
soaked,4
soloists,4
solstice,6
solvable,4
solves,4
someday,5
son's,5
sonnet,4
sooner,4
sophomore,4
soprano,7
sore,4
spacing,4
spam,6
spared,4
sparked,4
sparse,4
spasm,4
specialties,4
sped,4
spheres,4
spherical,6
spirals,4
spontaneous,6
sportsman,4
spying,4
squared,5
squeezing,4
staircase,4
stalks,4
stance,4
standoff,4
star's,4
starch,4
starvation,4
stat,4
statewide,4
staves,5
stealth,4
sterile,5
stiffer,4
stillborn,4
stimulate,4
stipulation,4
stocks,5
stomachs,4
story's,4
stove,4
strangers,5
strap,4
streetcar,4
strengthening,4
stresses,4
striped,4
stubborn,4
stylistic,5
subduction,4
subdue,4
submachine,4
substantially,5
substituted,4
substrate,4
subtly,4
supergroup,5
superiors,4
superstar,6
supervising,4
supplying,4
surplus,4
surprises,4
surveillance,7
sustain,4
swam,4
swapping,4
sweep,4
swept,4
swimmers,6
swollen,4
swore,4
symbiote,4
symbolism,5
symmetrical,4
synchrotrons,4
syndication,4
syntax,4
syrup,4
taboo,4
tactic,4
tally,4
taluks,4
tangent,5
tapping,5
taxing,5
tease,5
tectonics,4
telenovela,4
televisions,4
tellurium,4
tended,4
terminated,4
terminus,7
terraces,4
testimonies,4
textiles,5
thallium,7
theorists,5
therapists,7
thermodynamic,5
thirsty,5
thou,4
threatening,4
threatens,4
throats,4
thrower,4
thy,6
toast,6
tokens,4
tolerated,4
ton,4
topology,4
toppings,4
tortoises,4
touchdown,4
touchdowns,5
trailers,4
traitors,5
transitional,5
transitive,4
transmitters,4
transpose,4
trash,7
trillion,4
triplet,4
troop,4
trousers,4
trusting,4
truthful,5
tumors,4
tundra,5
tunic,4
turf,5
twists,4
tyranny,5
unbeaten,4
uncut,6
undated,5
undefeated,4
understands,4
undertake,4
unexpectedly,5
unfaithful,4
unfavorable,5
unheard,4
unimportant,4
uniting,4
unlimited,5
unload,4
unmarked,4
unnatural,4
unofficially,4
unreleased,4
unreliable,4
unrest,4
uprisings,4
urges,4
urging,4
usable,4
user's,4
vacations,5
vain,4
variously,4
vascular,5
vase,4
vassal,4
vastly,4
veal,5
vegetative,5
vendors,5
vengeance,5
venomous,5
venous,4
ventral,4
verification,5
vest,4
viable,4
vibrate,4
vicar,4
viewpoint,5
viewpoints,4
viola,6
violations,4
visuals,4
vocalists,5
voltmeter,4
voor,4
vulgar,4
wa,5
waking,5
wandered,4
war's,4
warehouse,7
waterway,5
wavy,4
weakly,4
webbed,4
webs,5
weekends,5
whiplash,4
whitetip,5
wicked,4
windy,5
wines,4
withdrawing,4
workmen,4
workplaces,4
wrecks,4
wrongdoing,4
yerba,5
yields,4
zoom,5
zur,4
acf,3
ada,5
afl,3
agp,3
ai,5
ak,4
alp,4
asean,3
asp,4
aachen,3
abaj,3
abbeville,3
abdali,3
abdulaziz,3
abercrombie,3
aberdare,3
abergynolwyn,3
abner,3
abrams,3
acadian,3
achilles,3
adela,3
adelin,3
aden,3
adolph,3
adolphus,3
adriatic,3
adrien,3
adwa,3
aethelbald,3
afghans,3
afrikaans,3
agama,3
agamemnon,3
agenda,6
agha,3
agra,4
agrippina,3
aguilera,3
airbending,3
airoldi,3
akademi,3
akara,3
alappuzha,3
albans,3
albert's,3
alchemy,3
alcmene,3
aldo,3
alec,3
alesi,3
alexei,3
alfan,3
algonquian,3
aligarh,3
allahabad,3
alley,6
allosaurus,3
allred,3
almaviva,3
almeida,3
alphago,3
alsterdal,3
altai,3
altair,3
alwa,3
amalia,3
amba,3
ambassadors,5
ambustus,3
ames,3
ami,4
amidst,6
amin,3
ammaiyar,3
amo,3
amur,3
anand,3
anaya,3
anchalumoodu,3
anchorage,3
andacondrai,3
anderson's,3
andhra,3
andres,3
andretti,3
andrew's,3
andros,3
andrzej,3
angelico,3
anglicans,3
anil,3
aniruddha,3
anjuman,3
anning,3
anthony's,3
antigonus,3
antigua,3
antilles,3
antiquities,4
antony,3
anubis,3
anwar,3
aoyama,3
apaches,3
apgar,3
aphrodite,3
apocalypse,3
appleton,3
apt,4
aquino,3
aragorn,3
aram,3
aramaic,3
aranjuez,3
arausio,3
arbon,3
arbor,3
archaean,3
archduke,3
archived,3
areva,3
argentinian,3
argus,3
ariel,3
aristotle's,3
arlene,3
armageddon,3
arnhem,3
aruba,3
arvizo,3
arya,3
asami,3
ascension,4
aschenbach,3
ashanti,3
ashfield,3
ashikaga,3
ashina,3
ashoka,3
asi,3
askew,4
astro,4
astrophysical,4
athelwulf,3
athenians,3
atta,3
attanayake,3
auguste,3
aurangzeb,3
austen's,3
avalon,3
aves,3
avon,3
axelrod,3
ayala,3
ayers,3
azad,3
azadi,3
azam,3
azuki,5
azula,3
azure,4
bbc's,3
bios,4
bjp,3
bk,3
blu,3
bmc,3
bnp,3
bp,3
bt,3
babcock,3
babu,3
babylonians,3
bacchus,3
bachman,3
backstreet,3
badger,5
bagdasarian,3
bagels,3
baikal,3
bain,3
baja,3
balaji,3
balanchine,3
balboa,3
balder,3
ballan,3
baltistan,3
bangor,3
banquo,3
banu,3
baptiste,3
barclay,3
bard,3
bardhaman,3
bardsey,3
bari,3
barisan,3
barr,3
barthelmess,3
bartlet,3
basaltic,3
basel,3
bashir,3
bataan,3
bathurst,3
batista,3
baum,3
beacon,5
beagles,3
beaker,4
beauvau,3
becket,3
beckwith,3
bedfordshire,3
beechworth,3
behnken,3
bei,3
belinda,3
bellandur,3
bellevue,3
belmonte,3
bender,3
benedictine,3
bengaluru,3
benigno,3
bennelong,3
benois,3
benoit,3
berets,3
berezovsky,3
bergman,3
berisha,3
berkley,3
berlioz,3
bertha,3
bertram,3
beryl,3
bess,3
bessie,3
bethany,3
bethlehem,3
bhadrakali,3
bhaoisgin,3
bhatt,3
bhavani,3
biddle,3
bigwig,3
bijou,3
bischoff,3
bismuth,4
blackwell,3
blanc,3
blanca,3
blanco,3
bland,3
blitz,4
blob,4
bloo,3
bloons,4
blossom,5
bluebeard,3
bluebird,3
bluff,3
blvd,3
boardman,3
boeing's,3
bohemia,3
bohemians,3
bohol,3
boiardi,3
bois,4
bol,3
bolin,3
bomba,3
bombardier,3
bomburst,3
bong,3
bonham,3
bonn,3
bonner,3
bono,3
borgia,3
bosco,3
bose,3
botanic,5
botany,5
bourguiba,3
bowyer,4
boyer,3
braderie,3
brahman,3
brahmin,3
brahmins,3
brak,3
braun,3
breach,5
brearley,3
brecht,3
brendan,3
brennan,3
brer,3
brides,4
broads,4
brophy,3
broward,3
brownback,3
bruce's,3
brumby,3
brythonic,3
bs,5
bucaram,3
bucharest,3
bucheon,3
buck's,3
bucks,3
bud,5
budigere,3
buena,3
buick,3
bulstrode,3
bunyan,3
burdett,3
burgenland,3
burgh,3
burgoyne,3
bursa,3
burt,3
bushahr,3
butts,5
byrds,3
byzantines,3
cdp,3
ceb,3
ced,3
cet,3
cfb,3
cfm,3
cg,3
chl,3
cht,3
cidco,3
cipm,3
cj,3
cpi,3
cska,3
csm,3
css,3
csu,3
ctv,3
cv,3
cadiz,3
cadmium,6
cady,3
cain,3
calais,3
calder,3
cale,3
callahan,3
callas,3
callisto,3
calum,3
calvin's,3
camacho,3
camaro,3
cambodian,3
cambrai,3
campos,3
cantabria,3
capet,3
caprivi,3
capt,3
capua,3
cara,3
cardigan,4
cardiovascular,6
carey's,3
carlsen,3
carney,3
carole,3
carolyn,3
caron,5
carousel,3
carpenter,5
carrera,3
caruana,3
casaya,3
casper,3
cassandra,3
cassidy,3
cassie,3
cassini,3
cassino,3
catarina,3
cathie,3
caucasian,3
caucus,6
cay,3
cayo,3
cedarville,3
celtics,3
centaurus,3
center's,3
cenwalh,3
chach,3
chadwick,3
chaim,3
chairwoman,3
chakraborty,3
challengers,4
changsha,3
chantilly,3
charest,3
charlton,3
chelmsford,3
cheltenham,3
chenab,3
chesterfield,3
chicago's,3
chick,6
chico,3
chilton,3
chinchilla,3
chiron,3
chiu,3
christensen,3
christie,3
chrome,4
chronologically,5
chukchi,3
chuncheon,3
cixi,3
cl,3
clarendon,3
claudette,3
cleaver,3
clementi,3
clifford,3
clint,3
clunes,3
cobain,3
cod,6
colegio,3
collegiate,4
colonia,4
coltrane,3
comanches,3
commando,6
commodus,3
comparisons,4
compton,3
comte,6
confucian,3
congolese,3
congress's,3
conium,3
connecticut's,3
connie,3
conservapedia,3
coordinating,4
coors,3
cop's,3
corbett,3
corby,3
cordero,3
cori,3
cornelia,3
corning,3
coronado,3
correa,3
cortez,3
cottonwood,3
councillor,5
countach,3
cove,4
crackers,6
cradle,5
cranky's,3
cree,3
crete,3
crick,3
crimean,3
cristina,3
croce,3
crook,4
crozier,3
cryer,3
cubans,3
culbertson,3
cumbria,3
cunha,3
cuon,3
curry,3
curt,3
curzon,3
custis,3
cybele,3
cyclonic,3
cyneheard,3
cynewulf,3
cypher,3
cypress,3
cypriot,3
dect,3
dfv,3
dka,3
dnc,3
dpp,3
dram,3
dt,3
dvds,3
dachau,3
dada,4
daddy's,3
daedalus,3
daevas,3
dagobert,3
daintree,3
dal,4
dalek,3
dalmazia,3
dalriada,3
dalrymple,3
daly,3
damnation,3
dan's,3
danny's,3
danon,3
dao,3
darya,3
dastidar,3
davey,3
davids,3
degeneres,3
devos,3
dewitt,3
deadwyler,3
dearborn,3
death's,4
deb,3
debian,3
debra,3
debussy,3
decatur,3
delgado,3
deliverance,3
deloitte,3
deloraine,3
denali,3
deng,3
denuvo,3
depp,3
deptford,3
descartes,3
desi,3
deutsch,3
devaki,3
devlin,3
dhabi,3
diaghilev,3
diaghilev's,3
dieter,3
dik,3
dillinger,3
dina,4
dinah,3
diocletian,3
director's,4
divinity,6
dizzy,3
djibouti,3
dobson,3
doc,3
docklands,3
dodoria,3
dogg,3
dolby,3
dolma,4
dominique,3
donnelly,3
dordogne,3
dornan,3
dorner,3
dorset,3
dostoevsky,3
doubs,3
downey,3
dravidar,3
dresden,3
drusus,3
dubai,3
dude,5
dulles,3
dumbledore's,3
dunbar,3
dune,4
dunmore,3
durango,3
durga,3
duxbury,3
dwight,3
dylan's,3
dynamo,3
dzong,3
eihl,3
enac,3
earls,4
earthsea,3
easton,3
eccles,3
echizen,3
eco,4
ecstasy,3
ecumenical,4
edirne,3
edwardsville,3
efrafa,3
egypt's,3
eisenstein's,3
electra,3
elizabethan,3
elk,3
elkhart,3
elven,3
elvish,5
emden,3
emeralds,3
emilia,3
enceladus,3
enclave,5
encore,4
endeavour,3
endicott,3
endo,3
energie,3
englewood,3
englishman,3
entente,3
epidemiology,5
epidexipteryx,3
epitome,4
epsom,3
erasmus,3
ericsson,3
ernabella,3
erskine,3
escobedo,3
escobedo's,3
escuela,3
esgrima,3
eskimos,3
estonian,3
estudiantes,3
eswatini,3
etruscan,3
etruscans,3
euclid,3
euler's,3
euronext,3
eutropia,3
everest,3
evin,3
ewell,3
excelsior,4
expeditionary,3
expreso,3
fide,4
fps,3
fw,3
fabian,3
fagan,3
fahrenheit,3
fairchild,3
fal,3
fallopian,4
falun,3
faraday,3
farah,3
farce,3
faro,3
farquaad,3
farrar,3
fascination,5
fatehpur,3
fatherland,3
fatima,3
fawkner,3
fearless,5
fein,3
feininger,3
feistel,3
femininity,4
fendi,3
fergie,3
fermat,3
fermi,3
ferrer,3
ferrets,4
ferruccio,3
fey,3
fez,3
fidel,3
fiedler,3
figeac,3
filipinos,3
filmcow,3
finney,3
firebird,3
firefly,4
firth,3
fitz,3
fitzpatrick,3
flair,3
flaming,5
flavia,3
flea,5
fleischer,3
fleming,3
flemish,3
flex,3
flor,4
florentine,3
fogg,3
fokine,3
follies,6
fondue,3
foote,3
foothill,3
foretich,3
fortuna,3
foxes,6
foxtrot,3
fran,3
francine,3
francisca,4
franken,3
frauds,3
fray,3
frederick's,3
frederiksen,3
freemasons,3
freire,3
fremont,3
frentzen,3
freyja,3
friedan,3
frodo,3
fukuoka,3
funniest,5
gfci,3
glados,3
gnu,3
gurps,3
ga,5
gabbard,3
gabe,3
gabi,3
gabriel's,3
gaeta,3
gaga's,3
gagan,3
galatasaray,3
gali,3
galloway,3
galton,3
gamerankings,3
gandhi's,3
gardi,3
garret,3
garroway,3
garry,3
gateshead,3
gato,3
gatwick,3
gaul,3
gautam,3
gautier,3
gaye,3
geeta,3
gemini,3
gems,6
gen,4
gendarmerie,5
genghis,3
gentleman's,3
germain,3
geryon,3
getty's,3
gex,3
geysers,5
giacomo,3
gibson's,3
gideon,3
giessen,3
gifford,3
gigantoraptor,3
gilgamesh,3
gilliam,3
ginsberg,3
giordano,3
giotto's,3
giratina,3
giraud,3
girl's,6
gisela,3
giselle's,3
gitlab,3
glassdoor,3
globi,3
glorious,3
glover,3
gluck,3
goa,4
gohan,3
goin,3
goldberg,3
goliath's,3
gombe,3
goncharova,3
gong,4
gonzalez,3
gonzalo,3
goodwood,3
google's,3
gorbachev,3
gordy,3
gorges,3
gorontalo,3
gorsuch,3
goswami,3
gotta,3
gottfried,3
governor's,5
gowasu,3
gracie,3
grady,3
graham's,3
grammys,3
granth,3
graz,3
grazer,3
greer,3
grendels,3
gretchen,3
gretna,3
greyhound,4
grimace,3
groening,3
grose,3
groske,3
groupe,3
grozny,3
grumpy,5
grunig,3
grushenka,3
guadalupe,3
guardia,3
guggenheim,3
guido,3
guillermo,3
guitarists,5
gully,3
gunnar,3
gunnedah,3
hdd,3
hsra,3
hsv,3
hadrian's,3
hagen,3
hagrid,3
haider,3
haile,3
hala'ib,3
hamar,3
hamilton's,3
hammett,3
hana,4
handel's,3
hannover,3
hanover,3
hao,3
hara,3
harcourt,3
hardin,3
hardwicke,3
hare,4
haripur,3
harmonious,4
harrel,3
hasbro,3
hatshepsut,3
hauenstein,3
haus,3
havana,3
hawking,3
hawthorn,5
hawthorne,3
haye,3
heathrow,3
hector,4
hedgehog,3
heihachi,3
heineken,3
heinrich,3
heller,3
helsinki,3
hendrik,3
henryk,3
herm,4
herod,3
herodotus,3
heroin,5
hershey,3
herzog,3
hess,3
hester,3
het,4
hicks,3
hidalgo,3
higgs,3
higham,3
hijikata,3
hilary,3
hilda,3
hildegard,3
hildesheim,3
himachal,3
hiram,3
histoire,3
hitoshi,3
hoa,3
hobbes,3
hodges,3
holbein,3
hollister,3
holman,3
hon,3
honduran,3
honolulu,3
honourable,3
hooke,3
horatio,3
horne,3
hornsby,3
horowitz,3
horsehair,4
horseshoe,6
hoshi,3
hough,3
houma,3
hounds,4
houts,3
hoyo,3
hua,4
huddleston,3
huguenot,3
hui,3
hulk,3
humanist,4
huntington,3
huntsville,3
huon,3
hussein,3
hydra,4
hydrocarbons,6
hymenoptera,3
iaaf,3
ib,5
icao,3
icj,3
icq,3
iec,3
ii's,3
iihf,3
iii's,3
imax,3
imt,3
ir,4
iras,3
irl,3
irs,3
iss,4
istd,3
iwa,3
iago,3
iceman,3
ichiki's,3
ichthyovenator,3
idamante,3
idomeneo,3
ignacio,3
imelda,3
imhotep,3
imlay,3
imphal,3
impostors,5
inaccessible,6
independents,3
indonesians,3
inez,3
inge,3
inouye,3
inquisition,3
interpreters,5
io,3
iolaus,3
ionian,3
iran's,3
isaiah,3
ishi,3
islero,3
itachi,3
ivanovna,3
ives,3
iwate,3
jbl,3
jmsdf,3
jyp,3
jace,3
jacksonville,3
jacob's,3
jacobite,3
jacobsen,3
jacobus,3
jacqueline,3
jaigopal,3
james's,3
jang,3
janice,3
jared,3
jarrold,3
jason's,3
jats,3
jatts,3
javanese,3
javed,3
jeep,5
jeeves,3
jem,3
jermaine,3
jerry's,3
jess,3
jesuit,3
jesus's,3
jezebel,3
jimi,3
jimmu,3
jive,3
joachim,3
joacim,3
joestar,3
joggins,3
joma,3
jordanian,3
joseph's,3
judah,3
judas,3
junta,5
justo,3
juventus,3
kers,3
ket,3
knd,3
koa,3
kabuto,3
kahne,3
kairi,3
kaiser,3
kal,3
kala,3
kalat,3
kallang,3
kama,3
kamal,3
kambly,3
kamehameha,3
kampfgruppe,3
kangaroos,5
kannur,3
kapustin,3
karaikal,3
karamazov,3
karjalainen,3
karmapa,3
karur,3
kashiwa,3
kaskaskia,3
kathleen,3
kathryn,3
katz,3
kayastha,3
kayise,3
kazama,3
kea,3
keane,3
keba,3
kei,5
keightley,3
keita,3
kelvin,3
kennedys,3
keoladeo,3
keres,3
kermit,3
kerr,3
khel,3
khulna,3
khuman,3
khupching,3
kiki,3
kilda,3
kimball,3
kingman,3
kingsley,3
kinship,3
kiowa,3
kirsten,3
kisumu,3
kitts,3
kiwi,3
klan,3
klemperer,3
knesset,3
kobashigawa,3
kobayashi,3
kobuk,3
kodak,3
kodiak,3
kollam,3
komala,3
komatsu,3
komsomol,3
kon,3
kondo,3
kondo's,3
kongo,3
koopa,3
korea's,3
kota,3
kraft,3
krashen,3
kratos,3
krillin,3
kris,3
krum,3
kshetris,3
kumari,3
kumble,3
kunar,3
kuroda,3
kurohime,3
kuzco,3
kya,3
kyurem,3
lc,3
leds,3
leed,3
lhc,3
lm,3
lnh,3
lp,3
lsd,3
lta,3
lavey,4
labradoodles,3
ladakh,3
laden,4
lakers,3
lakewood,3
lakshmi,3
lam,3
lambeth,3
lamia,3
lamont,3
lampoon's,3
landesliga,3
landis,3
langmead,3
lara,3
lars,3
larsen,3
lately,4
latham,3
launceston,3
lawrence's,3
layla,3
lazar,3
lear,3
lecuona,3
leduc,3
legionnaires,3
leighton,3
leila,3
leonidas,3
leto,3
leung,3
levant,3
levi,3
leviathan,3
levitt,3
liam,3
liang,3
licata,3
liechtenstein,3
liffey,3
lightspeed,3
lillian,3
liming,3
linn,3
linnaeus,3
lionsxii,3
lionsgate,3
lisbeth,3
lissa,3
lite,4
liv's,3
lo,4
lobkov,3
locomobile,3
lois,3
loker,3
lokomotiv,3
londonderry,3
lopburi,3
loretta,3
lorna,3
lotso,3
lotte,3
louhi,3
loyalists,5
luang,3
luca,3
lucca,3
lufthansa,3
lugo,3
lumberjacks,4
lunga,3
luthra,3
luxemburg,3
lydia,3
lynx,4
lyons,3
lyra,3
mbc,3
mbe,3
mc,5
md,3
mep,3
midi,4
mos,4
mpaa,3
msnbc,3
mtr,3
maastricht,3
maastrichtian,3
macbook,3
macdonnell,3
madara,3
madden,3
madeleine,3
madeline,3
magadan,3
magdalene,3
maggiore,3
magicians,3
magnus,3
maha,3
maharajah,3
mahlokohla,3
maison,3
majesty's,3
majlis,3
malacca,3
malays,3
maldives,3
malfoy,3
mallard,3
mamluks,3
manado,3
mandaeans,3
mandark,3
mandingo,3
mandir,3
manet's,3
manetho,3
mangal,3
manifesto,5
mankiewicz,3
mannerheim,3
mannerist,3
mansa,3
mantua,3
manutius,3
mappila,3
mara,3
marais,4
marcel,3
marcellus,3
maren,3
margo,3
margret,3
marianne,3
marius,3
mark's,3
markov,3
maroon,6
marquise,3
mart,4
martini,3
marv,3
massage,5
massasoit,3
massif,5
masur,3
mathew,3
mathias,3
mathis,3
mathura,3
matlin,3
matra,3
matteo,3
matti,3
mauro,3
mauss,3
mauthausen,3
mayr,3
mayweather,3
mazda,3
mccain,3
mcdonald's,3
mcdonnell,3
mcduck,3
mcgovern,3
mcgurk,3
mchale,3
mckee,3
medway,3
meera,3
meg,4
megatron,3
mehdi,3
mei,3
mein,3
mekong,3
melinda,3
melisende,3
melodifestivalen,3
memorandum,4
mende,3
menendez,3
meowth,3
mera,3
merced,3
merlin,3
mermaid,6
merriam,3
merrick,3
mersenne,3
merwan,3
messing,3
meta,3
metohija,3
metroplex,4
metzger,3
mew,3
mexicans,3
mexico's,3
midler,3
midsummer,3
mifflin,3
mii,3
mikasa,3
milano,3
miller's,3
milltown,3
mimi,4
minahasa,3
minden,3
minerva,3
minister's,4
minto,3
mira,5
miraculous,4
miramax,3
miriam,3
mirpur,3
mirren,3
mirvan,3
miskolc,3
mitchell's,3
miz,3
mockingbird,4
modena,3
moe,4
moe's,3
mohini,3
moldovan,3
moncayo,3
mongo,3
monika,3
moniteur,3
mons,4
monsieur,3
monstercat's,3
montag,3
monterrey,3
montesson,3
montpellier,3
monty,3
morales,3
moran,3
morava,3
moravian,3
morecambe,3
morgenthau,3
morley,3
mosconi,3
moser,3
moshi,3
motherland,4
motogp,3
motorsports,5
mottola,3
mozambican,3
mubarak,3
mudaliyar,3
mudokons,3
muggle,5
mulder,3
mun,3
muraoka,3
muriel,3
murmansk,3
muscat,3
musgrave,3
musica,3
mussorgsky,3
nasa's,3
nijisanji,4
nn,3
npvic,3
nsdap,3
nt,3
nada,3
nag,4
nakai,3
nama,3
namur,3
nan,3
nang,3
nanny,4
napthine,3
narang,3
naresuan,3
nasional,3
nasser,3
natalie,3
natalya,3
nataraja,3
nath,3
nayok,3
neal,3
neanderthals,3
necronomicon,3
nehru,3
nellie,3
nellore,3
nemours,3
nen,3
neue,3
neumann,3
neuroscience,4
newton's,3
nexus,4
ng,7
ngambawm,3
nibelungenlied,3
nicaraguan,3
nichi,3
nicktoons,3
nicolas,3
nieto,3
nightingale,3
nijinsky,3
nike,3
nina,3
ninh,3
ninjago,3
niulang,3
nix,4
noah's,3
noddy,3
norgay,3
norm,4
norriss,3
northumberland,3
northumbrian,3
norway's,3
nothofagus,3
novgorod,3
nueva,4
nundle,3
nyctimystes,3
o'hara,3
o'neill,3
obes,3
ocd,3
odi,3
ohl,3
ou,6
ova,3
occidental,4
oceana,3
ogakor,3
ohio's,3
ojibwe,3
okanagan,3
okehampton,3
olsen,3
olson,3
olympiad,3
olympique,3
om,4
oman,3
omer,3
onda,3
onegin,3
onslow,3
ooh,3
opal,4
opeth,3
orchid,3
ordovician,3
orestes,3
oriente,3
oriya,3
ornithischia,3
oromo,3
orthodoxy,3
ortiz,3
osage,3
oskar,3
osman,3
ost,3
otani,3
otter,5
ottomans,3
outback,4
outkast,3
outrageous,3
oyez,3
ozzy,3
pcc,3
pcie,3
php,3
pjc,3
pow,3
ps,3
psa,3
ptsd,3
pacheco,3
pacifica,3
packer,3
padua,3
paine,3
pak,3
palais,3
palak,3
palas,3
paleolithic,4
pallavas,3
palmas,3
palos,3
panamanian,3
panamerican,3
pandit,3
para,6
parachutes,5
paraguay,3
parkes,3
parkinson's,3
parnell,3
parris,3
parry,3
parsifal,3
parthian,3
parthians,3
pasching,3
pashtun,3
paso,3
pathanapuram,3
pathom,3
patton's,3
patty,3
paulownia,4
paz,3
peanuts,5
pearson,3
peckham,3
peep,4
peiper,3
peloponnesian,3
pembrokeshire,3
penang,3
pence,6
pendleton,3
penelope,3
peninsular,3
pentium,3
pepsi,4
peride,3
perrault,3
perrin,3
peru's,3
peshawar,3
petipa,3
petit,4
petrie,3
pfeiffer,3
phan,3
phi,3
phobos,3
phu,3
phyllis,3
piaget,3
pickett,3
pico,3
piero,3
pieter,3
pikachu,3
pilate,3
pillow,4
pimlico,3
pindling,3
ping,3
pinnacle,3
pinnock,3
pistols,5
pittsburg,3
plasmodium,3
plato's,3
playa,3
playground,6
plough,3
plume,5
plutarch,3
poitiers,3
poland's,3
polaris,3
polly,3
polyphemus,3
ponte,3
pontus,3
poodle,4
pooja,3
poonch,3
portsmouth,3
potoroos,6
potts,3
poulson,3
powerpc,3
powhatan,3
prabhakaran,3
prades,3
prado,3
preachers,6
precambrian,3
prefect,6
prelim,3
prem,3
premiership,6
prep,3
presbyterian,3
pretorius,3
priestley,3
primetime,4
prince's,4
priory,4
pripyat,3
pristina,3
privy,3
probus's,3
projekt,3
psychiatry,5
psynergy,3
pte,3
puck,5
puerta,3
pulver,3
puma,3
pumori,3
punisher,3
punt,6
pupusas,3
purdue,3
purgatory,3
puritan,3
puss,5
putin,3
qasim,3
qi,3
qinhuangdao,3
quakers,3
quetta,3
quincy,3
quintology,3
quli,3
qur'an,3
qutb,3
qwark,3
qwest,3
rcmp,3
rem,4
rgb,3
rhs,3
roh,3
rpp,3
rv,3
rabinowitz,3
racecourse,3
radhika's,3
radiohead,3
raffles,3
rahul,3
rajshahi,3
raman,3
ramona,3
rams,3
ramsay,3
randi,3
rangel's,3
rankin,3
rapids,6
ras,4
rasmussen,3
ratna,3
rattan,4
rayleigh,3
razzie,3
reaper,3
red's,4
reddy,3
redford,3
reds,3
redwall,3
reel,5
refugee,4
regia,3
reilly,3
reitherman,3
rembrandt,3
remington,3
remy,3
reserva,3
resnick,3
revelations,4
revilla,3
rhee,3
rick's,3
riddle,5
ridgely,3
rig,6
rihanna's,3
riis,3
ringo,3
ritter,3
riva,3
riveter,3
roach,3
roberta,3
robins,5
rochechouart,3
rochefort,3
rocking,4
rockstar,3
roddenberry,3
roderick,3
roemer,3
roger's,3
romanians,3
romanov,3
ronin,3
rosalie,3
ross's,3
rossi,3
rota,3
rotorua,3
rouse,3
rousseff,3
rowley,3
rowling,3
royalist,4
royce,3
rubens,3
rudy,3
ruislip,3
rum,4
rump,4
runnin,3
rushdi,3
rutherford's,3
rwandan,3
ryuk,3
ryukyuan,3
sbds,3
sfio,3
si,4
sids,3
spc,3
spt,3
sql,3
sr,4
suny,3
sw,3
sabor,3
safari,4
sagamihara,3
sainte,3
salah,3
salina,3
salisbury,3
salvatore,3
samar,3
samguk,3
samoa,3
samos,3
sanam,3
sanderson,3
sandgaard,3
santana,3
sarajevo,3
sarasin,3
saraswati,3
sarnia,3
saruman,3
satanist,3
satsuma,6
savannah,4
savile,3
schafer,3
schell,3
schiff,3
schliemann,3
schroeder,3
schumann,3
scooby,3
scotrail,3
scotsman,3
scotty,3
scranton,3
screaming,5
scribner's,3
scripting,6
scripture,6
scully,3
scunthorpe,3
seacrest,3
seeger,3
sekhmet,3
seleucid,3
selim,3
selma,3
seminole,3
sensational,5
senshi,3
septentrional,3
serb,3
sergio,3
serra,3
setsubun,3
severn,3
sexism,3
sha,3
shaanxi,3
shadows,6
shahid,3
shari,3
shea,3
shearer,4
sheen,5
sheik,3
sheldon,3
shelties,3
shenfield,3
shenyang,3
shepherd's,4
sheppard,3
sherman's,3
sherry,3
shiba,3
shimbun,3
shivakumar,3
shizuoka,3
shogun,3
shostakovich,3
showtime's,3
shroff,3
shu,3
siachen,3
siamese,3
sibley,3
sicilian,3
siddeley,3
siegel,3
siegmund,3
sighisoara,3
sigismund,3
simms,3
sinatra,3
sinbad,3
singaporean,3
singspiel,3
sita,3
sixx,3
skilbeck,3
skylab,3
skyscraper,5
slammiversary,3
slavko,3
slugger,3
smaug,3
smerdyakov,3
smileys,5
smosh,3
smythe,3
socialists,4
solitaire,3
solomons,3
somaliland,3
sommer,3
sompnour,3
sopron,3
sorsogon,3
souillac,3
south's,3
southland,3
southwark,3
soyuz,3
spacex,3
spahn,3
spartacus,3
specifies,6
spillane,3
spinosaurus,3
spruance,3
stacy,3
staley's,3
standish,3
stanislas,3
starr's,3
stead,5
stefano,3
steinberg,3
sten,3
stern,6
stevie,3
stiller,3
stoddart,3
stony,4
stopes,3
strangler,4
stratigraphy,4
straus,3
stunner,3
su,4
suan,3
subah,3
subprefecture,6
sud,3
sukhoi,3
sulla,3
sumner,3
sundance,3
superleague,3
surfer,3
surtees,3
susie,3
sverdlovsk,3
sveriges,3
swallowtail,3
switzerland's,3
tb,3
tbs,3
td,3
tf,3
tj,3
toeic,3
trp,4
twa,4
tachi,3
tadeusz,3
tae,4
tagus,3
tajikistan,3
tak,3
takagi,3
takahashi,3
takalik,3
talia,3
talib,3
tallahassee,3
tallinn,3
tamagotchi,3
tamara,3
tamino,3
tanah,3
tanaka's,3
tantra,4
tanya,3
tao,4
taps,6
tasty,5
tate's,3
tau,4
tavern,6
tawil,3
teatro,3
teddy,6
telecom,3
telekom,3
teletoon,3
telex,3
telramund,3
templeton,3
tendencies,3
teng,3
tenzing,3
teotihuacan,3
terence,3
terminator,4
terrance,3
terrence,3
tesfaye,3
tess,3
teutonic,3
tezpur,3
tfl,3
tha,5
thameslink,3
thelema,3
themis,3
theropoda,3
thiruvananthapuram,3
thumbelina,3
thurgau,3
thurston,3
thutmose,3
ticino,3
tierra,4
tigerheart,3
tihipko,3
tilke,3
timmy's,3
tina's,3
tipu,3
tobi,3
toby,3
togokhan,3
tolkien,3
tome,4
tomomi,3
tong,3
toni,3
tore,6
tosca,3
toulouse,3
trajan,3
travelcard,3
traveler,4
tre,4
treasurer,4
trevor,3
tristar,4
tribune,5
trieu,3
trix,3
trixie,3
trooper,3
troupes,3
trump's,3
tsarnaev,3
tsien,3
tsinghua,3
tsuburaya,3
tsunade,3
tuck,3
tucson,3
tudor,3
tug,6
tughlaq,3
tulu,3
tunisian,3
turkana,3
turkey's,3
turkmen,3
turku,3
tuscaloosa,3
tutte,3
tuttle,3
tyrone,3
uah,3
ucc,3
ufc,3
ui,3
umno,3
unamir,3
unix,5
usac,3
usaf,3
ut,3
uv,3
uenuku,3
uesugi,3
ultra,3
uma,5
umako,3
una,5
unforgiven,3
unicorn,3
union's,4
upazila,5
upstairs,6
ur,3
urbana,3
ursa,3
uusimaa,3
va,4
vt,3
vaginal,3
valenciennes,3
valentina,3
valentine,3
valentine's,3
vancouver's,3
vanguard,4
varma,3
vedas,3
veer,4
ventura,3
verbal,6
verdy,3
vergeer,3
veronica,3
verwoerd,3
vestiges,4
vesuvius,3
veterinary,6
vexin,3
vida,3
vidor,3
viet,3
vignemale,3
vijayan,3
vikram,3
vincent's,3
vinicius,3
vinny,3
virenque,3
virgo,3
vitellius,3
vitoria,3
vitruvius,3
vivan,3
vivienne,3
vladislav,3
vlamertinge,3
vocaloid,3
vogel,3
voldemort's,3
volga,3
vultures,6
wbcs,3
wdr,3
wta,3
wadi,3
wai,3
wainwright,3
wakulla,3
waldo,3
waldorf,3
wallkill,3
walnut,5
walthamstow,3
wankdorf,3
warburton,3
warburton's,3
warden,6
wario,3
warracknabeal,3
washburn,3
waterworks,3
watkins,3
wawel,3
weary,3
webby,3
webster's,3
wee,4
weglyn,3
wehrmacht,3
wesson,3
west's,3
westley,3
westlink,3
wexford,3
where's,3
whipping,4
whisper,3
whitbread,3
whitewater,3
whitfield,3
whitlock,3
whittier,3
wigan,3
wight,3
wigmore,3
wikimedia,3
wildcat,4
wilde,3
wilder,3
willard,3
williamson,3
windmill,5
winkler,3
winky,3
winnie,3
winslow,3
winter's,3
winx,3
wishaw,3
witney,3
woland,3
wollstonecraft,3
wolverine,3
womack,3
wombats,4
wonderwall,3
wong,3
woodbridge,3
woodbury,3
woodside,3
woolworths,3
wordsworth,3
wright's,3
writer's,4
wulff,3
xvii,3
xviii,3
xero,3
xian,3
xinjiang,3
xu,3
yg,3
ymca,3
yagan,3
yajurveda,3
yamaguchi,3
yan,4
yao,3
yap,3
yarra,3
yash,3
yates,3
yeah,5
yelena,3
yellowfang,3
yemalur,3
yeniseian,3
yeo,3
yeti,5
yiddish,3
yin,4
yiren,3
yoda,3
yohannes,3
yomiuri,3
yoon,3
you've,4
young's,3
yours,4
yumi,3
yun,3
yusuf,3
yves,3
zaibatsu,3
zakaria,3
zapotec,3
zapper,3
zaragoza,3
zarkov,3
zeit,3
zevon,3
zhimo,3
zimmermann,3
zion,3
zombie,5
zorro,3
abandoning,3
abdicated,3
abdication,4
abuser,3
accelerating,3
accessing,4
accompanies,3
accomplice,3
accomplishment,3
accordion,3
accountants,3
accusation,3
acetaminophen,4
aches,3
acquires,3
additions,3
additive,3
adhere,3
adhesives,3
administers,3
admire,3
admirers,3
admires,3
adoptive,3
advancement,3
advancements,3
advantageous,3
adversaries,3
advertisers,4
adverts,3
advisors,4
advocated,3
advocates,4
aeronautical,3
aeroplanes,3
aethiopicus,3
affirm,3
agility,3
airbag,3
airmen,3
airport's,4
airship,4
albatross,5
albino,4
alcoholism,3
aldehydes,3
alkenes,3
alle,4
allegation,3
allergies,3
allergy,3
allocate,3
allotted,3
alluvial,3
aloud,3
alphabets,3
alteration,3
ambulances,3
ambushed,3
amenities,3
amnesty,4
amorphous,3
amphibian,4
amyloid,3
anaesthetic,3
analogous,3
analogue,3
analyses,3
analytical,5
anchors,3
ancients,5
angled,3
anguish,3
anhydrous,3
animate,3
annulled,3
anode,4
anthologies,3
antidote,3
antigen,3
antioxidants,4
anvil,4
aphasia,3
apologised,3
apostrophe,3
appellate,5
appendages,3
appetite,3
approx,3
approximation,3
arachnids,3
arbitrator,3
arboreal,3
arcades,4
arched,3
archery,4
archosaurs,3
ariary,3
aristocrats,3
armories,3
armory,3
arrivals,3
arrogance,3
arthropod,3
article's,3
articulated,3
artisan,3
ascent,4
ascetic,3
asexually,3
ashamed,3
assassinations,3
assassins,4
assaults,3
assemblies,5
asserted,3
assessed,5
asset,3
assured,3
astronomer,3
ataxia,3
atheist,4
atonement,3
attaches,3
attainable,3
attaining,3
au,5
audit,4
auditioning,3
auspices,3
authoritative,3
authorship,3
automaton,3
avatars,4
avian,3
avid,3
avoidance,3
awful,4
axed,3
axles,3
backdrop,3
backstroke,3
badgers,3
bagel,3
bait,4
balances,3
balancing,4
balikbayan,3
ballet's,4
ballistic,3
bananas,4
bandits,3
bandmate,3
bans,3
banter,3
baozi,4
barbershop,3
barcode,3
bargaining,3
barge,4
barnyard,4
barren,3
barrister,3
basements,3
batch,3
bathe,3
bather,3
battered,4
battleship,3
beaver,4
bedding,3
bedrooms,3
beg,4
begs,3
behaving,3
believer,3
benzene,3
bestseller,3
bets,3
bids,4
biennial,4
bilingual,4
binders,3
binds,3
biodiesel,3
biographer,3
biologically,3
bipedal,3
birch,5
bisexual,4
blackbird,3
blackout,5
blanketed,3
blankets,3
blasted,3
blend,3
blended,3
blogger,3
bloggers,3
blonde,5
blurring,3
boldface,3
bony,3
booking,3
booklet,4
booming,3
boosted,3
booster,3
booths,3
borrows,3
boson,4
bosons,3
bots,3
boulders,4
bourgeoisie,3
bower,5
bowing,4
bowlers,3
boycotted,3
breakbeat,4
bridge's,3
bridle,3
bristles,3
broaden,4
bronchi,3
broom,3
browser's,3
brushed,3
brutality,3
buckets,3
buildup,3
bullet's,3
bullfrog,4
bullied,3
bully,3
bunches,3
bundled,3
bureaucracy,3
bureaucratic,3
bushranger,3
businessmen,3
bust,5
cabinets,5
caches,5
caecilian,4
calculator,3
calf,3
calibrated,3
calibration,3
calmed,3
calmer,3
candidacy,3
cannibalism,4
canning,3
canteen,3
canyons,3
capabilities,3
capillaries,3
capricious,3
caption,3
cardboard,3
caretaker,4
carom,3
carriageway,3
carrot,4
carts,4
carve,3
cased,3
cassowary,3
casted,3
castling,4
castor,4
castration,3
cat's,4
catalogs,3
catalogued,3
catalysts,4
catalytic,4
catastrophes,3
caters,3
caucuses,3
cavern,4
cavernosa,3
ceases,3
celibacy,3
cellist,3
cellos,3
centimeter,3
centred,3
centrist,3
certainty,3
charcoal,3
charms,3
chateau,4
chatting,3
cheered,3
cheque,3
chew,3
chieftains,3
childlike,3
chilli,3
chimps,3
chloroplasts,3
chopping,3
chorale,5
chromatic,3
chrysalis,4
cinematic,4
circadian,3
circuitry,3
circulatory,3
circumstance,3
civilized,3
clad,3
clams,3
clarify,4
classrooms,3
clauses,4
clears,3
clergyman,3
clicking,5
cloak,4
closeness,3
cloudy,3
clove,4
clumps,3
clustering,3
coarser,3
coasting,3
cocktails,3
coded,4
coefficients,3
coiled,3
coinage,3
coke,5
collaborative,5
collaborators,3
collided,3
colliding,3
collimated,3
colonialism,3
comedians,3
commemorate,3
commemorated,3
commensal,3
commonplace,3
communicator,3
community's,3
commuters,3
comorbid,3
comparatively,3
compelling,3
compressors,3
compromised,3
compulsions,3
compulsive,3
computation,5
computations,3
computer's,3
conceal,3
concentrations,3
concentric,3
conceptual,4
concise,4
condense,3
condiments,3
conditioner,3
confectionery,4
confederations,4
confessions,5
configured,3
confined,3
confirming,4
confirms,3
conflicting,3
congenital,3
conglomerate,3
congratulated,3
congressmen,4
conical,3
connective,3
connectivity,3
conquering,3
conquers,3
conrotatory,3
consanguinity,3
consciously,3
conscript,3
consecrated,3
conserve,3
conspicuous,4
constrained,3
consultants,5
consultation,3
consuming,3
containment,3
contender,3
contributes,3
convertcheck,3
converter,3
convey,3
conveying,3
convictions,3
convocation,3
convoys,4
cookbook,3
coordinator,4
copperhead,3
corals,4
coronary,3
correcting,3
correction,4
correlate,3
corrosive,4
cosmological,4
cosmology,5
cosplayer,4
costuming,3
councilor,4
counseling,4
countably,3
countered,3
counterweights,3
countless,3
coupling,4
courtroom,4
couture,5
covalent,3
coverings,3
cracked,3
cracking,4
crafts,4
cramped,3
cramps,3
crankshaft,3
credentials,3
crested,4
crevices,3
crewed,3
crewmen,3
crisp,4
crocodilians,3
crooked,3
cruiser,3
crustaceans,4
culminated,3
cultured,3
cumin,3
cures,3
curiosity,5
curled,3
curlers,3
curls,3
curly,5
curricula,3
curving,3
cushions,4
customize,3
cyclists,5
cylindrical,3
cyst,3
cysts,3
czar,3
damselflies,4
dashed,3
dealership,3
deathbed,3
decayed,3
decent,3
decisively,3
declaring,3
decorate,3
dedicate,3
deduction,3
deeds,3
defibrillator,3
deficiency,4
deformation,3
deformed,3
degradation,3
dei,4
delegated,3
deliveries,4
delivers,3
dementia,4
demesne,3
demoted,3
denote,3
denotes,3
dentists,3
department's,3
deportation,3
deported,3
deposit,4
depots,3
depressive,4
derivative,3
descendent,3
descends,3
deserted,3
deserve,3
designations,3
detainees,3
detects,3
detergents,3
deteriorated,3
detonate,3
detox,4
deviation,3
devious,4
devised,3
devotional,3
diagnostic,3
diagonally,3
dialed,3
dialling,3
dictatorships,3
didgeridoo,4
diets,4
diff,3
differentiation,4
differing,3
diffraction,4
diffuses,3
digestive,4
digit,3
dilation,3
dilute,3
diluted,3
dimensional,3
dimorphism,3
dinners,3
diplomas,3
disappointment,4
disapproval,3
disciple,5
discontinuous,3
discount,3
discourage,3
discouraged,3
dismantle,3
dismay,3
dismissal,4
dismisses,3
dismounted,3
disorganized,3
dispersion,3
displaced,3
disposal,3
disqualified,3
disregard,3
disrupting,3
disruptions,3
dissatisfied,3
dissipate,3
distal,3
distancing,3
distorted,3
distortions,3
distraction,4
distributing,3
distributions,3
district's,4
disturbances,3
divination,3
dizziness,3
docked,3
documenting,3
dogfish,3
dolmen,3
domestically,4
dominance,4
donates,3
donor,3
doomed,4
doping,3
dormancy,3
dotted,3
doucs,3
doves,5
downed,3
downturn,3
drafts,3
dragon's,3
drawers,3
drills,3
dromaeosaur,4
drowns,3
dryer,3
dubstep,3
duet,3
dungeon,5
duo's,3
durations,3
dusk,3
dusty,5
dyskinesia,3
earths,5
easternmost,3
eccentricity,3
echoed,3
ecosystems,5
edicts,3
edits,3
educators,4
efficiencies,3
elapsed,3
elasticity,4
electing,3
electors,4
electrolytes,3
electronically,3
elevate,3
else's,4
elusive,3
embarrassing,3
embodies,3
embracing,3
embroidering,3
emigrate,3
emissions,3
emitted,3
emo,5
emoticons,3
emotionally,3
emphasizing,3
empirical,3
empties,3
emus,3
enacted,4
encode,4
encouragement,3
encryption,3
encyclopaedia,5
encyclopedias,3
endorsed,3
endorsement,3
endured,3
enforcer,3
enforces,3
engagements,4
engages,3
enlarge,3
enlists,3
enroll,3
enshrined,3
ensuing,3
ensured,3
entertained,3
entertainers,4
entertainments,3
entrepreneurs,3
entrepreneurship,4
entrusted,3
enumeration,4
envisioned,3
epidemiological,4
epidermal,3
epilepsy,4
episode's,3
episodic,3
eponymous,3
equatorial,4
equilibrium,3
erased,3
ere,4
erotic,3
erratic,3
erroneously,3
erupt,3
erupting,3
es,5
escorted,3
estimation,3
ethylene,3
eukaryotic,3
euphoria,5
eusociality,3
evade,3
evaluated,3
eventual,3
evict,3
eviction,3
evils,3
examiner,5
examines,3
exceeded,3
exclamation,3
excursion,4
exemplary,4
exemptions,3
exercised,3
exerted,3
exerts,3
existential,3
exoskeleton,3
expansive,3
expecting,4
expenditure,3
extermination,3
externally,4
extinctions,3
extracted,3
extracurricular,3
extraordinarily,3
eyebrows,3
eyelash,3
facilitate,3
factorial,3
factual,3
faeces,3
faint,3
fainted,3
fainter,3
faithfully,3
faiths,3
faked,3
falciparum,3
falcons,5
familial,4
fashions,4
fastened,3
fatality,3
fatally,3
fathered,3
favourable,3
feasibility,3
federations,4
feeder,4
felony,3
fen,3
ferment,3
fermented,3
fertilisation,3
fetal,3
fibrous,3
fictitious,3
fiddle,3
fielders,3
fifties,5
figurines,4
filing,3
filmmakers,3
filters,4
finalized,3
financed,3
financier,3
fined,3
finer,4
fines,3
fireflies,5
firemen,4
firmware,3
fissure,3
fixtures,3
flake,3
flap,3
flashlight,3
flasks,4
flaw,3
fleets,3
flirting,3
floated,3
floodwaters,3
flowed,3
flurry,3
flushing,5
fluvial,4
foe,3
folds,4
foothills,3
footprint,4
footwear,3
forbade,3
forbids,3
forecasts,3
forehand,3
forgave,3
forgot,5
formulated,3
fortifications,3
fortunate,3
fortunes,5
forwarding,3
fouls,3
foundational,3
fracture,3
fracturing,3
fragmentary,4
frameworks,3
franc,5
freenode,3
frees,3
fresco,3
frescos,3
frighten,3
frightened,4
frog's,3
frontal,4
fronts,3
frowned,3
fruiting,3
fruitless,3
fuck,5
fueled,3
fugue,3
fulfilled,3
fundamentally,3
fundraiser,3
furrows,3
fuselage,3
fuses,3
fusing,3
futon,3
gag,4
gagged,3
gallons,3
gangster,5
gantry,3
garnered,3
gastropod,3
gated,3
gatherers,4
gauges,3
geckos,3
generates,3
genotype,3
germinated,3
gestation,3
ghetto,5
ghouls,3
globes,5
gluon,3
glycol,3
gnome,5
goalscorer,3
goldfields,4
goldfish,3
goliah,3
gonads,3
gonna,5
grading,3
gradual,3
graffiti,3
grandchild,3
grandfather's,4
grandfathers,3
grandmother's,4
graphical,5
grassy,3
grayish,3
grazed,3
grease,4
greed,3
greeted,3
gregarious,4
grill,5
grilled,3
grind,4
groin,3
gruesome,3
guarantees,4
guardians,5
guerre,3
guiding,3
gull,4
gullies,3
gunboats,3
gunpoint,3
gunshot,3
gut,4
gymnasium,4
gymnast,3
gymnastic,3
gypsum,4
habanera,3
hadn't,3
hagfish,4
hairstyle,3
hallway,3
halted,3
halting,3
hanbok,3
handheld,4
hangings,3
hangman,3
happenings,3
happiest,5
harassed,3
harbors,3
harden,4
hardworking,3
harmonica,3
hatchback,3
hatches,3
headbutt,3
headings,3
headmistress,4
headquartered,3
healer,3
heavyweights,3
helix,4
helots,3
helpless,3
hemoglobin,4
hemorrhoid,3
hemp,3
hen,4
henchmen,3
heraldic,3
herbivore,3
hereditary,3
heredity,4
hers,4
heterosexuality,3
hex,4
hibernate,3
highlights,4
hiker,3
hikers,4
hindrance,3
historicism,3
hobbits,4
holiness,4
hollows,4
homicide,4
hominid,3
homosexuals,3
honesty,3
honeybees,3
honorable,4
hoof,3
hopefully,5
hopping,3
horrible,3
horse's,4
hostess,4
hourglass,5
householder,3
housemates,3
humidity,3
hurry,5
husbands,5
huts,3
hydraulics,3
hymen,3
hymns,4
hyoid,3
hyperbolic,3
hypnotism,3
hypoglycemia,4
hypothesized,3
hypothyroidism,3
iceberg,4
ices,3
icosahedron,3
identifier,4
idiom,3
ignition,3
ignorant,4
iguanas,3
illegitimate,3
illustrate,3
illustrates,3
illustrious,3
imaginative,3
imagines,3
imagining,3
immigrated,3
immobility,3
immunology,5
impeachment,3
impede,3
impending,3
imperfect,3
implanted,4
implants,3
implicit,3
implying,3
imports,4
improvisation,4
improvise,3
inauguration,3
inception,3
incidence,4
incidental,3
inconsistent,3
incorporate,3
incorporates,3
incurable,3
indexing,3
indications,3
indicted,3
indistinguishable,3
indomitable,3
induce,3
induction,4
industry's,3
ineffective,3
infarction,3
infect,3
inflatable,3
info,4
infoboxes,3
inform,3
ingestion,3
inhale,4
inherent,3
inhibit,3
inhumane,3
initiate,3
initiates,3
initiation,3
inject,3
injures,3
injustice,3
inmate,4
inns,4
inquest,3
insider,4
inspected,3
inspectors,4
instability,3
installment,3
installments,3
instinctive,3
instituted,4
instrumentation,5
insult,3
insurgent,3
integrals,4
integrate,3
intending,3
intensification,4
intensified,3
intensities,3
interconnected,3
intercultural,4
interiors,3
internship,4
interprets,3
intersecting,3
intertwined,3
intestinal,3
intestines,3
intolerable,3
intolerant,3
intravenous,3
intricate,3
invader,3
invasions,4
invest,3
investigating,3
invincibility,3
invitations,3
invite,3
involuntary,3
ipsum,4
irons,5
irrational,3
irregularly,3
irritate,3
italic,4
jams,3
jars,3
jealousy,4
jelly,3
jerseys,5
jewel,3
jingle,3
jokingly,3
joys,3
jumper,4
jumpers,3
junkyard,5
juror,3
jurors,3
jury's,3
jus,4
jute,3
jutsu,4
kj,3
kadosh,3
kamikaze,4
kanha,4
karaoke,3
kcal,3
kennel,5
kerosene,3
kestrel,4
ketchup,3
kettle,3
keynote,3
keystrokes,3
kidnapping,4
killer's,3
kin,4
kinetics,4
kisses,4
kite,3
kites,3
knives,3
knob,4
knocking,3
kraji,4
lacquer,4
lair,3
lander,4
landlords,3
landslide,3
larval,3
larynx,3
lashes,3
laude,3
launchers,3
laundry,3
leader's,3
leaflets,3
legislator,3
legitimately,3
lend,3
lessened,3
liar,4
librarian,3
libretto,3
lick,5
life's,3
ligand,3
lightest,3
lightsaber,3
limitation,3
limitless,3
limp,4
linearly,3
linguist,3
linguists,4
liters,3
lithosphere,3
litres,3
liturgical,3
livelihood,3
loanwords,3
lobbyist,3
lobe,3
localities,3
locating,3
lockdown,4
logistic,4
logistics,4
longitudinal,3
loom,3
loopholes,3
lophophore,3
lowercase,3
lowering,3
lows,3
luggage,4
luminosity,3
lute,4
luxurious,3
lynchings,4
macos,4
maces,3
madam,4
magically,3
magician,3
magnification,3
mainline,5
malls,3
malnutrition,3
malware,3
managerial,3
mandated,3
mandates,3
mandatory,3
mania,3
manifest,3
manifested,3
manipulation,4
maniraptoran,3
mansions,4
manufactures,3
manure,3
marches,3
marque,3
massed,3
mastered,3
masterpieces,3
masts,3
materialise,3
mathematically,4
matrices,3
mattered,3
matured,3
matures,3
maximizes,3
maze,3
measles,3
medically,3
medulla,3
meerkat,4
mellow,3
memes,4
meningitis,3
mercenaries,5
merchandising,4
merges,3
metallurgy,4
meteors,3
methanol,4
metropolis,5
metropolises,3
mic,4
microsd,3
microfinance,3
microformats,3
micronations,3
microphone,3
midair,3
middlegame,3
midsize,3
migrant,4
migratory,3
militaries,3
milked,3
mimics,3
minigames,3
minimalism,3
minimized,3
minstrel,3
minuet,3
minuscule,3
mischievous,3
miserable,3
misery,3
misfortune,3
mixtapes,3
mobs,4
mock,3
mocks,3
modelling,3
modulated,5
molested,3
mollusk,3
monastic,3
monotremes,3
montage,4
morphological,3
moss,5
motets,3
motherboards,3
motherly,3
motif,3
motifs,3
motility,3
motive,3
motives,3
motorcycles,3
motorsport,4
mounds,3
mouthpiece,3
mudslide,3
multi,4
multicellular,3
multidisciplinary,3
multiplying,4
multivariate,3
muon,3
muons,3
muskets,4
myriad,4
mysteriously,3
mystical,3
mysticism,3
mythological,3
mythologies,3
nagraj,4
nakedness,3
namesake,3
nasty,3
nationalised,3
navigable,3
navigational,3
necessities,3
neckbreaker,3
necks,3
neglect,4
negligence,3
nemesis,5
nettle,3
networked,4
neuron,3
neurosyphilis,3
neutered,3
neutron,3
newscast,3
newspaper's,3
nomenclature,5
nominate,4
nominates,3
noodle,3
northerly,3
notch,3
notified,3
notions,3
novellas,3
novice,4
null,3
nurture,4
nutrient,3
oaths,3
obesity,4
obeys,3
object's,3
oblique,3
observer's,3
obstruction,3
obverse,3
octaves,3
odds,3
oestrogen,3
offend,3
offended,4
okay,4
omission,3
omnibus,3
onboard,4
oncoming,3
oneself,3
onion,5
onset,3
operative,5
operettas,3
oppression,3
optics,4
opus,4
orally,3
orchestra's,5
orchids,3
ordinarily,4
ores,3
organizer,3
orientalis,3
oriented,3
origami,3
orogeny,3
orphanages,3
orthogonal,3
orthography,4
outflow,3
outlined,3
outlines,4
outlook,4
outnumbered,3
outright,3
outsiders,3
outspoken,3
outstretched,3
outwards,3
ovaries,4
overhang,3
overload,3
overlord,4
overseeing,3
oversees,3
overshadowed,3
overthrew,3
overtook,3
overture,4
ovum,3
owe,3
owning,3
oxpeckers,4
ozone,3
packing,4
paddies,3
paddles,3
pageants,3
pains,4
palaestra,4
paleobiology,3
palms,5
pamphlets,3
panicked,3
panning,3
pantyhose,3
parable,5
paradigm,4
paragraph,3
parallelepiped,3
parallelogram,3
paranoid,4
paranormal,4
paraphrase,3
parasitism,3
parasitoid,3
parcels,3
parity,3
parliamentarian,4
parlour,3
parrots,4
partisan,5
partnered,3
passageway,3
passports,3
passwords,3
pastries,3
pastures,4
pathos,3
patrols,3
patrons,3
pavement,3
payload,5
peacekeeping,4
pear,4
peat,3
pebbles,3
pedagogy,3
pellet,3
pelvis,3
penance,4
pendant,3
penicillin,3
penned,3
pentagram,3
peptide,4
perceive,3
periodically,3
periodicals,3
permutation,3
perpetrator,3
perpetual,3
persecuted,3
persisted,3
persona,3
personification,3
persuade,3
persuades,3
perturbations,3
pestis,3
phalanx,3
pharaohs,5
pharaonic,3
philanthropy,5
phosphate,3
photojournalist,3
pickle,4
pickup,4
pillbox,3
pillows,3
pills,3
pincers,3
pinch,3
pioneered,3
pipelines,4
pitching,3
pithos,3
placings,3
plane's,3
planks,3
plantain,3
planters,3
play's,3
plinth,3
plotted,3
pluck,4
plugins,3
plump,3
plunge,3
pneumonia,3
pointe,3
pointy,3
poking,3
polarizing,3
polishing,3
polite,3
politically,4
polled,3
polyhedron,3
polymorphism,5
popularised,3
por,4
porcelain,3
porch,4
porcupines,5
pore,4
portfolio,3
positional,4
postcard,3
postgraduate,4
posting,3
postmodern,4
postulate,3
postulates,4
postwar,3
potions,4
poultry,3
pouring,3
powering,3
powerless,3
pox,3
practise,3
praises,3
pranks,4
prawns,4
prayed,3
prays,3
precede,3
precedence,3
precedents,4
precinct,4
precursors,4
predatory,4
predicting,3
preface,5
prefectural,5
prefectures,3
prefixes,3
premenstrual,4
preparatory,5
prequel,4
prescribe,3
preserver,3
preside,3
presumed,3
prevailing,5
primordial,3
princesses,4
principally,3
privateers,3
prized,3
probabilities,3
procedural,3
productivity,4
professions,4
prohibit,3
projectile,4
projectors,3
proletariat,3
prolonged,4
promenade,4
prompting,3
prone,3
propagate,3
propagation,3
propelling,3
prophecies,4
propositional,3
prospects,5
prosper,3
prospered,3
prostitutes,3
protectorate,3
protectors,3
provisionally,3
psalms,5
psychoanalysis,4
psychosocial,3
psychotherapy,3
pterosaur,3
pubilc,3
pumping,3
pumpkins,3
pun,4
pythons,4
quadrant,4
qualitative,5
quantification,3
quantifier,3
quartets,3
quartz,3
quits,3
quoll,3
quotas,3
rabies,4
rack,3
radians,3
radiator,3
radicals,3
raft,3
rags,4
raindrops,3
rallied,3
ramps,3
ranches,3
rappers,3
rarest,3
rarity,3
raster,4
ratify,3
rationale,3
razed,3
razor,3
realistically,3
realization,3
rearrange,3
rearranged,3
rebound,3
recaptured,3
receptionist,3
recession,3
recieved,3
reciprocal,3
recitation,3
recitative,3
recognizable,3
recommendation,4
reconciliation,4
reconstruct,3
recorders,4
recoveries,3
recovers,3
recruits,3
recurrence,3
redder,3
rediscovered,3
redshift,3
redundancy,3
redundant,4
refereed,3
refill,3
refinement,3
refinery,4
reflecting,3
reflective,3
reforming,4
refuel,3
reggaeton,4
regrets,3
regroup,3
regulators,4
rehab,4
rehearsing,3
reincarnated,3
reissued,3
reloading,3
remark,3
remarked,3
remastered,3
reminded,3
remodelled,3
renown,3
reorganization,3
repaid,3
replying,3
reproduced,3
reproduces,3
requesting,3
researching,4
resented,3
resigning,4
resistors,4
rested,3
restructuring,3
resultant,3
resume,3
retailers,3
retake,3
retaliated,3
retractable,3
retracted,3
retrievers,3
retrograde,3
reversing,3
revert,3
reverts,3
reviewing,4
revolutions,3
revolving,4
rhinoceros,3
rhyme,3
riddles,3
ridges,3
riflemen,3
rim,5
rink,4
rites,4
riverbed,3
roadside,3
roasted,3
robbed,4
romanised,3
roost,3
rooster,4
rostrum,3
rot,3
rotated,3
rotor,3
routed,3
royalties,3
rubbish,3
rudeness,3
rung,3
sacraments,5
safeguarding,3
sailfish,3
salamanders,4
saline,5
salon,5
sanctioned,3
sanctus,5
sandals,3
sandbox,3
sands,5
sandwiches,5
sap,6
sash,3
satisfactory,3
satisfying,3
saucer,4
sauropods,3
savanna,3
scents,3
sceptics,3
schedules,3
scientifically,3
scoil,3
scorpion,3
screams,4
screenplays,3
scribe,3
scrolling,3
seabirds,3
seaman,5
seclusion,3
secrecy,4
secretaries,4
seekers,4
seismic,4
selfishness,3
semiconductors,3
seminar,4
seminars,4
semitones,3
sensorineural,3
sepals,3
separatism,3
seperate,3
sequencing,4
serfs,4
sermon,4
serpents,3
serviced,3
servicemen,3
setbacks,3
seventies,3
severed,3
severity,3
sexy,4
shaded,4
shingles,4
shipwrecks,3
shipyard,3
shogunate,5
shootings,3
shootout,3
shoppers,4
shortcomings,3
shortcuts,3
shorten,4
shouted,3
shouting,3
shovel,4
showers,3
shrinks,3
shuffled,3
shutdown,3
shutouts,3
sickly,3
sidelines,3
siding,4
sifted,3
sightseeing,3
signalling,4
sikhae,3
simplicity,4
singer's,3
sinister,4
sinners,4
sintering,3
siphon,3
sixties,3
ska,4
skateboarding,3
skiffle,4
skipped,4
skippers,3
skirmishes,3
skits,3
skyscrapers,3
slabs,3
slash,5
slashing,4
slated,3
sleeps,3
sleepy,3
slice,3
slightest,3
slime,3
slimmer,3
slip,5
slipped,3
slit,3
sloop,3
slum,3
smallmouth,4
snacks,3
snapping,3
sneak,4
sneaking,3
sniffing,3
snowboard,4
snows,3
sociologist,3
soles,3
soluble,3
solute,3
sonatas,3
soups,4
southerly,3
southernmost,3
southward,3
sow,3
spaced,3
spadix,3
spaghetti,3
specializing,3
speciation,4
spectra,3
spectrometer,3
speedy,3
spellings,3
spiky,3
spilled,3
spilling,3
spit,4
spoil,5
spongy,3
spore,3
spotter,3
sprinkled,3
spurious,3
squaring,3
squash,3
squaw,3
squirrel,5
stab,3
stacks,3
stain,4
stair,3
stakeholder,3
stalemate,3
standardised,3
standings,3
standpoint,3
startling,4
stateless,3
statistic,3
stature,3
statutes,4
steampunk,3
steelworks,3
stepdaughter,3
stepfather,3
steric,3
stocky,3
stormed,3
storytelling,4
strategist,3
stratosphere,3
streamlined,3
stressed,4
strikeouts,3
striker,4
striping,3
stucco,3
stumps,3
stuttering,4
subfamilies,3
submucosal,3
subordinates,3
subscribe,3
subsidies,4
substandard,3
subtitle,3
subtracting,3
sucking,3
sufficiently,3
sugarcane,4
suicides,4
suitcase,4
suites,3
suitors,3
superb,3
superficial,3
superhuman,4
supermarkets,4
superpower,3
superseded,3
superstitions,3
superstructure,3
supervises,3
supervisor,5
suppliers,3
supportive,3
surfboard,3
surfing,3
surgeries,3
surrogate,3
sustaining,3
swampy,4
swearing,3
sweeping,3
swims,3
swimsuit,4
swings,3
swirling,3
syllogism,3
symbolise,3
symbolize,3
symmetric,3
sympathetic,3
symphonic,5
synchronized,3
synchrotron,4
systematically,3
systematics,4
systolic,3
tabby,3
tact,3
tadpole,3
tailor,4
takeoff,3
tankers,3
tardive,3
targeting,3
tariffs,4
tasked,3
tattooing,3
taxa,3
taxed,3
teased,3
teaser,3
telecommunication,3
telephones,3
teleports,3
tempered,3
temporal,4
tender,4
tenses,3
tentative,4
terminally,3
terminals,3
terrific,3
textures,3
thanked,3
thee,4
themself,3
theologians,4
theorems,3
thigh,3
thinker,3
thoracic,3
thorax,3
thunderstorm,3
tiebreaker,3
tilt,3
tipped,3
titanium,4
toilets,3
tolls,3
tongues,3
toothed,3
toothless,3
topping,5
torque,3
torrential,3
totals,3
tow,3
towed,3
towel,3
tr,3
tracery,3
tractor,4
tracts,3
trader,3
trailing,3
trainers,3
tramway,5
transept,3
transformer,4
transfusion,4
translating,4
transliterated,3
transmissions,3
transmitting,3
transmutation,4
transparency,5
transplant,3
transplants,3
tread,5
treble,3
tremors,3
trestle,3
triangles,3
tribesmen,3
triggers,3
trillions,3
trioxide,3
triumphant,3
trivial,4
trombonist,3
trophies,4
tropics,4
truncated,3
trustee,3
tuffs,3
tumour,4
turbocharger,3
turbos,3
turmeric,5
turnbuckle,3
turntables,3
turquoise,3
tutorial,4
typeface,3
typewriter,3
typhoons,3
tyrannical,3
ud,3
ukulele,3
unaffected,3
unalienable,3
unanimously,3
unaspirated,3
unbalanced,3
uncontrollable,3
uncover,3
uncredited,3
underage,3
underarm,3
undercover,4
underestimate,3
undergoes,3
undermine,3
understory,3
underwear,3
undisclosed,4
undone,3
unearthed,3
unfamiliar,3
unidentified,3
unilaterally,3
unincorporated,3
unionist,4
unites,3
unloaded,3
unnamed,3
unpredictable,3
unrated,3
unreasonable,3
unrecognized,3
unrestricted,3
unsolved,3
unsupported,3
untouched,3
untrue,3
uplands,3
uplifted,3
uppercase,3
ups,3
urbanization,4
urchins,3
urethra,3
uric,3
urn,3
usefulness,3
vacancy,3
vague,3
validity,4
variance,3
venerated,3
ventricular,3
vernacular,3
vetoed,3
vibrant,3
vibrating,4
vibrational,3
victim's,3
villas,5
vineyard,3
vineyards,3
vintage,4
viol,3
violate,3
violating,3
violist,3
vocational,3
voluntarily,3
vulgaris,3
waffle,3
wanders,3
waning,3
warms,3
washes,3
washi,4
wastes,3
waterproof,3
waxy,3
weakest,4
weaknesses,3
weaponry,3
weave,3
webcam,3
wed,3
weddings,4
wedgie,3
weed,3
weft,3
welded,3
wept,3
westbound,3
westerly,3
wetland,4
wetlands,5
wetter,3
whale's,3
wheeled,3
whereabouts,3
whereby,3
wherein,3
whipped,3
whistle,4
whiteboard,3
widen,3
widescreen,3
widths,3
wildfires,4
winger,3
wiped,3
wirelessly,3
wit,4
wizarding,3
wondered,3
wooded,3
worsening,3
worshiping,3
wounding,3
wrench,3
yachts,3
yawning,3
yearning,3
yell,3
yoghurt,3
yogurt,3
yolk,3
you'll,4
youthful,3
aba,2
abc's,2
abn,2
abrsm,2
abs,2
acc,2
acca,2
aco,2
adb,2
adf,2
aecma,2
aes,2
afi,2
afm,2
agpl,2
ahl,2
aiesec,2
aj,2
alt,3
anu,4
anzac,2
aod,2
aps,3
asic,2
ata,3
atc,2
atm,3
atn,2
atv,2
auc,2
awa,4
az,2
aalborg,2
aang's,2
aar,2
ababa,2
abbado,2
abbasid,2
abbaszadeh,2
abbaye,2
abbey's,2
abe's,2
abedzadeh,2
abergavenny,2
aberystwyth,2
abhishek,2
abi,2
abilene,2
abraham's,2
abrahamic,2
absheron,2
abydos,2
acanthostega,2
acastus,2
accademia,2
accession,3
accords,3
acetylene,2
achebe,2
acheulean,2
achomi,2
acta,2
activex,2
adam's,2
addams,2
addax,2
adder,3
addington,2
addison,2
adele's,2
adelson,2
adept,2
adeyeye,2
adina,2
adirondack,2
adirondacks,2
admira,2
admirals,4
ado,3
adolphe,2
adonai,2
adore,2
adrianne,2
adulteration,2
aed,2
aegis,2
aegyptiaca,2
aeneas,2
aermacchi,2
aero,2
aeromexico,2
aerosmith,2
aerosmith's,2
aethelthryth,2
afar,3
afonso,2
africa's,2
africana,3
africanized,2
afrotropical,2
aft,4
agip,2
agnotology,2
agostino,2
agranat,2
agrarian,4
aguila,2
aguilar,2
aha,3
ahmet,2
ahmose,2
aibak,2
aichi,2
aiken,2
aire,2
airey,2
aisne,2
aitken,2
akazai,2
akhari,2
akhenaten,2
akihito,2
akima,2
akira,2
akita,2
akkad,2
ala,2
alabaster,2
aladdin,2
alagna,2
alas,3
albano,2
albay,2
albers,2
albi,2
albin,2
albirex,2
albright,2
albuquerque,2
alcina,2
alcorn,2
aldama,2
aldenham,2
alderney,2
aldhelm,2
aldi,2
aldobrandeschi,2
aldrin,4
alekhine,2
alenia,2
alesso,2
aletta,2
aleut,2
alexander's,2
alfea,2
alfreton,2
algarve,2
algerian,2
ali's,2
alianza,2
alikovo,2
aliquippa,2
aljunied,2
allakaket,2
allama,2
allegiant,2
allende,2
allentown,2
allerton,2
allgaier,2
allo,2
allstate,2
almagro,2
almaz,2
almonte,2
alois,2
alphonse,2
alpin,2
alta,3
altach,2
altaic,2
altos,2
altwaijri,2
alvaro,2
alvy's,2
amadora,2
amala,2
amarelo,2
amati,3
amazonian,2
amazons,2
ambert,2
ame,2
amedeo,2
amerigo,2
amhara,2
amidala,2
amina,2
amit,2
amitabh,2
amlaki,2
amman,2
ammann,2
ammerlaan,2
ammonium,4
amonasro,2
ampharos,2
amtrak,2
amundsen,2
ana's,2
anacostia,2
anacreon,2
ananke,2
anarchists,4
anarkali,2
anchiceratops,2
anchovies,3
andalusia,2
andante,2
andersen's,2
androids,2
anecdotal,3
angelotti,2
angelou,2
angie,2
angkor,2
anglian,2
anglosphere,2
angusht,2
anhalt,2
animage,2
anna's,2
anni,2
annia,2
anthropological,4
anthroposophical,2
antiguan,2
antipolo,2
antonius,2
antonov,2
antrim,2
antun,2
anvils,2
anzhi,2
aoba,2
aoi,2
apa,3
aparecida,2
apep,2
apertura,2
apocrypha,2
apologia,2
apophis,2
apostolic,3
appendix,2
appian,2
apr,2
aquae,2
aquilla,2
aquinas,2
aquitaine,2
arai,2
araluen,2
aramco,2
arbace,2
arbery,2
arbitration,4
ardija,2
arecibo,2
areum,2
arfwedson,2
argent,3
argentinosaurus,2
argonauts,2
argos,2
argyllshire,2
ariake,2
ariana,2
aries,2
aris,2
arjuna,2
armada,3
armee,2
armero,2
armistice,4
armit,2
arno,2
aronson,2
arronax,2
arroyo,2
arte,3
artur,2
arturo,2
arular,2
aruna,2
arunachal,2
aruwan,2
asad,2
ascorbic,3
ashanti's,2
ashburton,2
ashcroft,2
ashiq,2
ashram,3
asif,2
asimov's,2
asse,2
assurance,2
astaire,2
asteroidea,2
astore,2
astronautical,2
astrosmash,2
asturian,2
astydamia,2
asuras,4
atenulf,2
athelfrith,2
atherstone,2
atienza,2
atkins,2
atlanteans,2
atlantique,2
atletico,2
attie,2
attwood,2
atum,2
aube,2
aude,2
audley,2
aurelian,2
aurore,2
auschwitz's,2
aussie,2
australasia,2
australasian,2
australopithecus,2
austria's,2
auvergne,2
auxerre,2
avenatti,2
aventura,2
avery,2
avesta,2
avocados,2
avro,2
aw,2
awakening,3
awamori,2
ayanami,2
ayelet,2
ayer,2
aylesbury,2
aynsley,2
ayodhya,2
ayokeh,2
ayurveda,2
azkaban,2
baa,3
bbwaa,2
bcf,2
bchl,2
bci,2
bcs,3
bds,3
bdsm,2
bdt,2
bf,3
bfg,2
bmg,2
bmx,2
bpd,2
bpvc,2
bts,2
bwi,2
byu,2
baal,2
bab,2
babar,2
babes,2
babrius,2
babylonia,2
bacchan,2
bachelors,2
bachrach,2
bacon,3
baden,2
badenhorst,2
baedeker,2
baekje,2
baez,2
bahawalnagar,2
bahr,2
bahraich,2
bahrani,2
bai,2
bairavaa,2
baird,2
bake,3
bakerloo,2
bakery,4
bakhmut,2
bakker's,2
baksh,2
bakst,2
balban,2
baldr,2
baldwin's,2
balearic,2
baleen,4
ballads,4
baloch,2
balochistan,2
baloff,2
baltimore's,2
baltoro,2
baluchistan,2
bamberg,2
bambi's,2
banach,2
bandai,2
bandel,2
banerjee,2
banff,2
bangsamoro,2
banja,2
banjarnegara,2
banjul,2
banque,2
banshees,2
baoruco,2
baphomet,3
baptism,4
barakat,2
barbaros,2
barbary,3
barbe,2
barbelo,2
barbers,4
barbie's,2
barbossa,2
barebacking,3
barefoot,4
barga,2
barima,2
barnegat,2
baroda,2
barossa,2
barranquilla,2
barrio,2
barrymore,2
bart's,2
barth,2
bartolo,2
barwa,2
bash,2
bashkir,2
bashkirs,2
basilisk,2
basking,2
basnyats,2
basra,2
bassel,2
bassett,2
basshunter's,2
bastard,2
bastet,2
bastianini,2
bastogne,2
batavia,2
batavian,2
batchelor,2
bate,2
bathilde,2
battersea,2
battista,2
batumi,2
bauer,2
bayan,2
bayh,2
bayleaf,2
baylor,2
bayonne,2
bayou,2
bayville,2
bazar,2
bazarduzu,2
bazargay,2
beyu,2
beal,2
beale,2
beast's,2
beattie,2
beatty,2
beau,2
beaufort,2
beaumaris,2
beauregard,2
beaver's,3
beavers,2
beavis,2
bebop,3
becerra,2
beckmesser,2
bedminster,2
bedouin,2
beeching,2
beetham,2
begum,2
behrens,2
behrouz,2
belafonte,2
belbin,2
belgrano,2
belizean,2
bellamy,2
bellerophon,2
bello,2
bellrock,2
belshazzar's,2
belton,2
ben's,2
bendel,2
bendigo,2
beneatha,2
benefactor,3
beneke,2
benetton,2
benfica,2
bengals,2
benghazi,2
beninese,2
benkei,2
bennie,2
benque,2
benz,2
benzaiten,2
berber,2
bergen,2
bergey's,2
berkshire,2
berle,2
berman,2
bernardino,2
bernardone,2
bernds,2
bernhardt,2
bernstein,2
bernstein's,2
bert's,2
berta,2
bertini,2
bertuzzi,2
berwickshire,2
berzelius,2
betelgeuse,2
beth's,2
bethel,2
bettes,2
betts,2
bevan,2
beware,3
bezerra,2
bhagavad,2
bhandari,2
bharat,2
bharatiya,2
bhasin,2
bhatgaon,2
bhattacharya,2
bhawan,2
bhiria,2
bhoja,2
bhopal,2
bhutanese,2
bhutto,2
bhuvaneswari,2
bi,4
biafo,2
bianchi,2
biancun,2
bibb,2
bibi,2
bicester,2
bicol,2
biel,2
bielefeld,2
biff,3
bigelow,2
bihaan's,2
bikini,3
bila,2
bill's,3
billboard's,2
billings,2
billy's,2
bingley,2
binny,2
bioshock,2
biochemical,3
bionicle,2
biplane,3
birdman,2
birinus,2
birla,2
bison,4
biswas,2
bitcoin,4
bivalvia,2
bizzarrini,2
bjarne,2
black's,2
blackboard,2
blackburne,2
blackwall,2
blackwater,2
blagojevich,2
blagojevich's,2
blanchette,2
blasco,2
blazer,2
blekinge,2
blerta,2
bletchley,2
blockbuster,4
bloon,2
blueberry,4
bluesbreakers,2
bluetooth,2
bluto,2
blythe,2
boba,2
bobcats,2
bocaue,2
bochum,2
bodger,2
bodhi,2
bodine,2
boehner,2
bogle,2
bogrim,3
boh,2
bohemian,2
bohr's,2
bohrok,2
boise,2
bokul,2
boleyn,2
bolivar,2
bolsheviks,2
bolsonaro,2
bolton,2
bolton's,2
bom,3
bonfire,4
bongo,2
boniface,2
bonnet,4
bonya,2
boomerang,4
boon,4
booth's,2
borderlands,2
bormenthal,2
bornholm,2
borse,2
borst,2
bosch,2
boshin,2
bosley,2
bosniak,2
bosniaks,2
bosporus,2
bostaph,2
boucher,2
boudin,2
bouguereau,2
bourke,2
bourne,2
bowell,2
bowman's,2
boyd,2
boydell,2
boyz,2
bra,2
brabant,2
brabham,2
braddock,2
bradfield,2
bradley's,2
bradman,2
bradshaw,2
braeden,2
bragg,2
brahmanda,2
brainin,2
brampton,2
bran,3
brancaleone,2
brand's,4
brando,2
brandy,2
branford,2
brasilia,2
brauner,2
braves,2
bravo,2
brazo,2
brazzers,2
breckinridge,2
breckland,2
bregoli,2
brenda,2
brera,2
bressuire,2
brethren,2
brewer,4
brewster,2
brgy,2
briatore,2
briggs,2
brigham,2
brill,2
brisbane,2
bro,2
brockman,2
brockton,2
broderick,2
brodkin,2
brody,2
bromine,4
bromley,2
bromwich,2
brookes,2
brookhart,2
brooklands,2
brough,2
brownell,2
brownsville,2
bruges,2
brundisium,2
brunei's,2
bryn,2
brzica,2
bubastis,2
buchan,2
buchenwald,2
buckaroos,2
buckland,2
buckner,2
budai,2
budak,2
budd,2
budh,2
budiansky,2
budweiser,2
buffy's,2
buffyverse,2
bufonidae,2
buhler,2
bulbul,2
bulge,3
bullfrogs,3
bulma,2
bulmer,2
bulwark,2
bump,4
buncombe,2
bundesverfassungsgericht,2
bunko,2
bunning,2
burbank,2
burbidge,2
burg,3
burgesses,2
burghclere,2
burgundian,2
burman,2
burnaby,2
burnout,2
burns's,2
burr,2
buru,2
busch,2
bushfield,2
busker,2
butte,2
butterfield,2
buu,2
buxton,2
byakuya,2
byblos,2
byers,2
byzantion,2
byzantium,2
caa,2
caf,2
casa,3
cbbc,2
cbe,2
ccha,2
cda,2
cdses,2
cfa,3
cfo,2
cha,2
chf,2
chogm,2
chp,2
ci,4
cid,3
claas,2
cmll,2
cms,2
cn,2
cnbc,2
cns,2
cnsad,2
coe,3
com,2
coo,2
cp,2
cphc,2
cpr,2
cr,2
crs,4
crt,2
cst,2
cw,2
czw,2
caan,2
caching,4
cacos,2
cacus,2
caesariensis,2
caesium,3
caffe,3
cagliari,2
cai,2
caicos,2
caihong,2
cairngorms,2
caius,2
caldwell,2
calendars,4
california's,2
callaghan's,2
calle,2
callendar,2
callistus,2
calpe,2
calvi,2
calvinism,2
camarines,2
cambodians,2
camborne,2
camila,2
campeonato,2
camposaurus,2
canapino,2
canids,2
canis,2
canonical,3
canopus,2
cantor,2
canzoniere,2
capablanca,2
capacitors,2
capcom,2
cappielow,2
capricorn,2
capricornus,2
capshaw,2
caracas,2
caras,2
caravan,4
carbide,3
carbonell,2
carel,2
carina,2
carinae,2
carinthia,2
cariris,2
carlingford,2
carloman,2
carlsberg,2
carlyle,2
carme,2
carmel,2
carmelites,2
carmilla,2
carmine,3
carnatic,3
carnivall,2
carnivora,2
carolee,2
carolingian,2
carpathian,2
carpentier,2
carpi,2
carracci,2
carrick,2
carrington,2
carruth,2
carruthers,2
carstens,2
cartagena,2
carter's,2
carthaginians,2
cartman,2
casablanca,2
cascades,3
casley,2
cassio,2
castell,2
castiglione,2
castrum,2
catalunya,2
catarinense,2
catasetum,2
catedral,2
caterina,2
catesby,2
caucasus,2
caufield,2
cauldron,3
caulifla,2
cavaliers,2
cavan,2
cavel,2
cawnpore,2
caxton,2
cayce's,2
cayman,2
cdte,2
cedars,2
celal,2
celso,2
celts,3
cengage,2
centenario,2
centrum,2
centurylink,2
ceolred,2
cepheus,2
cerberus,2
cercle,2
cervantes,2
cesare,2
chafee,2
chak,2
chalkida,2
chalmers,2
cham,2
chaman,2
chancellery,2
chand,2
chandana,2
chandler,2
chandrika,2
chandy,2
chanel,2
chaparral,2
chapelle,2
chapera,2
chaplain,3
chaplain's,2
chaplin,2
chapultepec,2
charing,2
charlatan,3
charley,2
charlottenburg,2
charminar,2
charnock,2
chartered,4
chaser,2
chattahoochee,2
chatterjee,2
chaucer,2
chaucer's,2
chaudhary,2
chautauqua,2
chauvin,2
chavan,2
chavo,2
chedi,3
cheema,2
chefoo,2
chemin,2
cheney,2
cheng,2
chengara,2
chengdu,2
chenglei,2
cheo,2
chernov,2
cherokees,2
chestnut,2
chetopa,2
chiang,2
chiapas,2
chichester,2
chigorin,2
chikungunya,3
childers,2
chili,4
chinook,2
chippy,3
chitra,2
chitralekha,2
chittenden,2
chittoor,2
chitty,2
chloephaga,2
cho,3
choate,2
chobe,2
chocolat,2
chola,2
chopin,2
chopin's,2
chopsticks,4
choudhury,2
chrissy,2
christi,2
christian's,2
christo,2
christoph,2
chrudim,2
chuang,2
chugach,2
chulsu,2
chunhawan,2
ciara,2
cicero,2
cicero's,2
cie,3
ciera,2
cine,2
cirencester,2
cirrhosis,4
cistercian,2
citipati,2
citrus,2
civilisation,4
civitas,4
claes,2
clancy,2
clapham,2
clapping,3
clapton,2
clapton's,2
clara's,2
claremont,2
classen,2
clausewitz,2
clausura,2
clavier,2
cleland,2
clemente's,2
clemm,2
cleo,3
cleves,2
clink,2
clio,2
clione,2
clotilde,2
cloudpaw,2
cluzet,2
cobham,2
cobras,3
coburg,2
cochin,2
cockapoo,2
cockatoo,4
cocker,2
cockers,2
coconuts,4
cocos,2
codebreakers,4
codex,3
coggeshall,2
cogs,2
cohesion,2
coimbatore,2
coimbra,2
cola,2
colchagua,2
colchester,2
coldplay,2
coleoptera,2
coll,2
collin,2
collumb,2
colne,2
colocs,2
colson,2
comatose,2
combo,4
combs,2
comcast,2
comecon,2
comendador,2
comercial,2
comm,2
commandant,4
commandments,4
commentarii,2
comoros,2
comox,2
compagnie,2
compatibility,4
concertgebouw,2
conch,4
concorde,2
concurrence,2
condamine,2
conegliano,2
confection,3
confucius,2
congreve,2
conmigo,2
conn,2
connemara,2
conner,2
connery,2
conservancy,2
constantijn,2
consultative,2
contra,4
cooinda,2
coon,2
coonoor,2
coop,2
coosa,2
cope's,2
copeland,2
copernicus,2
coptic,2
coquette,2
coquitlam,2
corday,2
cordelia,2
corkscrew,4
cornel,2
cornelis,2
cornelius,2
cornhuskers,2
correctional,2
corsair,2
cortina,2
cory,2
cosby,2
cosgrove's,2
cosimo,2
cotentin,2
cottages,3
cottbus,2
cottrell,2
council's,4
county's,4
coups,2
courageous,2
courtenay,2
courtesy,4
coventry,2
coverdale's,2
coyotes,3
cozumel,2
crabbe's,2
crace,2
craftsman,4
craig's,2
craignish,2
crandall,2
cranky,2
crass,2
crassus,2
craven,2
crease,3
creep,3
creeper,2
creon,2
creos,2
crespi,2
crewmates,2
crib,3
crimson,4
criollos,3
criss,2
cristal,2
cristoforo,2
critique,3
croatians,2
crocus,3
crosse,2
crossrail,2
crowley,2
cruella,2
cruises,2
crumb,4
crustacea,2
cruzans,2
cs,3
ctesiphon,2
cuba's,2
cubitt,2
cucumber,3
cucurbita,2
cuenca,2
culicidae,2
culinary,4
cullens,2
cults,3
cultura,2
cummins,2
cunard,2
curnow,2
curran,2
custer,2
cutlass,2
cybiko,2
cyclopes,2
cyclops,2
cymru,2
cypriots,2
cyrillic,2
czechoslovak,2
czechs,2
czolgosz,2
d'annunzio,2
dbs,2
dbtg,2
dcfdtl's,2
ddr,2
dex,2
dfw,2
dh,2
dj's,2
dlp,2
dmb,2
doi,3
drm,2
dsc,3
dsm,2
dtm,2
dwi,2
dzbb,2
dad's,3
dadaji,2
daddies,2
dae,2
daewongun,2
dag,3
dahak,2
dahl,2
dai's,2
daihatsu,2
daiki,2
daimler,2
dakelman,2
dakkhanon,2
dakotas,2
daler,2
dall's,2
dalmatians,3
damian,2
dana,2
danann,2
dandenong,2
danielson,2
danna,2
danni,2
dansvurmen,2
danton,2
danville,2
daqing,2
darla,2
darlene,2
darlinghurst,2
darmstadt,2
darrell,2
darshan,2
darul,2
darwinian,2
davao,2
davitt,2
dawa,2
dawes,2
dawkins,2
dawson's,2
dax,3
dayan,2
daycare,3
dejong,2
deane,2
dease,2
deathly,3
debbie,2
dec,2
deceiver,2
dechen,2
deewana,2
defibrillation,2
degas,2
degesch,2
deianeira,2
deji,2
dejima,2
delacour,2
delano,2
delgada,2
delibes,2
delk,2
dell,2
delmark,2
delsbo,2
demarcation,2
demetrius,2
demi,2
demomen,2
demotic,3
denham,2
denis,2
dennis's,2
dent,4
dentin,2
denton,2
deo,2
departamental,2
derealization,2
derwent,2
derwentwater,2
detour,2
deudraeth,2
deuteronomy,2
deutschland,2
deux,2
dev's,2
devereaux,2
devonian,2
dewaele,2
dewas,2
dexter's,2
dez,2
dhivehi,2
dhulbahante,2
diable,2
dialysate,2
dictionnaire,2
diderot,2
dien,2
dienes,2
dietrich,2
dieu,2
diffusion,4
diggs,2
digitally,4
dijk,3
dijon,2
dile,2
dilemma,4
diliman,2
diller,2
dinamo,2
diner,4
ding,3
dino,2
dinos,2
dinwiddie,2
diodorus,2
dionne,2
dipper,4
diptera,2
directv,2
discordianism,2
discourses,4
disneysea,2
disobedience,4
ditko,2
diva,2
divas,2
dives,4
divya,2
dix,2
dja,2
django,2
dmitri,2
dmitry,2
dnipropetrovsk,2
dodd's,2
dodgeville,2
dodrill,2
dodson,2
doge,2
dogmatics,2
dojlidy,2
dojo,2
dokdo,2
dokter,2
dole,2
dollarhyde,2
dollhouse,2
domenico,2
domestication,4
domi,2
dominica,2
dominicans,2
dominik,2
dominions,2
domino,3
donald's,2
donatello,2
donegal,2
dong's,2
donghae,2
doniphan,2
donovan,2
dons,2
dooku,2
dooly,2
dorchester,2
dord,2
doreen,2
dorian,2
dormice,3
dorothy's,2
dorsey,2
dortmund,2
dory,2
dostoevsky's,2
doudna,2
dougherty,2
dov,2
dovepaw,2
draco,2
dragonlords,2
drake's,2
drakpa,2
draper,2
draupadi,2
dravida,2
dresdner,2
dressing,4
dressup,2
drosophilidae,2
drury,2
drusilla,2
dumont,3
ducati,2
duchenne,2
duckworth,2
duffield,2
duffy,2
duggan's,2
duhamel,2
dukas,2
dumas,2
dumbarton,2
dumbo,2
dumfries,2
dunant,2
dunkin,2
dunkirk,2
dunlap,2
dunne,2
dunning,2
duong,2
dupplin,2
durability,3
duran,2
durant,2
durocher,2
durov,2
durrani,2
dvaita,2
dvorak,2
dyatlov,2
dyer,2
dynastic,3
dyson,2
dziki,2
eads,2
ebu,3
ebv,2
ecac,2
ecf,2
edsa,2
elo,4
epoc,2
epr,2
erms,2
esl,2
esrb,2
eth,2
ets,2
etv,2
ews,2
earhart,2
earle,2
earwigs,2
eastenders,2
eastman,2
eastwood,2
eau,2
ebert,2
ebro,2
ecclesiastes,2
ecgfrith,2
echocardiography,2
echuca,2
ecuador's,2
ecuadoran,2
edd,2
eddowes,2
edgeworth,2
edgware,2
ediacara,2
ediacaran,2
edinburgh's,2
edlinger,2
edmund's,2
edney,2
edson,2
edwardian,2
eel,3
eelam,2
eels,3
eerdmans,2
egmond,2
egyptologists,2
ehomaki,2
eilenburg,2
eisleben,2
eisner,2
ekhtesari,2
ekumen,2
elba,2
elbert,2
elector,4
elektra,2
eleonora,2
elettaria,2
elfsborg,2
elinkwijk,2
eliphas,2
elise,2
elisha,2
elissa,2
elle,2
ellery,2
ellesmere,2
ellington,2
ellipse,3
ellison,2
elmar,2
elmo,2
elsie,2
elton,2
ely,2
emancipation,3
embley,2
emersons,2
emeshian,2
emil,2
emilie,2
eminence,2
emmer,2
emmett,2
emmitsburg,2
emmys,2
emporis,2
empress's,2
endeavor,2
ender,2
endowment,3
endymion,2
energia,2
englishmen,2
eni,2
enitan,2
ennis,2
enquirer,2
enriquillo,2
ensatina,2
ensign,2
entamoeba,2
entertainment's,2
enugu,2
eochaid,2
eodromaeus,2
eora,2
epaye,2
ephesus,2
ephraim,2
epistles,2
epstein's,2
equinox,4
eric's,2
erich,2
erickson,2
eris,3
eritrean,2
ermengarde,2
eros,2
errol,2
ershad,2
erzulie,2
escudero,2
esme,2
esotericism,2
espada,2
espaillat,2
esplanade,3
espresso,2
esprit,2
essen,2
estelle,2
estes,2
eteocles,2
ethelbert,2
ethelred,2
ethology,3
eton,2
eugenia,2
eugenie,2
eunice,2
euphrates,2
eurocontrol,2
eutiner,2
evanescence's,2
evangeline,2
evangelion,2
evey,2
evgeny,2
evita,2
ewa,2
ewings,2
ewok,2
exeter,2
exmoor,2
extendo,2
ezra,2
fas,2
fbi's,2
fdr,2
festung,2
fgm,2
fiba,2
fid,2
fim,2
fkp,2
fn,2
forotv,2
fpga,2
frsl,2
faba,4
fabaceae,2
fabricius,2
fabrique,2
facetime,2
fairbairn,2
fairfield,2
fairmont,2
falaise,2
falcao,2
falco,2
falken,2
fallin,2
fallschirmjaeger,2
fang,3
faninal,2
fantasia,3
faqir,2
faroe,2
farradiyya,2
farren,2
farringdon,2
fassa,2
fateh,2
faulkner,2
faune,2
favorites,3
fawkes,2
fayetteville,2
fazio,2
feathertop,2
federalist,3
federated,4
federative,2
fedora,2
feelin,2
fegen,2
feldman,2
felidae,2
felipe,2
fenn,2
fennec,2
fenrir,2
fenty's,2
feodor,2
fepsa,2
ferb,2
fergus,2
fermanagh,2
fermilab,2
ferozepore,2
ferrero,2
ferro,2
ferryway,2
feyenoord,2
feyerabend,2
fezzik,2
fianna,2
fierro,2
fife,4
figueirense,2
figueres,2
filip,2
fillion,2
finances,4
findley,2
fink,2
fionn,2
firewire,3
fireproof,2
fireside,2
firpo,2
fists,3
fitzroy,3
fiume,2
fiver,2
fives,2
fjodor,2
flagrant,2
flammarion,2
flamsteed's,2
flashbacks,3
flavio,2
fleay,2
flemming,2
fleury,2
florian,2
flournoy,2
fluorine,2
flyer,3
flynn's,2
flynt,2
fo,3
fogel,2
folktale,4
fon,2
fonseca,2
fonz,2
footscray,2
forcadell,2
forecasting,4
forestle,2
forge,4
forks,4
forrest,2
fossa,4
fossey,2
fournier,2
fours,2
fowl,2
framers,3
franchouchou,2
francia,2
francois,2
franconian,2
franklins,2
frederik,2
freelan,2
freemantle,2
freeport,2
freetown,2
freiberg,2
french's,2
frente,2
freshman,4
fresno,2
freudenthal,2
freudian,2
freund,2
friars,2
frieza's,2
frigate,2
frobisher,2
frogphone,2
frogwatch,2
frollo,2
frustrated,3
fujiyoshi,2
fukuroudani,2
fulk's,2
fullerton,2
fundamentals,2
fung,2
furby,2
furmanov,2
futons,2
gba,2
gc,2
gci,2
ge,2
ged,2
ghz,2
gi,2
gmt,2
gop,2
gpa,2
gpl,2
gr,2
gri's,2
gs,2
gse,2
gssps,2
gui,4
gaborone,2
gabrielle's,2
gaby,2
gad,3
gada,3
gadsden,2
gagarin,2
gagauzia,2
gage,2
gagra,2
gaia,2
gakuen,2
gal,2
gala,3
galactica,2
galba,2
galerkin,2
galicia,2
galician,2
galilean,2
galilee,2
gallardo,2
gallegos,2
gallifrey,2
gallipoli,2
gallo,2
gama,2
gambino,2
gambit,2
gambon,2
gamera,2
gamla,2
gander,2
gander's,2
gandharva,2
gandhinagar,2
ganesh,2
ganga,2
gano,2
ganon,2
gantt,2
ganz,2
gaon,2
garaad,2
garand,2
garay,2
gard,2
gardel,2
gareth,2
garfagnana,2
garfield's,2
garhi,2
garibaldi,2
garibay,2
garmadon's,2
garman,2
garrick,2
gator,2
gatsby,2
gaucho,2
gauguin,2
gault's,2
gaultier,2
gauri,2
gaussian,2
gautama,2
gaveston,2
gawain,2
gawler,2
gayle,2
gaylord,2
gaz,2
gaze,3
gazeta,2
gazetteer,2
gbe,2
geb,2
geejam,2
geelong,2
gees,2
genealogical,2
genet,2
genevieve,2
geng,2
genie,4
genko,2
genoa,2
genoese,2
geologists,4
geon,2
georgiadis,2
georgina,2
geraldton,2
gerard,2
gerardo,2
gerdt,2
gergiev,2
germaine,2
germanicus's,2
gerner,2
geronimi,2
gers,2
gertrud,2
geschichte,2
gesso,4
gesualdo,2
gevorgian,2
gewandhaus,2
gharials,2
ghats,3
ghazal,4
ghiyash,2
ghul,2
gian,2
giancarlo,2
gianni,2
gibsons,2
gigi,2
gilbert's,2
gilberto,2
gildas,2
gili,2
gillard,2
giller,2
gilles,2
gillibrand,2
gillison,2
gillock,2
gingerbread,2
gingrich,2
ginza,2
giorgos,2
giralda,2
giridhara,2
girolamo,2
giroux,2
giscard,2
gita,2
giulia,2
giuliani,2
giulio,2
giunta,2
givenchy,2
glad,4
gladman,2
glam,2
glamis,2
glamour,3
glarus,2
glassman,2
glee,4
glenister,2
glenn's,2
glia,2
globalization,4
glossary,3
glyn,2
glyndebourne,2
gmail,2
gmina,4
gnostics,2
goat's,2
goddard,2
godesberg,2
godey,2
godfrey,2
godwinson,2
goebel,2
goethe's,2
gohar,2
gokarna,2
goku's,2
goldman,2
goldsmith,2
goldstein,2
goldwater,2
goldylocks,2
golfers,4
golgi,2
gonda,2
gondor,2
gonville,2
gonzaga,2
goodnight,2
goodrich,2
goofy,3
gora,2
gordo,2
gordon's,2
gore,4
gorge,4
gorgon,2
gosei,2
gothel,2
gothenburg,2
goths,2
gottlieb,2
gouden,2
gough,2
grabowski,2
graceland,2
grail,3
grammophon,2
grampus,2
grands,3
grange,2
grant's,2
gras,3
graske,2
gratian,2
gravy,3
grebbe,2
grech,2
greco,2
green's,2
greenland's,2
greensand,2
greensleeves,2
greenville,2
gregory's,2
greitens,2
grenada,2
grenadines,2
grendel,2
grevenmacher,2
grevillea,2
greyfriars,2
grieg,2
griffin's,2
grignard,2
griswold,2
grizzly,4
grogu,2
grosset,2
grossman,2
grosso,2
grosvenor,2
groth,2
grumman,2
gryffindor,2
guadeloupe,2
guan,2
guanacaste,2
guayaquil,2
gucci,2
guckkasten,2
guebert,2
guede's,2
gueffroy,2
guelders,2
guelph,2
guerin,2
guerra,2
guideline,3
guidry,2
guifei,2
guillaume,2
guiteau,2
guity,2
gujranwala,2
gulick,2
gumby,2
gundagai,2
gundlach,2
gung,2
gunga,2
gunma,2
gunnora,2
gunter,2
gupis,2
gurdjieff,2
gurdwara,2
gurevich,2
gurnemanz,2
gurung,2
gusev,2
gustavo,2
gustavus,2
gustawes,2
guth,2
guthrie,2
gutierrez,2
guttman,2
guyanese,2
gwent,2
gwynedd,2
gyeongbu,2
gynn,2
gypsies,4
gypsy,3
hb,2
hdds,2
hfl,2
hkcc,2
hnlms,2
hpv,2
haakon,2
haarlem,2
haas,2
haasse,2
hachette,2
hacker,3
hacker's,2
hadid,2
haeckel,2
hafferman,2
haguenau,2
hahn,2
haifa,2
haim,2
hainaut,2
haines,2
hajar,2
haji,2
hajime,2
hajj,2
hak,3
hakim,2
haku,2
halas,2
halfdan,2
halford,2
halftime,2
hall's,2
halland,2
halle,2
hallett,2
halliday,2
hallows,2
halsey,2
ham's,2
hamer,2
hamiltonian,2
hammerfall,2
hammerhead,3
hammond,2
hammurabi's,2
hamon,2
hampden,2
hampstead,2
hamptons,2
hanalei,2
hanash,2
handbooks,3
haneda,2
hanford,2
hankou,2
hanks,2
hanneman,2
hanson,2
hanuman,2
hapi,2
harambe,2
harbin,2
hardcastle,2
haredi,2
hargitay,2
harkonnen,2
harpers,2
harrell,2
harrelson,2
harrigan,2
harriman,2
harrison's,2
harrowfield,2
harte,2
hartheim,2
hartmann,2
harvard's,2
harwich,2
hasanzai,2
hase,2
hasekura,2
hassocks,2
hathor's,2
hato,2
hatta,2
hatton,2
hauer,2
haumea,2
hawley,2
hayabusa,3
hayesville,2
haymarket,2
haynes,2
hayward,2
haywire,2
haywood,2
hazardous,3
hazelwood,2
headband,2
headlight,3
healey,2
heartbreaker,2
heatherwick,2
heaven's,2
heavies,2
heaviside,2
heawood,2
hebrides,2
heer,2
hegel,2
hegel's,2
heian,2
heidenreichstein,2
heihachi's,2
heike,2
heinemann,2
heisenberg's,2
hejaz,2
helen's,2
helens,2
helios,2
helmuth,2
helpline,2
helter,2
helu,2
hemme,2
hemmingway,2
hemorrhagic,4
hemsworth,2
henan,2
henares,2
henet,2
henkel,2
henlein,2
henrietta,2
henrik,2
hens,4
henson,2
heorot,2
hepatitis,3
hera's,2
heraldry,3
herbie,2
herder,2
here's,3
herero,2
hereward,2
hermanas,2
hermia,2
hermon,2
heroines,2
hershey's,2
herstal,2
hertfordshire,2
hertrampf,2
hertz,2
hervey's,2
heseltine,2
hesiod,2
hessian,2
heth's,2
heungseon,2
hewitt,2
hiawatha,2
hickey,2
hideo,2
hideyoshi,2
higa,2
higashi,2
highgrove,2
hijo,3
hikari,2
hilario,2
hilarion,2
hilgard,2
hill's,2
hilleman,2
hillery,2
hilliard,2
hillsborough,2
hilton's,2
himeko,2
hingis,2
hippo,3
hippodrome,2
hippolyta,2
hippolyte,2
hiranyakashipu,2
hiromi,2
hirosaki,2
hirose,2
hiroshi,2
hispano,2
hiss,4
historiography,4
hitch,2
hitman,2
hitter,3
hittites,2
hoard,3
hodgeman,2
hoffa,2
hoffenheim,2
hoffmann's,2
hogback,2
hogg,2
hoi,2
holborn,2
holbrook,2
hollander,2
hollings,2
holly's,2
holmboe,2
holtz,2
holyhead,2
hom,2
homan,2
homer's,2
hometree,2
homeward,2
honecker,2
honeymooners,2
honora,2
honoree,2
hoobland,2
hoon,2
hope's,2
horan,2
horizons,3
horneff,2
hortense,2
hoskins,2
hostel,3
house's,2
houseguest,2
houseguests,2
hovell,2
hoxha,2
hoya,2
hoyle,2
hsinchu,2
hubba,2
huber,2
hudner,2
hudson's,2
huffman,2
hugo's,2
hum,4
humane,3
humanism,2
humayun,2
humber,2
humberto,2
humble,4
humongous,3
huron,2
hurrem,2
hurt's,2
hus,2
huskies,2
husky,2
huston,2
hutt,2
hutter,2
hutterites,2
hutton,2
huygens,2
hyakutake,2
hyakutake's,2
hydropotes,2
hypatia,2
hype,3
hyperion,2
hyperion's,2
hyrule,2
iaf,2
iba,2
ibm's,2
ibsa,2
ic,3
icd,2
ics,2
ide,2
ig,3
iiss,2
ijsselmonde,2
ilr,2
imro,2
inxs,2
ipl,2
iptv,2
ira's,2
irb,2
isa,4
isc,2
isil,2
isro,2
ist,5
itc,2
itis,2
itn,2
ittf,2
iucn,2
iupac,2
ibarra,2
iberia,2
icarus,2
icelandic,2
ichgam,2
ichigo,2
ichihara,2
ichikawa,2
ichiro,2
idiocy,3
idiopathic,4
iftikhar,2
igarashi,2
iggy,2
ignacy,2
ignatius,2
igtisadchi,2
ikariam,2
ikeda,2
ikkoku,2
ilaiyaraaja,2
ilchulbong,2
iller,2
illuminaudio,2
ilocanos,2
ilulissat,2
ilya,2
imageepoch,2
imlach,2
immature,4
imoco,2
improv,3
imran,2
imrie,2
independencia,2
indiana's,2
indira,2
indochinese,2
indonesia's,2
indore,2
indre,2
industrie,2
inferno,2
informatics,2
inhibitors,3
inigo,2
iniki,2
insecta,2
intercropping,2
interjections,3
inverness,2
investigators,4
investing,3
ioannina,2
ioke,2
iolani,2
iona,2
ipshita,2
iquique,2
iraee,2
iranians,2
iridium,2
ironing,3
ironman,2
irony,4
irrawaddy,2
irresponsible,3
iruma,2
irvine,2
isabella's,2
isabelle,2
ise,2
ishibashi's,2
ishii,2
ishikawa,2
isidore,2
islay,2
isley,2
ismaili,2
isra,2
issa,2
issac,2
issei,2
istrian,2
isum,2
isuzu,2
iturbide,2
iubdin,2
ivar,2
iver,2
ivers,2
ivorian,2
iwakuni,2
iwata,2
izabal,2
izmir,2
jb,2
jit,2
jj,2
jogmec,2
jt,2
jtwc,2
jabiluka,2
jabiru,2
jack's,2
jackman,2
jacks,3
jacobean,2
jacopo,2
jadoon,3
jaeger,2
jafar,2
jaffa,2
jagadguru,2
jahan's,2
jai,3
jainism,2
jaiye,2
jakes,2
jalal,2
jama,3
jamaat,2
jamil,2
janek,2
jarden,2
jardine,2
jarrett,2
jayae,2
jayalalitha,2
jayfeather,2
jayhawks,2
jaypaw,2
jaypee,2
jazeera,2
je,4
jeanette,2
jeddah,2
jehovah,2
jekyll,2
jenks,2
jensen,2
jeolla,2
jeon,2
jer,2
jersey's,2
jervis,2
jessica's,2
jetty,4
jeunet,2
jhanda,2
jhansi,2
jharkhand,2
jiangjin,2
jibon,2
jibril,2
jigen,2
jihad,3
jika,2
jimenez,2
jingsheng,2
jitae,2
joaquim,2
jocko,2
jodhpur,2
joe's,2
joffrey,2
johanna,2
johansen,2
johansson,2
johar,2
johnny's,2
johnsson,2
johor,2
jonathan's,2
jones's,2
jonny,2
jorgen,2
josefa,2
josep,2
josepha,2
josephson,2
joshi,2
josquin,2
josuke,2
jotunheim,2
joule,3
jourdan,2
jovi,2
ju,3
juana,2
juba,2
juengling,2
juilliard,2
juju,2
jukes,2
juliet's,2
julliard,2
junge,2
jungli,2
juniper,3
justus,2
kb,2
kbs,2
kc,2
kcr,2
kjv,2
kke,2
ks,3
ka,4
kabar,2
kabbalah,2
kadampanad,2
kafka,2
kaji,2
kaka,2
kakori,2
kalahari,2
kale,2
kalgoorlie,2
kalingas,2
kaliningrad,2
kalki,3
kallis,2
kaltjiti,2
kamen,2
kamino,2
kaminoku,2
kampen,2
kampuchea,2
kamran,2
kamsky,2
kana,2
kanata,2
kanchana,2
kanchanburi,2
kanchipuram,2
kandy,2
kangin,2
kangla,2
kangleipak,2
kanohi,2
kanpur,2
kansai,2
kant,2
kanu,3
kapos,4
kar,2
karak,2
kardashian,2
karim,2
karimganj,2
karloff,2
karn,2
karpov,2
karthikeyan,2
kashchei,2
kashi,2
kashmiri,2
kasich,2
kaskinen,2
kaspar,2
kasugayama,2
kat,3
kata,2
katagiri,2
katakana,3
kathie,2
kathmandu,2
katie's,2
katowice,2
katsuki,2
kattode,2
kauffman,2
kaufman,2
kauniainen,2
kavadis,2
kavanagh,2
kavyamimansa,2
kawamura,2
kawasaki,2
kawashima,2
kaworu,2
kayasthas,2
kazakh,2
kazuya,2
ke,2
kean,2
kearny,2
keaton,2
keiko,2
keke,2
kekkonen,2
keller,2
kelley,2
kellogg's,2
kellys,2
kelmscott,2
kennington,2
kenny's,2
kenyatta,2
keran,2
kerberos,2
kermario,2
kerrigan,2
kessler,2
ketagalan,2
keystone,2
khai,2
khamis,2
khasi,2
khazar,2
khilji,2
khirlepposi,2
khrennikov,2
khufu's,2
khumalo,2
khunjerab,2
khurasan,2
khwaja,2
khyber,2
kichwa,2
kickers,2
kida,2
kiddie,2
kidsongs,2
kierkegaard,2
kiki's,2
kikyo,2
kilmarnock,2
kimberley,2
kimmel,2
kinect,2
kingsman,2
kinki,3
kinloch,2
kinmen,2
kinnock,2
kinsey,2
kinshasa,2
kiowas,2
kipling's,2
kipper,2
kippur,2
kira,2
kira's,2
kirby's,2
kirbys,2
kirchen,2
kirunda,2
kiryat,2
kishan,2
kit's,2
kita,2
kivejinja,2
kiyoshi,2
klerk,2
klingenthal,2
klingon,2
klitschko,2
knanaya,2
knebel,2
knight's,2
knittel,2
knoll,2
knology,2
knopf,2
knott,2
knowles,2
knudsen,2
koblenz,2
koda,2
koechlin,2
koenig,2
koffka,2
koko,2
kolyma,2
kom,2
kombu,3
komets,2
komi,2
komondors,2
kompas,2
konan,2
kong's,2
konga,2
kongsberg,2
konoha,2
koo,2
koongarra,2
koopalings,2
kopechne,2
koran,2
korman,2
kornie,2
kos,2
koshi,2
koska,2
kosovo's,2
kostas,2
kot,2
koterbska,2
kotli,2
kottai,2
kottayam,2
kournikova,2
koussevitzky,2
kow,2
kowal,2
kowdiar,2
koxinga's,2
koyasu,2
koza,2
kozlov,2
kradueng,2
kragle,2
krai,2
kraken,2
krazy,2
krebs,2
kree,2
kretschmann,2
kreuzberg,2
krishnan,2
kristen,2
kristian,2
kristina,2
krisztina,2
krk,2
kronosaurus,2
krosa,2
krupp,2
krusty,2
kryptonite,2
kuala,2
kubo,2
kubrick,2
kudle,2
kunama,2
kunieda,2
kunjarasa,2
kunsten,3
kurapika,2
kure,2
kurth,2
kuru,2
kurukshetra,2
kushan,2
kushiyara,2
kusitor,2
kusunoki,2
kutch,2
kutu,2
kvaternik,2
kwan,2
kwun,2
kyklopes,2
kyle's,2
kyuhyun,2
kyushu,2
lan,2
lapd,2
lask,2
lccieb,2
lcd,2
lds,2
lg,2
lgbtq,2
ligo,2
lpi,2
lrt,2
ls,2
lte,2
ltft,2
laforge,2
ladders,3
ladin,2
ladon,2
laetitia,2
lahab,2
lai,2
laing,2
laird,2
lakeside,2
lakin,2
lakota,2
lakshman,2
lalande,2
lama,4
lamarck,2
lambeosaurines,2
lambeosaurus,2
lambing,2
lamm,2
lamp'l,2
lamy,2
lana,2
lancastrian,2
landes,2
landon,2
lane's,2
laney,2
langa,2
langford,2
langguth,2
langon,2
lannan,2
lansing,2
lapin,2
laplace,2
lark,2
larks,2
larnaca,2
larrousse,2
lasseter's,2
lassiter,2
latif,2
lauderdale,2
laurence,2
laurent,2
laval,2
lavinia,2
lawry,2
laxman,2
laxmi,2
laz,2
leal,2
leamington,2
leanderthal,2
leavis's,2
leblanc,3
lecter,2
leela,2
lees,2
lefebvre,2
legation,2
legendre,2
lehmann,2
leicestershire,2
leipziger,2
leland,2
lele,2
lemaire,2
lemonade,3
len,3
lenard,2
lenihan,2
lennox,2
lentil,3
leona,2
leone,2
leonese,2
leongatha,2
lepidopteran,2
leporello,2
leppard,2
lerner,2
lesnar,2
lesotho,2
letterman,2
leukemia,4
leutherius,2
levantines,2
levine,2
lewey,2
lex,2
liaoning,2
libby's,2
liberia's,2
liberian,2
liberties,4
librarians,2
libre,2
libri,2
licinius,2
liebeck,2
lieberman,2
lieder,2
lifesaving,2
light's,2
lightfoot,2
ligne,3
liliane,2
lily's,2
lim,2
limbo,4
lina,2
lincolns,2
lincolnshire,2
lindenberg,2
lindisfarne,2
lindley,2
lindoro,2
ling,2
lingodbhava,2
lipari,2
lippincott,2
liri,2
lisa's,2
liselotte,2
lita,2
lithography,2
litoria,2
lityerses,2
liverpool's,2
livre,2
llobregat,2
lloris,2
lockhart,2
lockheed,2
locksley,2
lockwood,2
loeb,2
lofoten,2
logie,2
lohia,2
lollobrigida,2
lom,2
lonesome,3
longbourn,2
longevity,3
longhorns,2
longs,2
longstreet,2
longyearbyen,2
lonnie,2
lookout,2
loons,3
lootz,2
lopez's,2
lorado,2
lore,3
lorenzino,2
loring,2
lorne,2
lostprophets,2
lothar,2
louisiades,2
louisville's,2
lourdes,2
lovato,2
lovewave,2
lovelace,2
lovell,2
lowe,2
loy,2
loyalist,3
lublin,2
lucha,2
lucile,2
lucius,2
luckily,2
luckless,3
ludo,3
ludvigsen,2
luka,2
luke's,2
lulach,2
lullaby,2
lully,2
lumsdaine,2
lumsden,2
lun,2
lund,2
luneta,2
lupu,2
lusatia,2
lutter,2
lutz,2
lyari,2
lyceum,2
lycurgus,2
lyle,2
lynchburg,2
lynda,2
lynne,2
lyr,2
lysander,2
mas,3
matlab,2
mbhs,2
mcc,2
mci,2
mcr,2
mdl,2
mi's,2
mj,2
mkt,2
mnc,2
mo,2
mpeg,2
mram,2
msl,2
msm,2
msn,2
msu,2
mtv's,2
mv,2
mvc,2
mviaa,2
mx,2
mab,2
mabel,2
macdonald,3
mach,2
machado,2
machen,2
machina,2
machu,2
maciej,2
macklemore,2
macon,2
mactan,2
maddie,2
maddox,2
madea,2
madejski,2
mademoiselle,2
madge,2
madura,2
maduro,2
madwoman,2
mae,2
maelzel's,2
magazine's,4
magee,2
magnesium,3
magneto,3
magnolia,2
maguire,2
mahadeva,2
mahagonny,2
mahatma,2
mahendra,2
mahfouz,2
mahmud,2
mahoney,2
mahree,2
mahtab,2
maidens,3
maikel,2
maine's,2
mainichi,2
maira,2
maiwand,2
majorana,2
makarfi,2
makhachkala,2
mako,4
makoto,2
maku,2
malagasy,2
malakand,2
malden's,2
malha,2
malibu,2
malindi,2
malir,2
mallacoota,2
mallory,2
mallory's,2
malmaison,2
malphigian,2
malthus,2
maltipoos,4
maluku,2
mam,2
mamie,2
mana,4
manaf,2
manas,2
manasa,2
mancha,2
manchus,2
mancini,2
mandaean,2
mandalorian,2
mandel,2
mandelbrot,2
mandi,2
mango,4
manhattan's,2
mani,2
manlun,2
mannheim,2
mannu,2
manny,2
mano,2
manohar,2
manorama,2
mansour,2
mantee,2
manx,2
manx's,2
manzanar,2
marado,2
marand,2
maranzano,2
marat,2
marathi,2
marawi,2
marcelino,2
marcia,2
marck,2
marcy,2
mardi,2
marengo,2
marga,2
margaret's,2
margareta,2
margriet,2
margulis,2
mari,2
maria's,2
marianna,2
marikina,2
marinette,2
marital,4
markowitz,2
marley,2
marlin,2
marlins,2
marlon,2
marmora,2
marni,2
marquette,2
marrakech,2
marsh's,2
marsha,2
marsupials,3
martians,2
martinville,2
martsinkevich,2
martyrs,2
martz,2
marvin's,2
marxists,2
marylebone,2
masashige,2
masayoshi,2
mashhad,2
maslow's,2
masonic,2
massena,2
massie,2
masterson,2
masterworks,2
mastroianni,2
matarazzo,2
mateo,2
matha,3
matheny,2
mathews,2
mathilde,2
mathra,2
matilde,2
matisse,2
matsushita,2
mattel,2
mattie,2
mauerwerk,2
maui,2
mauler,2
mauna,2
maurepas,2
mauricio,2
mauritania,2
mauritian,2
maurizio,2
maury,2
maxell,2
maximals,2
maximilian,2
maxis,2
mayall,2
mayas,2
maybelline,2
mayer,2
maylene,2
mayrhofer,2
mazanderan,2
mazin,2
mbeki,2
mbenga,2
mcaleenan,2
mcbride,2
mccall,2
mccarroll,2
mccartney's,2
mccaskey,2
mccawley,2
mcclellan's,2
mccloud,2
mccormack,2
mccown,2
mccrea,2
mccullough,2
mccurdy,2
mcdaniel,2
mcdermott,2
mcdowell,2
mcgahee,2
mcgee,2
mcghee,2
mcgill,2
mcgrath,2
mcgraw,2
mcgruder,2
mcintosh,2
mcintyre,2
mckenna,2
mckim,2
mckinley,2
mclane,2
mclean,3
mcmaster,2
mcmillan,2
mcphee,2
mcpherson,2
mcshane,2
mcvitie's,2
meagher,2
mearns,2
mecha,2
mechanicsburg,2
meck,2
medea,2
medellin,2
medhurst,2
mediacorp,2
mediafire,2
mediawiki,2
mediacom,2
medicaid,2
meghalaya,2
mehta,2
meili,2
meitner,2
mekonnen,2
melesh,2
melle,2
mellon,2
melodi,2
menabrea,2
mendeleev,2
mendes,2
menelik,2
meng,2
menon,2
mentalist,2
menzel,2
mephibosheth,2
mercalli,2
merckx,2
mercurio,2
mercutio,2
merengue,2
merikanto,2
merkel,2
merle,2
merrill,2
merv,2
mervyn,2
mervyns,2
meryl,2
merz,2
mesolithic,2
mesopotamian,2
messe,2
messerschmitt,2
mestre,2
metan,2
metcard,2
meteora,2
methodists,2
metis,2
metra,2
metru,2
mets,2
metternich,2
mews,2
mewtwo,2
mez,2
mian,2
michael's,2
michelin,2
mick's,2
mickey's,2
micronesia,2
midas,2
middlesbrough,2
mieke,2
mignolet,2
mika,2
mikael,2
mikawa,2
mikel,2
mikey,2
mikoyan,2
mil,3
milarepa,2
milburn,2
mildenhall,2
milhouse,2
milieu,3
milla,2
millan,2
millett,2
millie,2
millot,2
millwall,2
milnor,2
milos,2
mimar,2
mimico,2
mimili,2
mindanao,2
minehead,2
mineta,2
minke,2
minnelli,2
minnesota's,2
minoan,2
minogue,2
minos,2
minsky,2
minuchin,2
minymaku,2
miocene,2
mirabal,2
mirabilis,2
mirage,4
miramar,2
miroslav,2
misato,2
miscellaneous,4
misfits,2
mistral,2
misty,3
mitochondrial,4
mitsubishi,2
mitte,2
miyazaki,2
mizrahi,2
mnet,2
moa,3
mobilization,4
mocha,2
mochrie,2
moffett,2
mogadishu,2
moghul,2
mogilev,2
mogo,2
mohammed's,2
mohiuddin,2
mohnke,2
moines,2
moirang,2
mojave,2
molan,2
monadnock,2
monaghan,2
monaro,2
monde,3
mongolians,2
monique,2
monkees,2
monkwearwolf,2
monmouth,2
monokuma,2
monolith,2
monsanto,2
monsoons,2
monsopies,2
montador,2
montcalm,2
montecito,2
montenegrin,2
montes,2
monticello,2
moog,2
moolah,2
moonlight,4
moorgate,2
moors,2
mooselookmeguntic,2
morath,2
moravia,2
mordillo,2
mordor,2
moreau,2
moree,2
morell,2
moreno,2
moreton,2
mori,2
moriarty,2
moro,2
morphy,2
mortain,2
mortgage,4
moscow's,2
moselle,2
mossad,2
mostafa,2
motel,3
motocross,2
motojiro,2
mottelson,2
moura,2
moussa,2
movin,2
mowgli,2
moyar,2
mozambique,2
mu,2
muang,2
mucci,2
mucha,2
mucho,2
mucianus,2
mudi,2
mudie,2
mufasa's,2
muhammed,2
muiscas,2
mujahideen,3
mujeres,2
mukesh,2
mule,4
muller,2
mullis,2
multicultural,4
multimedia,4
mummy,2
mumtaz,2
munaf,2
munch's,2
mundial,2
mundus,2
munitz,2
munkyfest,2
munnetra,2
munro,2
munsters,2
murad,2
murakami,2
muraki,2
murdock,2
mure,2
murputja,2
murshidabad,2
muruga,2
mus,2
musa,2
muse,2
musharraf,2
musique,2
mussolini's,2
mustangs,2
mutton,2
mutya,2
mynetworktv,2
mycenae,2
mycological,2
mykola,2
mystic,4
naafi,2
nact,2
nadph,2
nas,2
nasda,2
nasl,2
nb,3
nba's,2
nbatv,2
ncdp,2
ncis,2
ncs,2
nda,2
nfc,2
nfl's,2
nha,4
nhl's,2
nhra,2
nih,2
njt,2
nll,2
nmr,2
noc,2
npa,2
npcs,2
npr,2
nra,2
nwfp,2
nyc,2
nyt,2
nz,2
naa,2
nabis,2
naevius,2
naga,2
nagas,3
nagasaki,2
nagpur,2
nagumo,2
nahyan,2
naidu,2
nain,2
naismith,2
nakajima,2
naloxone,4
namek,2
namli,2
namosi,2
namtok,2
nanak,2
nance,3
nancy's,2
nandini,2
nanotyrannus,2
nanterre,2
nantes,2
nantua,2
napoli,2
nappy,2
napster,2
narcissus,2
nari,2
naruto's,2
naslund,2
nasser's,2
nasu,2
natalia,2
natascha,2
natick,2
nava,3
navel,4
naver,2
navi,2
navy's,2
naxos,2
naya,2
nazim,2
nazionale,2
ne,3
neapolitan,2
nechayev,2
neel,2
neeraj,2
nefarious,2
neftchi,2
negra,2
negritos,2
negros,2
neill,2
nekoma,2
neleh,2
nels,2
nemean,2
nenets,2
neosho,2
nephthys,2
neptune's,2
nerd,2
nereids,2
nerva,2
nerz,2
netanyahu,2
netra,2
netscape,2
neuburg,2
neues,2
neuman,2
neurasthenia,2
neuroethology,2
neusoft,2
neustadt,2
neves,2
newbury,2
newcomen,2
newell,2
newfoundlands,2
newhart,2
newman's,2
newport,2
newsradio,2
newsday,2
newsweek,2
newtown,2
niamey,2
niamh,2
niamh's,2
nibelung,2
nibelungen,2
nicholas's,2
nichols,2
nickelback,2
nicky,2
nico's,2
nicobar,2
nicolaus,2
nicosia,2
nicot,2
nietsche,2
nietzsche,2
nieves,2
niger's,2
nigger,2
nighthawks,2
nightmares,3
nightshade,2
nihon,2
nijinsky's,2
nikolaevna,2
nils,2
niobe,2
niort,2
nita,2
nixa,2
nixon's,2
nizam,2
nizams,2
nkrumah,2
nosql,2
noailles,2
nobita,2
nobody's,2
nocturne,2
noi,2
noize,2
nomi,2
nomlaki,2
nomura,2
nonfiction,4
nonsan,2
nonstop,2
nonverbal,3
norbert,2
noreen,2
norgate,2
normale,2
norrington,2
norseman,2
north's,2
northanhymbre,2
northside,2
northumbrians,2
nostradamus,2
nostratic,2
notables,4
notis,2
nouveau,2
nov,2
novaya,2
novosibirsk,2
nowshera,2
noyce,2
nu,3
nuer,2
nuestra,2
nugent,2
nunavut,2
nunchuk,2
nuncio,3
nuneaton,2
nur,2
nurgle,2
nute,2
nuttall,2
nvidia,5
nye,2
nylon,3
nyon,2
nyong,2
o'connell,2
o'dell,2
o'donoghue,2
o'hurley,2
o'meally,2
o'reilly,2
o'sullivan,2
oauth,2
occ,2
ogame,2
oha,2
oleds,2
oom,2
opc,2
opm,2
osg,2
osi,2
ot,3
otc,2
oup,2
ovc,2
oachira,2
oates,2
oba,2
obama's,2
obedience,4
oberlin,2
obermayer,2
oberon,2
obispo,2
oblivion,3
obrador,2
obsidian,3
occulta,2
oceanography,2
ocho,2
octavius,2
oda,2
odawara,2
oddparents,2
oddysee,2
ode,2
odette,2
odin,2
odisha,2
odissi,2
odontochelys,2
oduenyi,2
oedipus,2
ogdoad,2
ognon,2
ogunwusi,2
oishi,2
ojjeh,2
okinawans,2
okino,2
okonkwo,2
okrug,3
okuni,2
ol,2
olcott,2
oldenburg,2
oldsmobile,2
olduvai,2
oleg,2
oliveira,2
oliver's,2
olivos,2
oliwa,2
ollie,2
olmec,2
olmecs,2
olmos,2
olomouc,2
olsson,2
omaha,2
ombudsman,3
omdurman,2
omen,4
omiya,2
omnipotence,2
onam,2
onassis,2
oneida,2
ong,2
ongar,2
onizuka,2
onna,2
ono's,2
ooo,2
oort,2
ooty,2
opa,3
ophiotaurus,2
opiate,4
oporto,2
oppenheimer,2
optimus,2
oration,2
orb,4
orbitron,2
ordeal,3
orderic,2
ordinance,4
oricon,3
orions,2
orix,2
ormond,2
ornans,2
ornithology,2
orquesta,2
orr,2
orser,2
ortac,2
ortega,2
orthrus,2
ortmann,2
ortmann's,2
ortmark,2
osborn,2
osburga,2
osmin,2
ossetian,2
ostmark,2
osvaldo,2
otoh,2
otsutsuki,2
ott,3
ottava,2
outland,2
outlaws,4
outreach,2
outsider,3
outsourcing,4
ovens,4
owari,2
owensboro,2
owing,3
ox,4
oxalaia,2
oxfordshire,2
oy,2
ozzie,2
p'ent'ay,2
pagasa,2
paok,2
pax,3
pdb,2
pdi,2
pds,2
pk,2
pl,2
pmid,2
pnca,2
pnr,2
pows,2
pst,2
pstn,2
pt,2
pv,2
pvb,2
pvc,2
pacifique,2
pacioli,2
packet,4
paco,2
pact,3
paderborn,2
padme,2
padova,2
paes,2
pahlavi,2
paisley,3
pakhtunkhwa,2
pakistanis,2
pal,3
palaeontological,2
palaestina,2
palatinate,2
palearctic,3
paleocene,2
pali,2
pall,3
pallava,2
palmdale,2
palme,2
palo,3
pampeano,2
pandas,3
pandava,2
pandes,2
pandita,2
pandora's,2
pandya,2
pang,2
pangasinan,2
panjang,2
panopoulos,2
panoramic,2
pantheon,2
panthera,2
pantry,4
papageno,2
pappy,2
papyrus,4
paquin,2
paracetamol,2
paranthropus,2
paras,2
parasakthi,2
parashurama,2
pardoe,2
pareja,2
parke,2
parliament's,2
parlophone,2
parmenides,2
parque,2
parrish,2
parspatunik,2
parth's,2
parti,2
partij,2
pascal's,2
paschim,2
pascoe,2
pasquale,2
passat,2
passer,3
passione,2
pasteurella,2
pat's,2
patel,2
pathan,2
pati,2
patil,2
patna,2
patoski,2
patriarchate,3
patriarchs,2
patriot,4
patsy,2
paty,2
pauli,2
pauli's,2
paulino,2
paulinus,2
paull,2
paulus,2
paviland,2
pavlovich,2
pawnee,2
peake,2
peale,2
peanut,4
pearce,2
pearlman,2
pears,3
pecker,2
pedernales,2
pelagos,2
peleus,2
pelosi,2
penda's,2
penicillium,2
penitentiary,4
pennetta,2
pennington,2
pennyslvania,2
penquite,2
penske,2
penstowe,2
pentatone,2
penthouse,4
pepe,2
pepin,2
perdido,3
perdita,2
perdue,3
pereira,2
peretti,2
peri,2
peri's,2
periyar,2
perl,2
perm,2
permesta,2
permian,2
perrie,2
persei,2
persepolis,2
persistence,2
persocom,2
petersen,2
peterson,2
peterson's,2
petr,2
petra,2
petrarchan,2
petronas,2
petros,2
petticoat,2
petty,4
pew,4
pewdiepie,2
pey,2
peyo,2
phaedra,2
phaedrus,2
phazon,2
phil's,2
philbin,2
philip's,2
philippa,2
phillip's,2
philo,2
phnom,2
pholeros,2
photodiodes,2
photoshop,2
phulkian,2
piazza,3
pic,2
picander,2
picardy,2
picasso,2
picchu,2
piccinni,2
picts,2
piedmontese,2
pierson,2
pieve,2
piggy,2
pilatus,2
pilipinas,2
pinal,2
pinochet,2
pinter's,2
pirelli,2
pita,2
pittoni,2
pity,4
piyiti,2
placid,2
placozoans,2
plastics,3
plateaus,3
platt,2
platyzoa,2
plenary,2
plesiosauria,2
pliocene,2
plovdiv,2
plummer,2
plz,2
poche,2
podlaskie,2
poeciliidae,2
pol,3
polanco,2
polka,2
pollaiuolo,2
pollyanna,2
pollyanna's,2
polyu,2
polyphemos,2
pompidou,2
ponce,2
ponies,3
pont,2
ponta,2
pontiac's,2
pontifex,2
pooh,2
popeye's,2
poppins,2
popstar,2
populist,3
porcaro,2
porcupine,2
poroshenko,2
portage,2
portishead,2
porto,3
portugal's,2
pot's,2
pothohari,2
pottinger's,2
powerpuff,2
powszechny,2
prabhu,2
praeger,2
pragya,2
pratap,2
pratibha,2
praya,2
preamble,2
preben,2
preciosa,2
precursor,4
preet,2
premchand,2
premik,2
premtosh,2
prensa,2
prestige,2
prickett,2
prijs,3
primal,2
primatology,2
primitivists,3
primrose,2
primus,2
prionosuchus,2
prithviraj,2
privilege,4
protour,2
probst,2
probus,2
procoptodon,2
progresistas,2
prohibition,4
prokopion,2
prologue,2
proponents,2
protectress,2
proterozoic,2
protestantism,2
provence,2
proxima,2
prudence,2
prussia's,2
pryor,2
przewalski's,2
psalm,3
pu,4
puccini,2
puff,4
pullman,2
pune,2
pupert,2
puppy,4
purana,3
puranas,2
puranic,2
purcell,2
puremba,2
purge,4
purkinje,2
pussycat,2
pyro,2
qc,2
qhl,2
qmjhl,2
qr,2
qv,2
qatar's,2
qila,2
quadrophenia,2
quan,2
quang,2
que,4
queensway,2
quenya,2
quetelet,2
quicken,2
quiero,2
quinnipiac,2
quixote,2
quorn,2
quraysh,2
qusay,2
razr,2
rbcs,2
rc,2
rip,4
rj,2
rk,2
rnli,2
rom,4
rr,2
rsfsr,2
rtp,2
rts,2
rvd,2
ra's,2
raalte,2
raam,2
rabaul,2
rabelais,2
rabin,2
radha,2
radiometric,3
rae,2
rag,4
rah,2
raihan,2
rainey,2
rainmaker,2
rajagopalachari,2
rajasekhara,2
rajesh,2
raji,2
rajinikanth,2
rajneesh,2
rajput,2
rajya,2
ramachandran,2
ramadan,2
ramat,2
ramayana,2
rambhadracharya,2
ramdam,2
ramirez,2
ramnad,2
ramsey,2
ramsgate,2
ramzi,2
ranbir,2
rancho,2
ranke,2
raoux,2
raphael's,2
rapper's,2
raptors,2
raritan,2
rashida,2
rashtrakuta,2
rashtriya,2
rasmus,2
raso,2
rasputin,2
rathaus,2
ratiborice,2
rawalpindi,2
ray's,2
rayner,2
razia,2
razzano,2
reade,2
realty,2
reardon,2
reaver,2
rebekah,2
recherches,2
recollections,2
recons,2
recreation,4
redd,2
redruth,2
redskins,2
reeder,2
reeks,2
rees,2
refining,4
regal,4
regals,2
regan,2
reggae,4
regimental,3
rei,2
reiko,2
reiner,2
reinhardt,2
reinhold,2
reinventing,2
reis,2
reliance,3
reminiscences,2
ren,3
renate,2
renaud,2
renee,2
renfrew,2
renoir,2
repository,4
residentie,2
resta,2
reuben,2
reuter,2
revan,2
revolver,4
reysol,2
rhapsody,2
rhea,3
rhoads,2
rhoda,2
rhone,2
riahi,2
ribalonga,2
ribeira,2
riboldi,2
rica's,2
ricci,2
richelieu,2
richland,2
ricketts,2
ricky,2
ricordi,2
ridgewell,2
rif,2
rift,4
rigby,2
rijke,2
rijnmond,2
riko,2
riku,2
rima,4
rimini,2
ringling,2
rinnegan,2
ripper,2
risa,2
ritchie,2
rivelles,2
river's,3
riverclan,2
rivero,2
riversleigh,2
riverton,2
roadrunner,3
roadster,3
roark,2
roary,2
robbie,2
robbinson,2
robin's,3
robleh,2
rocco,2
rochambeau,2
roche,2
rochette,2
rocker,2
rockford,2
rockin,2
rodan,2
rodeo,3
rodez,2
rodham,2
roerich,2
rohingya,2
rohirrim,2
rohwer,2
rojas,2
rolfe,2
rollin,2
rollins,2
romana,2
romansh,2
romantics,2
romanus,2
rome's,2
romeo's,2
romero,3
ronaldo,2
rong,2
ronnachaichanyut,2
ronson,2
rooks,2
roosevelt's,2
ropin,2
roquefort,2
rosales,2
rosary,2
rosbrugh,2
rose's,2
roseanne,2
rosenman,2
rosetta,2
roskilde,2
roslagen,2
roslyn,2
rosso,2
roswell,2
rothesay,2
roti,2
rotimi,2
rottnest,2
rotunda,3
roundhay,2
rouran,2
rousseau,2
roux,2
rowf,2
royalists,3
rozhestvensky,2
rua,2
rubik's,2
rubinstein,2
rucellai,2
rucker,2
rudaw,2
rudra,2
rue,4
ruffians,3
ruggiero,2
rugrats,2
ruki,2
runaway,4
rusev,2
russell's,2
rustam,2
rusty,3
ruteni,2
ruth's,2
ruwen,2
ryan's,2
ryde,2
rylands,2
ryu,2
sar,3
scsi,2
sdhc,2
sdk,2
sdp,2
sds,2
sfsr,2
sfu,2
sfwa,2
shk,2
smrt,2
sms,2
smtp,2
smodcasts,2
snl,2
snr,2
sopa,2
splm,2
sram,2
ssi,2
std,2
stemg,2
suvs,2
svg,2
sys,2
saarinen,2
sabah,2
sabellius,2
saboga,2
sabre,4
sabres,2
sabu,2
sacagawea,2
sacem,3
sachsenhausen,2
sadar,2
sadat,2
sado,2
saeed,2
saeftinghe,2
safeway,2
safique,2
sagami,2
sagan,2
sagay,2
sagi,2
sahar,2
saheb,2
saintonge,2
saipan,2
saito,2
sakaguchi,2
sakai,2
sakha,2
sakshi,2
sala,2
salaam,2
saladin,2
salam,2
salazar,2
saldivar's,2
saleh,2
salerno,2
salieri,2
salk,2
saloon,4
saltire,3
salyut,2
samael,2
samaj,2
samajtantrik,2
samaritan,2
samer,2
samoan,2
samoset,2
sampson,2
sanae,2
sanand,2
sanda,2
sandel,2
sandhurst,2
sandler,2
sandringham,2
sandstorm,2
sandy's,2
sanford,2
sanga,2
sangam,3
sangeet,2
sangha,2
sangihe,2
sangiovese,2
sangir,2
sanjay,2
sanoma,2
sans,2
sao,2
saori,2
saphira,2
sapphire,3
sapphires,2
sappho,2
sapporo,2
sarabande,2
saracen,2
sarah's,2
saraki,2
sarasota,2
saratoga,2
saratov,2
sardars,2
sargasso,2
sargatal,2
sargent,2
sari,3
sarianidi's,2
sarnath,2
sartre,2
sasha,2
saskatoon,2
sassanid,2
sassette,2
sassoon,2
sasuke's,2
satie,2
satluj,2
sato,2
satsuki,2
saturnian,2
satyagraha,2
satyricon,2
sauber's,2
saudagar,2
sauroposeidon,2
saussure,2
sava,2
savarkar,2
savio,2
savonarola,2
sawyer,2
sayeret,2
sayori,2
scania,2
scapa,2
scapegoating,2
scarecrow,3
scase,2
scenarios,2
scheer,2
scheffers,2
schein,2
schematic,3
schett,2
schiavone,2
schigolch,2
schlager,2
schloss,2
schoenberg,2
schoephoester,2
scholastic,2
scholl,2
schopf,2
schreiber,2
schulz,2
schumer,2
schuschnigg,2
schwarzschild,2
schweinsteiger,2
schweiz,2
schwengel,2
schwerin,2
schwingen,2
schwyz,2
sci,2
scopes,2
scot,2
scotland's,2
scribner,2
scrunchies,2
scuderia,2
scum,3
scuola,2
seagal,2
seahawks,2
sealand,2
seanad,2
searchers,2
sears,2
seaweed,3
seaworld,3
sebenico,2
seefeld,2
seeker,2
seel,2
seeley,2
segrave,2
seigenthaler,2
seine,2
sekhmet's,2
sekmai,2
sekou,2
selenides,2
seleucia,2
seleucus,2
seligenstadt,2
seljuks,2
selkirk,2
semitic,3
sena,2
senarath,2
sendai,2
sengupta,2
sennar,2
sentai,3
sentinel,3
seomun,2
seondeok,2
separatists,2
sephardi,2
sephardic,2
septuagint,2
serano,2
serenade,2
seretse,2
serge,2
seria,2
serie,4
servilia,2
sesamum,2
sessile,2
seti,2
seton,2
seuss,2
sevastopol,2
sevenwaters,2
severus,3
seweryn,2
sexiest,2
sextus,2
sextus's,2
sgt,2
shaan,2
shafer,2
shakas,2
shakira,2
shakthi,2
shalom,2
shaman,3
shamanistic,2
shandong,2
shanks,3
shanxi,2
shaq,2
sharif,2
shauna,2
shaurya,2
shawshank,2
shaye,2
shays,2
sheahan,2
sheamus,2
sheela,2
sheila,3
sheki,2
shel,2
shellabarger,2
shema,2
shenandoah,2
shep,2
shepreth,2
sheridan,2
sheriff's,2
sherpa,2
sherwin,2
sherwood,2
shetty,2
shifai,2
shigeru,2
shiite,2
shikoku,2
shimon,2
shinichi,2
shinn,2
shintoho,2
shirvan,2
shivaji,2
shivaji's,2
shivani,2
shlomo,2
shoji,2
shonen,2
shortland,2
shortlands,2
showa,2
showtime,2
shrabon,2
shrinking,4
shue,2
shuffle,4
shuja,2
shulkin,2
shyberry,2
shylock,2
sibelius,2
sibir,2
siddons,2
sidious's,2
siempre,2
sigmund,2
sikhism,2
sikri,3
silas,2
sill,2
sillen,2
silurian,2
sima,3
simba's,2
simchat,2
simpson's,2
simputer,2
sinan,2
sind,2
sindhis,2
sines,2
singaporeans,2
singha,2
sinnoh,2
sint,2
sippy,2
sirens,3
sisley,2
sistema,3
sistine,2
sithu,2
siva,2
sivaganga,2
sivakasi,2
sivasspor,2
sixtus,2
skeeter,2
skell,2
skeptical,4
skinner's,2
skittles,2
skytrain,2
skye,2
skylar,2
skyline,4
skyline's,2
skype,2
skyrms,2
slams,2
slant,3
slappy,2
slater,2
slavenski,2
slieve,2
sligo,2
sling,2
sloane,2
slouchy,2
slough,2
slovan,2
slovene,2
slug,3
slytherins,2
smerconish,2
smithson,2
smitrovich,2
smokers,2
smokey's,2
smothers,2
smurf,2
smurfs,2
smyrna,2
snapdragon,2
snape's,2
sneyd,2
snoop,2
snowball,2
snowdonia,2
snyder,2
soaps,3
soarin,2
sobek,2
sobolev,2
sobotka,2
sochi,2
sociedad,2
socs,2
sodom,2
soest,2
softly,4
soga,2
sohni,2
solace,2
soliantu,2
solidarity,3
solihull,2
solvay,2
som,3
soma,3
soman,2
somera,2
somme,2
sompote,2
sonam,2
songkran,2
songun,2
sooranad,2
sophie's,2
sorcerer's,2
soren,2
sotto,2
soulja,2
soumaoro,2
soundgarden,2
sox,2
sozin's,2
spade,2
spandau,2
spaniard,2
spaniards,2
spaniel,2
spaniels,4
spann,2
sparda's,2
spartan,2
specializations,3
spector,2
spelman,2
spencer's,2
sperlinga,2
speyer,2
spielberg,2
spina,3
spinjitzu,2
spink's,2
spitfires,2
spits,2
spitz,2
spoils,3
spokane,2
spooky,3
spooner,2
sportscenter,2
spotify,2
sprouse,2
sputnik,2
spyware,4
squealer,2
squires,2
squirrelpaw,2
sridevi,2
srinagar,2
srinivas,2
srinivasa,2
stabilization,3
stacee,2
stackpole,2
stade,2
stadt,2
staffordshire,2
stagecoach,3
staithes,2
staley,2
stalinist,2
stammheim,2
stammtafeln,2
stansbury,2
staples,4
stara,2
stardust,2
stargate,2
staring,2
starlight,2
starling,3
starstreak,2
starz,2
staurikosaurus,2
stavelot,2
ste,2
steamboat,2
steaua,2
steelers,2
stefanik,2
stegoceras,2
stepford,2
stephan,2
stephane,2
stephen's,2
steves,2
stewart's,2
stewie,2
stheno,2
stiles,2
stingray,2
stinky,3
stitch's,2
stockport,2
stockwell,2
stoke,2
stoker's,2
stoll,2
stormbringer,2
stover,2
stowers,2
stradivarius,2
strangelove,2
strangely,4
strasbourg,2
stratocaster,2
stratocruiser,2
stratton,2
stratus,3
strawhat,2
streatham,4
streicher,2
stresemann,2
stringer,3
stud,3
stump,4
stumpff,2
sturgeon's,2
stuttgart,2
stuy,2
stuyvesant,2
styx,2
sucheta,2
sueur,2
sukesada,2
sul,3
sulaiman,2
suleiman,2
sumatra,2
sumer,2
sumter,2
sumulong,2
sunaga,2
sundre,2
sunil,2
sunless,2
sunnydale,2
sunnyvale,2
suns,3
suntory,2
suo,3
superiore,2
superspeedway,2
superstars,4
sura,3
surfin,2
suriname,2
surma,2
surveyor,4
susanna,2
sutra,4
suzette,2
svendsen,2
svenska,2
swainson,2
swami,2
swaraj,2
swaziland,2
swedes,2
sweetheart,3
swingin,2
swire,2
syal,2
syaoran,2
sydney's,2
sykes,2
sylvester,2
symantec,2
symbian,2
sync,4
syndicate,4
syngenta,2
syracuse,2
tam,4
tapps,2
tasam,2
tcp,2
tdes,2
tdi,2
tds,2
thx,2
tlrs,2
tm,2
tmnt,2
tna's,2
tng,2
tose,2
tu,3
tvb,2
tx,2
taal,2
tabak,2
tabernacle,3
tabitha,2
tacoma,2
tadashi,2
taejo,2
taekwondo,2
tagalog,2
tahiti,2
tainan,2
taiping,2
tait,2
taiwan's,2
tajik,2
takagi's,2
takano,2
takanuva,2
takauji,2
takayama,2
takayuki,2
takehito,2
tal,2
talaud,2
talca,2
talisay,2
tallaght,2
talleyrand,2
talmud,2
talossan,2
taluka,2
tambourine,2
tamm,2
tamu,2
tamura,2
tanawal,2
tandang,2
taneda,2
tanganyika,2
tanner,2
tantalus,2
tanuja's,2
taoiseach,2
taoyuan,2
tapah,2
taran,2
tariff,3
tarim,2
tarn,3
tarragona,2
tartar,2
tarver,2
tatiana,2
tatras,2
tatsuo,2
tatyana,2
tauriel,2
taurog,2
taurus,2
taverner,2
taylor's,2
tbilisi,2
teacher's,4
teamsters,3
teatr,2
technicolor,2
tedeschi,2
tee,3
teide,2
teil,2
telemundo,2
teletubbies,2
telgemeier,2
telluride,3
telus,2
temasek,2
temne,2
tempest,2
templar,2
tenenbaum,2
tennant,2
tenri,2
tepees,2
tepexpan,2
terengganu,2
teridax,2
terrazzo,2
tesla,2
testaverde,2
tetroxide,3
tetum,2
tevatron,2
tevye,2
texans,2
tezuka,2
thaddeus,2
thailand's,2
thane,3
thant,2
thao,2
theater's,2
theke,2
theodor,2
theodora,2
theodosius,2
theophorus,2
theosophical,2
thera,2
theremin,3
theresa,2
thermite,2
theroux,2
theseus's,2
theyyam,2
thi,2
thile,2
thimble,2
thiruvalangadu,2
thiruvarur,2
thomm,2
thoreau,2
thorin,2
thornburg,2
thorndike,2
thoroughgood,2
thru,2
thruway,2
thud,2
thursdays,2
thyme,4
thyssanoessa,2
tiago,2
tianjin,2
tiber,2
tibooburra,2
tickle,4
tideman,2
tierney,2
tigray,2
tigrayan,2
tigrinya,2
tigris,2
tijden,2
tikhon,2
till's,2
tilman,2
timah,2
timaru,2
timken,2
timmins,2
tinga,2
tinhosa,2
tintin,2
tirana,2
tirtharu,2
tirupati,2
titograd,2
tjala,2
tjukurpa,3
tnuat,2
toba,2
tobin,2
tobit,2
todi,2
todos,3
tolkien's,2
tolstoy,2
tomar,2
tombaugh,2
tomberg,2
tomlinson,2
tomoe,2
tompkins,2
tonbridge,2
tope,2
toph,2
topographical,3
topography,4
topol,2
topological,3
toppats,2
torino,2
torrance,2
torre,2
torrey,2
tory,2
tottenham,2
toul,2
toulouges,2
toumanova,2
tournon,2
tov,2
towne,2
townhouse,2
townshend,2
toyko,2
trafalgar,2
traktor,2
tramlink,2
tramp,2
trang,2
tranquillity,3
translink,3
transcaucasian,2
transcendental,3
transistor,4
transsexual,2
transvestite,2
trasimeno,2
treacher,2
treatises,3
tregaron,2
trevi,2
treviso,2
trillian,2
trimble,2
trimmer,2
trimurti,2
trina,2
triola,2
triticum,2
triumvirate,2
trolleybuses,2
trondheim,2
tropic,3
troubadour,2
troyes,2
trudeau,2
truk,2
tsakhur,2
tsar's,2
tsarina,2
tse,2
tshering,2
tsongkhapa,2
tsuneta,2
tsushima,2
tuberville,2
tucci,2
tufts,3
tuileries,2
tulip,2
tulsa,2
tulsidas,2
tumnus,2
tung,2
tunley,2
tunney,2
tupi,2
turgenev,2
turman,2
turners,2
turnhalle,2
turnpike,3
turpin,2
tusculum,2
tussauds,2
tutal,2
tutankhamun,2
tutbury,2
tutsi,2
tutu,4
tuvalu,2
twilight,2
tybalt,2
tyka,2
tyler's,2
tyne,2
tyneside,2
tyrannosaurus,2
tyrell,2
uc,2
uei,2
ugo,2
uiq,2
upn,2
url,2
urls,2
usda,2
usgs,2
usk,2
usl,2
uber,2
ubisoft,2
ucluelet,2
uda,2
ueki,2
uffizi,2
ujiie,2
ulaid,2
ullman,2
ulmer,2
ulsan,2
ulva,2
umaid,2
umar,2
uncontrolled,4
undisputed,3
ungdomshuset,2
unitarian,2
uniunea,2
universal's,2
unmasked,2
unripe,3
unsaturated,4
upkeep,2
upland,2
upstate,3
uri,2
uribe,2
uruk,2
urusei,2
usenet,2
usher's,2
ustad,3
ustasha,2
ustream,2
utsu,2
utterson,2
uyl,2
vat,2
vc,2
vhf,2
vk,2
voa,2
voieds,2
vsa,2
vaaler's,2
vaan,2
vacheron,2
vaganova,2
vaidya,2
vaihingen,2
vajira,2
valance,2
valdez,2
valence,4
valentino,2
valhalla,2
validated,3
validation,4
valjean,2
vallabhbhai,2
valujet,2
vandegrift,2
vandenberg,2
vanderhoof,2
vane,2
vanette,2
vang,2
vanga,2
vanir,2
varanasi,2
varden,2
varley,2
vasantarasa,2
vasari's,2
vasco,2
vaseegaran,2
vashi,2
vasily,2
vassall,2
vauchock,2
vaux,2
vd,2
vedanta,2
veeran,2
vegalta,2
veglia,2
veil,2
velazquez,2
veloso,2
veltins,2
velvet,3
ven,2
venera,2
veneta,2
venezuela's,2
vengi,2
vento,2
verdad,2
verdon,2
verlag,2
verne,2
vernier,2
vernoy,2
vesanto,2
vespers,2
vettel,2
vfl,3
viacomcbs,2
vial,2
vibe,4
vicario,2
viceroy,2
viceroyalty,2
victoria's,2
vienna's,2
vijayaditya,2
vijayalaya,2
vikernes,2
vikramaditya,2
viktoria,2
vil,2
villano,2
ville,3
villemain,2
vilnius,2
viluppuram,2
vincente,2
vinci,2
viner,2
vinohrady,2
vinokourov,2
vinson,2
virastyuk,2
virgilio,2
virtustream,2
virunga,2
viscount,2
visionary,4
vita,2
vitalis,2
vitebsk,2
vittorio,2
vitus,2
vivaldi,2
vivaldi's,2
vivek,2
vives,2
vivian,2
vivir,3
vizcaya,2
vodafone,2
vogue,3
void,4
voivodeship,3
volcani,2
voltaire,2
vonnegut,2
vorres,2
vorsah,2
voz,2
vresce,2
vytautas,2
vyvyan,2
wasg,2
wb,2
wba,2
wc,2
wcf,2
wnbc,2
wow,3
wra,2
wysiwyg,2
wysiwym,2
waccabuc,2
wadden,2
wade's,2
wagner's,2
waheed,2
waitangi,2
wales's,2
walibi,2
walker's,2
walkman,2
wallenberg,2
wally,2
walst,2
walther,2
waltrip,2
walz,3
wan,2
wanderers,3
wangchuk,2
wanger,2
wanrong,2
wap,3
waqar,2
ward's,2
ware,2
warhol,2
warmbier's,2
warne,2
warped,3
warwickshire,2
waseda,2
wassy,2
waterbenders,2
waterfront,4
watergate,2
waterman,2
waterville,2
watson's,2
watt's,2
wavebird,2
waverly,2
wayne's,2
we're,4
we've,2
wealden,2
webber,2
weddin,2
wedgwood,2
wednesdays,2
weightlifting,2
weinstein,2
weisshorn,2
weizmann,2
weldon,2
wellesley,2
welterweight,3
wenceslas,2
wendell,2
wends,2
wenjack,2
werra,2
werribee,2
wertham,2
werther,2
wesemann,2
wesleyan,2
westbury,2
westergaard,2
westerners,2
westernized,2
westside,2
wetherill,2
wethersfield,2
whaler,2
wham,2
whangarei,2
wharton,2
wheelers,2
whisenhunt,2
whiskey,4
whist,3
whistler,2
whistling,2
whitcomb,2
whitehall,2
whitehouse,2
whitlam,2
whittle,2
wicker,3
wickham,2
wieland,2
wiest,2
wii's,2
wikipedias,2
wikiversity,2
wilberforce,2
wiley's,2
wilfred,2
wilfrid,2
willoughby,2
willson,2
wilmette,2
wilmington,2
wiltshire,2
wimborne,2
wimmera,2
winget,2
wingfield,2
wingu,2
winifred,2
winner's,4
winthrop,2
wirral,2
wisin,2
witch's,4
witte,2
witten,2
woeser,2
woh,2
wolfsburg,2
wolmido,2
wombat,4
wonka,2
woo,3
woodpecker,3
woodruff,2
woodstock,2
woodville,2
woolf,2
woolim,2
woolwich,2
wop,2
worgen,2
worldcat,2
wowereit,2
wozniak,2
wozzeck,2
wrather,2
wrecking,2
wren,2
wrexham,2
writeline,2
wulfred,2
wurzels,2
wushu,4
wutip,2
wyatt's,2
wye,2
wylde,2
wyndham,2
wynonna,2
xhtml,2
xxiv,2
xy,3
xemnas,2
xena's,2
xianyang,2
xiaomi's,2
xinhua,2
xiongnu,2
xlibris,2
xmas,2
xuanzang,2
ycat,2
yadkin,2
yaga,2
yahiko,2
yahoo,2
yakubu,2
yakut,2
yakutsk,2
yalti,2
yamada,2
yamagata,2
yamaha,2
yamanashi,2
yamauchi,2
yamoussoukro,2
yankovic's,2
yann,2
yar,2
yaro,2
yaropolk,2
yaroslavl,2
yasmin,2
yass,2
yatsura,2
ye's,2
yekaterinburg,2
yellowstone,2
yeongwol,2
yeowe,2
yerkes,2
yesterday,3
yew,2
yinsen,2
yinxi,2
yo,3
yoder,2
yogi,2
yola,2
yongala,2
yongle,2
yonne,2
yoo,2
yorkist,2
yoshi's,2
youtubers,2
youm,2
younha,2
yuen,2
yugoslavism,2
yuto,2
yuva,2
yuvan,2
zip,3
zpd,2
zabaleta,2
zach,2
zachary,2
zainabad,2
zakk,2
zambian,2
zane,2
zanjan,2
zarbon,2
zaza,2
zealand's,2
zealanders,2
zechariah,2
zed,2
zedong,2
zeepvat,2
zeitung,2
zeldin,2
zeller,2
zemlya,2
zenit,2
zeppeli,2
zeppelin,2
zeros,4
zetsu,2
zhangzhung,2
zhejiang,2
zheng,2
zheng's,2
zhob,2
zhuhai,2
zia,2
zichu,2
zij,2
zimmerman,2
zindagi,2
zinovy,2
zod,2
zoe's,2
zofis,2
zomi,2
zonda,2
zoolander,2
zords,2
zosima,2
zuckerman,2
zuster,2
zwingli's,2
zyklon,2
abababcc,2
abalone,2
abatement,2
abbess,2
abbreviations,2
abjads,2
abnormalities,2
abolitionist,2
abomasum,2
abrupt,2
abruptly,3
absentia,2
abstain,2
abstraction,2
abstracts,2
academies,2
academy's,2
accelerates,2
accidentals,2
accommodates,2
accord,3
accountability,2
accountancy,2
accumulate,2
accumulating,2
accumulation,2
accusative,2
accuser,2
accustomed,2
ache,2
acorn,3
acquaintance,2
acquit,2
actinium,2
actuators,2
acupuncture,2
adapting,2
addictions,2
addictive,2
addicts,2
adductor,2
adenocarcinoma,2
adhered,2
adhesive,3
adjourn,2
adjournment,2
adjunct,2
adjusting,2
admin,2
administer,2
administering,3
administrated,2
administrations,2
admiration,2
admissions,3
adolescence,2
adopters,2
adopts,2
adored,2
adrift,3
adverb,2
advisers,2
aerobic,2
aerobridges,2
aerodynamic,2
aerosolized,2
aesthetically,2
af,3
affiliates,2
affirmed,2
aftershocks,2
aggravated,2
aiding,2
ailing,2
airbags,3
airfields,2
airlift,3
airliners,2
airships,2
airspace,2
airspeed,2
airstrip,3
akinetopsia,2
albus,2
alchemical,2
alcoholics,2
alcohols,2
ale,3
alerted,2
alerts,2
alexandrite,2
alleviate,2
alligators,2
allocation,2
alloys,3
alludes,2
allusion,2
almond,3
alphabetically,2
alphanumeric,2
alternates,2
alternation,3
alum,2
alveoli,2
amazed,2
amend,2
amenity,3
amethyst,2
ammo,2
amp,2
amphora,2
amplifiers,2
amplify,2
amputation,3
amulet,2
anaesthesia,2
analogies,2
analyzes,2
anarchist,2
anchorages,2
andouille,2
aneurysm,2
anew,2
angered,3
annex,2
annexation,3
annihilated,2
anniversaries,2
announcers,2
anomalies,2
answerable,2
antelope,2
anterior,2
anthems,2
anthrax,2
anthropomorphic,2
antibacterial,2
antibiotic,3
antibody,2
anticipation,2
antidepressant,2
antifreeze,2
antihydrogen,2
antimicrobial,2
antique,2
antiques,2
antiretroviral,2
antislavery,2
antivirals,2
antler,2
anweisung,2
anxieties,2
ape,2
aphelion,3
aphid,2
apnea,2
apoptosis,3
apparel,2
appellation,2
appliance,2
appointing,2
appraisal,2
apprenticed,2
appropriately,2
approximations,2
aprons,2
aquariums,3
arachnoid,2
arbitrarily,2
archbishops,2
archeologists,3
archerfish,2
architecturally,2
architectures,2
archosaur,2
archway,2
ardent,3
argumentative,2
arias,2
arioso,2
aristocrat,3
armament,2
armature,2
armpit,3
armpits,2
arousal,2
arpeggiated,2
artifact,2
artiste,2
artistically,2
asbestos,2
ascend,2
ascribed,2
aspirations,3
aspiring,2
assaulting,2
assay,3
assemblers,2
assembles,2
assemblyman,2
assessing,2
assigning,2
assignments,2
assisting,3
associating,2
associative,3
assures,2
astral,2
astrocytoma,2
asymmetrical,2
athame,2
atop,2
atrial,2
atrocities,2
atrophy,2
attaching,2
attachments,2
attendants,2
attends,2
attics,2
attire,2
auspicious,2
authenticated,2
authorise,2
authoritarian,2
authorizes,2
autoantigens,2
autobiographies,2
autocomplete,2
autocratic,2
autographs,2
autopsy,2
awakened,2
awakes,2
axial,3
axiom,2
babe,3
backbone,2
backbones,2
backcountry,2
backer,2
backflip,2
bacterium,2
badges,2
baggage,3
baht,2
bakers,2
baldachin,2
bales,3
balkline,2
ballast,2
ballistics,2
banchan,3
bandage,2
banding,2
bank's,2
banknote,2
bantamweight,2
banyan,3
barbarians,2
barbecue,3
barbels,2
barbet,3
barcodes,3
barcoding,2
barges,2
barks,3
barns,2
barred,2
barricades,2
barristers,2
bartender,2
baseband,2
basics,3
basils,2
basins,2
basses,2
bassoonist,2
batches,2
baths,3
battling,2
bb,3
bearers,2
beated,2
beaters,3
beatification,2
beatified,2
bedchamber,3
bedridden,2
bedrock,2
bedside,2
beeches,2
beekeeping,3
befriends,2
beggars,3
beginner,2
behaviorism,2
behaviorist,2
beige,2
bel,3
believable,2
bellows,2
bellwether,2
benefactors,2
benefiting,2
benevolent,2
benzodiazepines,3
bestows,2
bestsellers,2
betta,2
beverage,2
beverages,3
biases,2
bicameral,2
bicarbonate,2
bickering,2
bicyclists,2
bidder,2
bifid,2
bifida,2
bikers,2
biking,2
bilirubin,2
billeted,2
biodynamic,2
biomedical,3
biopic,2
biopsy,2
biotech,2
bipod,2
birthmark,2
biscuits,3
bistro,2
bitterly,2
bittersweet,2
blackletter,3
blacklist,3
blackmail,2
blackmails,2
blacksmiths,2
blaming,2
blanching,2
blanket,3
blatant,2
bleached,2
bleak,2
blessings,3
blinded,2
blindfolded,2
blinding,2
blister,2
blisters,2
blockers,2
blogging,2
blooded,2
blooming,2
blotches,2
blowback,3
blower,2
blurred,2
boasting,2
bodily,2
bodyguard,3
bodyguards,2
bogs,3
boil,2
bokeh,2
bolas,2
bole,2
bombard,2
bongos,2
bonuses,2
booed,2
boosters,2
booting,2
borderline,2
bossy,2
bothered,2
bothers,2
bottled,2
bottoms,2
boudoir,3
bounces,2
bouquet,3
bourgeois,3
boutiques,2
bovine,2
bowels,2
boxed,2
boyar,2
boyars,2
boyfriend's,2
brachiopods,2
bracket,2
braids,2
brain's,2
branched,2
bras,3
breached,2
breakdowns,2
breastworks,2
breccia,2
breed's,2
brew,2
breweries,3
bribe,2
bribed,2
bribes,2
bribing,3
bridled,2
brig,3
broadcasted,2
broadcasters,3
broadsheet,2
broadsheets,2
brochure,2
bronchiectasis,2
broods,3
brooms,2
browse,2
browsing,2
bruises,3
brushstrokes,2
brute,2
bryozoan,2
budding,2
budgets,2
buffs,2
bugles,3
bulimia,2
bulkhead,2
bulletins,2
bun,3
buner,2
buns,3
bunting,2
bushel,2
bushfire,2
bushrangers,3
busstation,2
bustard,2
bustling,2
busts,2
butterfly's,2
buttocks,3
buttresses,2
buttstock,2
buzzer,2
bypass,2
byproduct,2
bytes,2
cabal,2
cabman,2
cacti,2
caecilians,2
caged,2
calcareous,2
calcite,2
calculates,2
calibre,2
caliphs,2
calisthenics,2
calming,2
calves,2
camp's,2
campsite,2
candor,2
canines,2
cannonball,2
canoes,3
canons,3
cant,2
cantata,2
cantilevered,2
canto,2
capacities,2
capacitor,2
capitalized,2
capito,3
capitulated,2
capo,2
capoeira,2
capsized,2
captions,2
captivated,2
captives,2
capuchins,2
caramel,2
carapace,2
carbene,2
carbine,2
carbines,2
carbocation,2
carburetor,2
carcass,2
carcasses,2
carcinoma,2
cardinalate,2
cardiologist,2
carelessly,2
caricature,3
caricatures,2
carnivals,2
carols,3
carpentry,2
carpets,3
carriageways,2
cartoonist,2
cashew,2
cassettes,3
castle's,2
castrated,2
catalanes,2
catapult,2
catastrophic,3
catchphrases,2
categorical,2
categorize,2
cations,2
catwalk,2
cauliflower,3
causation,2
caved,2
cease,2
cedilla,2
cell's,2
cellar,2
censorship,2
centenary,3
centering,3
centigrade,2
centripetal,2
centromere,2
centurion,3
cerebrospinal,2
cervical,2
cervix,2
chainsaw,2
changeling,2
channel's,2
characterised,2
characterises,2
characteristically,3
characterize,2
charai,2
charcuterie,2
chasm,3
chats,3
chattel,2
cheapest,2
cheaply,2
cheats,2
checker,3
checkers,2
cheeky,2
cheerleader,2
cheerleaders,2
chelipeds,2
chemically,2
cherished,2
cherries,2
chessboard,2
chewing,2
chides,2
chieftain,2
childcare,2
chimney,2
chipset,2
chirping,2
chitons,2
chocolates,3
choked,2
chokeslam,2
chokeslammed,2
chromatids,2
churn,2
chute,3
cidre,2
ciphertexts,2
circle's,3
circled,2
circulating,2
cisterns,2
cites,2
citizenships,2
cladding,2
claimants,2
clandestine,2
clansmen,2
clapped,2
clarified,2
clarity,3
clashed,3
classifies,2
classifying,3
classique,2
clawed,2
cleaners,2
cleanliness,2
cleans,2
cleanse,2
cleanup,2
clementines,2
clerics,2
cleverly,2
climatic,3
climes,2
clinched,2
cling,3
clinging,2
cloister,2
clones,2
closets,2
clothesline,2
clotting,2
cloves,3
clown's,2
clowns,3
clubbed,2
clustered,2
coalesced,2
cobbler,3
cochlear,2
cockatoos,2
cocked,2
cockpits,2
codename,3
codenamed,2
codified,2
codon,2
coexistence,2
coffins,2
coherence,3
coincides,2
colds,2
coldspots,2
coli,2
collaborating,2
collaborator,2
collagen,2
collapsible,3
collateral,2
colloquial,3
colloquially,2
colobus,2
colonized,2
colonizers,2
colonnade,2
colonnades,2
colony's,2
colossal,3
colouration,3
comb,2
combatant,3
combatants,2
combing,3
combos,2
combustible,2
combustor,2
comedic,2
comedienne,2
comet's,2
comfortably,2
comical,2
commas,2
commemorates,2
commemoration,3
commence,2
commendable,2
commended,2
commentators,2
commenting,2
commitments,2
commune's,2
communicated,2
communicates,2
commutative,3
commute,2
companionship,2
comparably,2
compartment,2
compensated,2
competitively,2
compilations,2
complain,2
complement,2
complemented,2
compliance,3
complication,2
complimentary,2
compost,2
comprehend,2
compressing,2
compressive,2
compressor,2
computerised,2
computerized,2
conceded,2
conceding,2
conceive,2
concentrates,2
conception,3
conceptualized,2
concession,2
conclude,2
conclusions,2
concubine,3
concurrent,3
concussion,2
condemn,2
condensates,2
condolences,2
conduit,2
confectioner,2
conferred,2
confess,2
confidential,3
configure,3
confine,2
conformity,3
confrontation,2
congestion,2
congresses,2
coniferous,2
connotation,2
conquerors,2
consented,2
considerations,3
consolidate,2
constipation,2
constituting,2
constraint,2
constructing,2
consuls,2
contemplated,2
contemplating,2
contend,2
contended,2
contention,2
contesting,3
contingency,2
contingent,2
continual,2
contour,2
contracting,2
contractor,3
contradictions,3
contradictory,2
contributor,2
contries,2
contusions,2
convective,2
convened,2
convener,2
conversions,2
converters,3
cookery,2
cookies,2
cooks,2
coolly,2
coping,2
coprime,2
cops,3
coracle,2
cornered,2
cornetto,2
corpora,2
corrective,2
corresponded,2
correspondingly,2
corroborate,2
corrosion,3
cosine,2
cosmonauts,2
cosmopolitan,3
coughing,3
councilors,2
countable,2
coupled,2
courier,2
courted,2
courtfield,2
courthouses,2
courting,2
courtly,2
coverts,2
cradleboard,2
cranial,2
crate,2
cratering,2
crates,2
cravings,2
crawled,2
crawling,3
crawls,2
crazed,2
creams,2
creationists,2
credibility,2
creeks,2
creeps,2
crept,2
cricketers,2
criminally,2
crips,2
crochet,2
crooks,2
crossbar,2
croup,2
crowning,2
crucifix,3
crumbled,2
crumbles,2
crumbly,2
crunchy,2
crushing,2
cryogenic,2
crypt,2
cryptic,2
crystallization,3
crystallographic,2
cuchilla,3
culprit,2
cultivars,2
cumulative,2
cuneiform,2
cunning,2
curable,2
curative,2
curator,3
curses,2
curtains,2
cushion,3
cushioning,2
custodial,2
custodian,2
cuttings,2
cuttlefish,2
cyanide,3
cyborgs,2
cyclic,3
cycloaddition,2
cymbal,2
cystocele,2
cytologists,2
d'argent,2
d'artois,2
d'estaing,2
dachshund,3
dachshunds,2
dactyl,2
dammed,2
damn,2
dampers,2
dancehall,2
dancer's,2
daphnia,2
dared,2
dares,2
darken,3
darmstadtium,2
dashes,2
dashiki,2
deactivate,2
dealers,2
dealings,2
dearly,3
debater,2
debating,2
debtor,2
deceived,2
deceleration,2
decibels,2
decipher,2
deciphered,2
declarative,2
declassified,3
decodes,2
decoding,2
decomposition,2
decoy,2
decrees,2
decrypted,2
deems,2
deepened,2
defaulted,2
defected,2
defenceman,2
defibrillators,3
defiled,2
deflated,2
deflection,2
deformities,2
defrauding,2
defy,2
degraded,2
delaying,2
delete,3
deletes,2
deletion,2
delights,3
deltas,2
delusion,2
demeanor,2
demisexual,2
democracies,3
democratization,2
demographics,3
demosponges,2
dendrites,2
denial,2
densities,2
deoxynivalenol,2
departing,2
departs,2
dependencies,2
dependency,2
depictions,3
deploying,2
depose,2
depositing,2
depressing,2
derivation,2
derivatives,2
derive,2
deriving,2
descendents,2
descending,2
designates,2
desiring,2
desolation,2
desperately,2
desserts,2
detachable,2
detachment,2
detectives,2
deterioration,2
determinism,2
deterministic,2
detonated,2
detonates,2
detrimental,2
detritus,2
deviated,2
deviations,2
device's,2
devise,2
devises,2
devolved,3
devotee,2
devour,2
dholes,3
diabetic,3
diagonals,2
dialectal,2
dialing,2
dialog,2
dialogues,3
dialysis,2
diapers,2
diaphragm,2
diarist,2
diastole,2
diastolic,2
diatonic,2
dictate,2
dictatorial,2
dictators,2
dictionaries,3
differentiate,2
diffuser,2
digested,2
digraphs,2
diisocyanate,2
dipole,2
dipping,2
dips,2
directorship,2
disappearing,2
disapprove,2
disarm,2
disbands,2
discard,2
discography,3
discontent,2
discoverers,2
disenchanted,2
disguising,2
disgust,2
dishonest,2
disinfectant,2
disjoint,2
dislikes,2
disobeyed,2
disorderly,2
dispensation,2
displacing,2
disposable,2
dispose,2
disposed,2
disposition,2
dispositions,2
disproportionately,2
disprove,2
disrotatory,2
dissatisfaction,2
dissident,2
dissidents,2
dissipating,2
dissolving,2
dissonance,2
distanced,2
distilling,2
distinctively,2
distort,2
distracts,2
distraught,3
distributor,2
distributors,2
distrusted,2
disused,2
dit,2
diverged,2
diverted,2
dividend,2
dividers,2
divisi,2
divisor,2
doctrinal,2
doctrines,2
dodecahedron,2
dog's,2
doings,2
domestics,2
dominate,2
dominating,2
donating,2
dopamine,2
dormers,2
doubted,2
doubtful,2
doughnut,3
doughnuts,2
downloadable,2
downloading,2
downy,2
dowry,2
draftsman,2
drags,2
dramatized,2
draped,2
drawback,2
drawbacks,2
drawer,2
dreadful,3
dreamed,3
dredges,2
dressmaking,2
dribbling,2
driest,3
drifted,2
drifting,2
drinkable,2
drinker,2
dripped,2
dripping,2
drips,2
driver's,2
droids,2
drone,3
drones,2
droppings,2
drummers,3
drumsticks,2
drunken,3
duc,3
ducal,2
duchesse,2
ducts,2
dueling,2
duels,2
dues,2
duets,2
dukedom,3
dumb,3
dummy,3
dumplings,2
dungeons,3
duodenum,2
dupatta,2
duplicated,2
dura,2
dwarfism,2
dwellers,2
dwelling,2
dwellings,2
dwells,2
dyed,2
dynamically,2
dynasty's,2
dysfunction,2
dysfunctional,2
dyslexic,2
dysthymia,2
ebay,2
eshop,2
eagle's,2
earnest,3
earring,2
earthmoving,2
earthworks,2
earthworms,3
earthy,2
easing,2
easterly,3
eastwards,2
echoes,3
echolocation,2
eclipses,2
ecotourism,2
edema,2
educating,2
eerie,2
effected,2
egocentric,2
ei,2
ejaculate,2
eject,2
ejecta,2
elective,2
electrically,3
electrician,2
electrochemical,2
electrocyclic,2
electrolysis,2
electrolyte,2
electrophilic,2
elegans,2
elif,2
ellectrons,2
elongation,2
eloquence,2
embalming,3
emblematic,2
emblems,2
embodied,2
embraces,2
embryos,2
emerges,2
emigration,3
emits,2
emitter,2
emoticon,2
emphasised,2
employs,2
empowerment,3
emptied,2
emptiness,3
emulsion,2
enabling,3
enactment,2
enamoured,2
enantiomer,2
enchantress,3
encircled,2
enclose,2
encoded,2
encrypt,2
encrypted,2
endgame,2
endocarp,3
endometriosis,3
endoscope,2
endpoint,2
endure,2
energies,2
energized,2
enforceable,2
engravings,2
enhancement,3
enlargement,2
enlightened,3
enrichment,2
ensues,2
enthusiast,2
entice,2
entirety,2
entorhinal,2
entourage,2
entropy,2
enumerate,2
enumerated,2
envious,2
environmentalists,2
environmentally,2
envisaged,2
epicenter,2
epistle,3
epithelial,2
epithelium,2
equalized,2
equipments,2
equivalents,3
erasure,2
erectile,2
eroding,2
erstwhile,2
erythropoetin,2
escalate,2
espionage,2
est,3
establishes,2
esteem,2
esteemed,2
estimations,2
etching,2
ether,2
ethnicities,2
ethnographic,2
ethnology,2
ethyl,3
etnica,2
etymologically,3
etymology,2
eucalyptus,2
eukaryote,2
eusocial,2
evangelism,3
evaporation,3
everlasting,2
evidences,2
evoke,2
exacerbated,2
exaggerate,2
exaggerating,2
excepting,2
excerpt,3
excerpts,2
exchanger,2
exchanging,2
excites,2
excludes,2
excluding,2
excommunicated,2
excursions,2
excuses,3
executes,2
exegesis,2
exemption,2
exert,2
exhibitors,3
expansionist,2
expects,2
expenditures,2
experimentally,2
experimenting,2
expires,2
explanatory,2
exploding,2
exploiting,2
explorations,2
exponent,2
expressive,3
exquisite,2
exsanguinate,2
extinguishers,2
extracts,2
extraterrestrial,2
extratropical,2
extremism,3
extremists,3
eyebrow,2
eyed,3
eyepiece,2
ezproxy,2
fable,3
fabrics,2
facsimile,2
fad,2
fades,2
fairness,3
falconry,2
fallacies,3
fallow,2
famed,2
familiarity,2
fanbase,2
fandom,3
farmlands,2
fasting,2
fatale,2
fatalities,2
fatigue,2
fatter,2
faulted,2
faults,2
faunas,2
fava,2
favors,3
favouring,2
fearful,2
featherfoot,2
feathering,2
feathery,2
febrile,2
feces,2
felled,2
fellowships,2
female's,2
fenced,2
fencing,2
ferret,2
fertilised,2
fertilizer,2
festive,2
fete,2
fetish,2
fetus's,2
feuds,2
ff,2
fiberglass,3
fiefs,2
field's,2
fielder's,2
figment,2
filamentous,2
filaments,2
filiform,2
filler,2
fillers,2
filmography,2
filtration,2
finely,2
fingerprints,2
firebombs,2
firefighter,3
fireplace,2
firepower,2
firework,2
firmer,2
firmness,2
fishapod,2
fisherman's,2
fishkeeping,2
fisting,2
fixation,2
fixture,2
fjords,2
flamboyant,3
flamethrowers,2
flapping,2
flaps,2
flared,2
flashing,2
flask,3
flatback,2
flatfish,2
flavoured,2
fledgling,2
fliers,2
flightless,3
flippers,2
flips,2
floaters,2
flocked,2
floppy,3
floral,3
floss,2
flourish,2
fluctuated,2
fluctuating,2
fluctuations,2
fluxes,2
foams,2
folder,2
folkloristic,2
folktales,2
follicles,2
folly,2
fooled,2
fooling,2
footbridge,2
footing,2
footnotes,2
footpath,2
foray,2
force's,3
forceful,2
fords,3
foreseeable,2
foresight,3
forester,3
forestry,3
foreword,3
forfeiture,2
forged,3
forked,3
formalist,2
formality,2
formalized,2
formidable,2
formulae,2
formulates,2
forthcoming,2
fortnight,2
fossilised,2
fossilized,3
foundry,3
fountains,2
fractionating,2
fractured,2
fragmentation,2
fragrances,2
fragrant,2
franchised,2
fraternity's,2
freeing,3
freer,2
freezer,2
freezes,2
freighter,2
frenzy,3
freshly,2
freshmen,2
fret,2
fretboard,2
frets,3
fries,3
fringed,2
fritter,2
fro,2
frontrunner,2
frontwoman,2
froze,2
fru,2
fruitarian,2
frustration,2
fuego,3
fugitives,3
fugu,3
fulfillment,2
fundamentalist,2
fungal,2
furnishings,2
fusil,2
fusions,2
fuss,2
fuzzy,2
gags,2
gambler,3
gambles,2
gamemaster,2
gamer,3
gamers,2
gametes,2
gangsta,3
garni,3
garrisons,2
gatehouse,2
gatekeeping,2
gavotte,3
gazelles,3
gecko,2
gelatin,2
gels,3
gemstone,2
generalised,2
generality,3
generalizations,2
generously,2
genetically,2
genitalia,2
genitals,2
genomic,3
genomics,3
gentleman,3
gentler,2
genuinely,2
geocachers,2
geoglyph,2
geographers,2
geographically,3
geologist,3
geometrical,2
geostationary,2
gerbil,2
gestalt,3
geyser,3
gharial,2
ghostly,2
gibbous,2
gigabyte,2
girders,3
girlhood,2
gizzard,2
gladly,2
glans,2
glaze,3
glazing,2
glimpse,2
glittering,2
glomerulus,2
gloomy,2
gloss,2
glows,2
glues,2
gluttony,2
glycolysis,2
glyph,2
goaltenders,2
godmother,3
godparent,3
godson,2
gomphotheres,2
gondoliers,2
goober,2
goslings,2
gossip,3
grabs,2
gradients,2
gram,3
gramophone,3
grandpa,3
grandparent,3
grandstand,2
granny,3
granting,2
grape,2
grapefruits,2
graphically,2
graphs,3
grasp,2
grasshoppers,2
grassroots,2
grateful,2
gratefully,2
gratification,2
gratitude,2
gravestone,2
greasy,2
grebe,3
greenhouse,3
greenhouses,3
greenish,2
greetings,3
grieved,2
grin,2
grinds,2
gripping,2
grisly,2
gritty,2
groom,3
grotesque,2
grounded,2
grounding,2
grouse,3
growls,2
grubs,2
grunting,2
grunts,2
guarding,2
guillotine,2
guineas,2
guise,3
gulls,3
gunboat,3
gunnysacking,2
gusty,2
gymnasts,3
habitable,2
hack,2
hackers,3
haired,2
hallenkirke,2
hallucination,2
halogen,2
halophiles,2
halt,3
halva,2
hamlets,2
hammerheads,2
hams,2
handbags,3
handcuff,2
handcuffs,2
handing,2
handlers,2
handover,2
handset,2
handshake,3
handwriting,2
handwritten,2
handy,2
hanger,2
hangout,2
hangul,2
hanja,3
happier,2
har,2
harbours,2
hardened,2
hardiness,2
hardwood,2
harem,2
harming,2
harmonics,3
harpsichords,2
harsher,2
harshly,2
hartebeest,2
haste,2
hastily,2
hatching,2
hateful,2
haughty,2
havoc,3
haze,2
headlining,2
headmaster,2
headshot,2
headstock,2
headwaters,3
healings,2
heals,3
heap,3
heaped,2
heartbreaking,3
heartland,3
heartless,3
heater,2
heathen,3
hemophilia,3
hemorrhoids,2
henge,2
herbaceous,2
herding,2
herds,2
hereafter,2
hesitate,2
hesitates,2
hexaflexagon,2
hexafluoride,2
hibernation,2
hideous,2
highlighting,2
hijacked,2
hijacking,2
hikes,2
hillsides,2
hilt,2
himantes,2
hindered,2
hindering,2
hinges,3
hint,2
hippalektryon,2
hippopotamus,2
hippos,2
hipsters,2
hissing,2
historique,2
hitherto,2
hitmaker,2
hive,3
hobbyists,2
hoes,2
hoist,2
homeground,2
homemade,2
homepage,3
homeschooled,2
homesick,2
homing,2
hominin,2
homologous,2
homozygous,2
honestly,2
honeyeater,2
honeyeaters,3
honeymoon,2
honoring,2
hooded,2
hooked,2
hoops,3
hopeful,2
hormigas,2
horoscopes,2
horrific,2
horsemen,2
horticultural,3
hospitable,2
host's,2
hostages,2
hostilities,3
hotdog,2
hourly,2
housekeeper,3
housewife,2
hover,2
howitzer,2
hue,2
hula,2
human's,2
humanise,2
humanoid,2
humiliating,2
hummingbird,3
humorist,2
humors,2
hump,3
hundredweight,2
hurled,2
hurling,3
hurried,2
hurries,2
hybridization,2
hybrids,2
hydrated,2
hydro,3
hydrochloric,2
hydrofluoric,2
hydroxyl,2
hyena,2
hyenas,2
hyperons,2
hypersensitivity,2
hypersomnia,2
hyperuricemia,2
hyphen,2
hypnosis,2
hypocrite,2
hyponym,2
hypoxic,2
ipass,2
iplayer,2
ipod's,2
iuniverse,2
ibogaine,2
iconography,2
icy,4
idealized,2
ideological,3
idiot,2
idle,2
igloos,2
ignited,2
ignites,2
ignorance,2
ignoring,3
illicit,2
illiterate,2
ills,2
illumination,2
illusions,3
illustrating,2
illustrative,2
imitate,2
imitates,2
immersed,2
immigrate,2
imminent,2
immoral,3
impairment,3
impalas,2
impassioned,2
impeached,2
impedance,2
imperfecti,2
imperialism,2
implausible,2
importantly,2
impresses,2
imprinted,2
imprints,2
improvisational,2
improvised,2
impulsive,2
inadvertently,2
inanimate,2
incapacitated,2
inceldom,2
incendiaries,2
incisors,2
inciting,2
inclusive,2
incompetent,2
inconvenience,2
inconvenient,2
incubate,2
incursions,2
indexes,2
indictments,2
indifference,2
indigo,3
indispensable,2
individualism,2
indulgences,2
industrialists,2
industrialization,2
inefficient,2
inequalities,3
inevitable,2
inevitably,2
inexperience,3
inexperienced,2
infallibility,2
infant's,2
infectious,3
infects,2
inferred,2
infestation,2
infielder,2
infiltrate,2
infinitely,2
infirmary,2
inflammatory,2
inflate,2
inflict,2
inflorescence,2
influenza,3
influx,2
informers,2
ingen,3
ingenious,2
ingested,2
inhabits,2
inhalation,2
inhibited,2
inhibition,2
initiator,2
injections,2
injuried,2
injuring,2
inks,2
inline,2
innuendo,2
inorganic,3
ins,2
insecticides,2
insert,2
inserting,2
insides,2
insignificant,2
insist,2
insolation,2
inspires,2
instructors,3
instrument's,2
insulates,2
insulating,2
insulator,2
insulting,2
insure,2
insurgency,2
intaglio,2
integrators,2
intellect,3
intensifies,2
interacting,2
intercellular,2
intercept,2
interceptions,3
interchangeable,2
interchangeably,2
interchanged,2
interdisciplinary,2
interlocking,2
interments,2
interned,2
interplanetary,3
interpolation,2
interpreting,3
interrelated,2
interruption,2
intersected,2
intersex,2
intervene,2
interviewing,2
interwar,2
intestine,2
intimate,2
intoxicated,3
intravenously,2
intrepidity,2
intrigued,2
intrinsic,3
introductions,2
introductory,2
introns,2
introvert,2
intruders,2
invent,2
inventors,2
investigates,2
investigator,2
inwards,2
ionizing,2
ironbark,2
ischemia,2
iteration,2
itinerant,2
ius,2
jacaranda,3
jackal,2
jammer,3
jammers,2
janitor,2
javanicus,2
jerks,2
jete,2
jock,3
jockeys,3
joeys,2
judge's,2
jugglers,2
jujuba,2
junctions,2
jungles,2
jure,3
jurisprudence,2
kw,2
kafane,2
kaleidoscope,3
kan,3
karts,2
kayaking,2
kayaks,2
keelback,2
ketone,2
keyboardist,2
keyhole,2
kickboxing,2
kidnappings,2
killings,2
kinder,3
kissed,2
kitchens,2
knapped,2
kneeling,2
knifes,2
knighthood,2
knightly,2
knot,3
knotted,2
koala,2
kpc,2
krill,3
kung,3
kyudo,3
l'avenir,2
labourer,2
lacquerware,3
lactase,2
lagoons,2
lake's,2
lakeland,2
lambasted,2
lamian,2
landmines,2
landscaped,2
laparotomy,2
larva,2
latent,3
launcher,3
laureates,3
lavas,2
lawns,2
layering,2
layouts,2
leafy,2
leakage,2
leaking,2
leaner,2
leaping,3
leasable,2
leases,2
leasing,3
lectern,2
ledge,3
ledger,3
leech,3
legalization,2
legalize,2
leggings,2
legibility,2
lender,2
lengthen,2
lengthwise,2
lentils,2
lepton,2
leptons,2
lesbians,3
lettering,2
letterpress,2
leucoptera,2
lexical,2
liable,2
librettist,2
libris,2
licit,2
lids,2
lieu,3
lifetimes,2
ligature,2
lightbulb,2
lightness,2
lignes,2
likelihood,3
likeness,2
limousine,2
linen,2
lingerie,2
lipids,2
liquidation,2
liquidity,3
liquors,2
lira,2
liter,2
litigation,2
livable,2
loaf,2
loaves,2
lobbied,2
lobes,2
locale,2
locative,3
locomotor,2
locust,3
lodged,2
lodging,2
logarithms,2
loggerheads,2
logotype,2
loin,2
loneliness,2
loner,2
longing,2
longitude,2
lordship,2
losers,2
lotion,2
lottery,3
loudspeaker,2
lounges,2
louver,2
lubricant,2
lubrication,2
luchador,3
lukewarm,2
lull,2
lumpy,2
lunchtime,2
lunges,2
lupus,2
lurched,2
lured,2
lures,2
luring,2
lurking,3
lush,2
lymph,3
ml,2
macaques,3
macaw,2
maestro,3
magistrates,2
magnate,2
magnetron,2
magnified,2
magnum,3
magpie,2
mailbox,2
mailed,2
mains,2
maize,2
majored,2
malevolent,2
mallee,2
mallet,2
mambas,2
mandal,2
maneuvers,2
mangoes,3
manifestation,2
manipulated,2
manipulative,2
manly,2
manmade,2
manors,2
mantis,2
mantra,3
mantras,2
manuals,2
mapmakers,2
mapped,2
marchers,2
marinas,2
marketers,2
marketplace,2
marred,2
marrow,3
marshland,2
marshy,2
marsupial,2
martyred,2
masculinity,2
masochism,2
masonry,2
massively,2
mastering,2
matcha,2
matchdays,2
mated,2
materialistic,2
matte,2
mattress,3
mattresses,2
maturation,2
maximize,2
mead,3
meaningless,2
measurable,3
medallions,2
medics,3
meditating,2
meekly,2
megafauna,2
mellitus,2
meltdown,2
memberships,2
meme,2
memorized,2
mend,2
menhirs,2
meninges,2
meniscus,2
menstrually,2
menstruate,2
menstruation,2
mentors,2
merchandisers,2
merciful,2
mergers,3
meringue,2
meristems,2
merits,2
mesocarp,2
messes,2
metaphors,3
meteorite,2
meteorologist,2
meteorologists,2
meteorology,2
methamphetamine,2
methyl,2
metrics,2
mezuzah,2
microarchitectural,2
microbiota,2
microformat,2
microprocessors,2
microscopes,3
microseconds,2
microtubules,3
midday,2
midpoint,2
migrate,3
migrates,2
milion,2
milking,3
milkman,2
millimeter,2
millimeters,2
millionaires,2
millionth,2
milliwatts,2
mimicking,2
mimicry,2
minarets,2
minnows,2
minorities,2
minted,2
minting,2
misdeeds,2
misled,2
missle,2
misspelled,2
mistletoe,3
mistook,2
mistrial,2
misunderstands,2
misunderstood,2
misuse,3
mite,2
mitigating,3
mitt,3
mobster,2
mocked,3
mockingly,2
modality,2
modem,4
moderation,2
modernism,2
modernized,2
modulating,3
modulation,2
moduli,2
molestation,2
mollusks,2
mon,3
mone,2
monism,2
monochrome,2
monohull,2
monologue,2
monologues,2
monophyletic,2
monorail,2
monoxide,2
montane,2
moods,3
moored,2
moorland,2
mortality,3
mortally,2
mortals,2
mortice,2
mosasaurs,2
mosses,2
mossy,2
motmot,2
motorbikes,2
motorcycling,2
motorized,2
mottled,2
moulds,2
mount's,2
mountainside,2
mounts,2
mourn,2
mourners,2
mourns,2
movement's,2
mover,2
mtdna,2
muffled,2
mufti,2
mujaddid,2
mulberry,2
multiplexer,2
multiplicative,2
multiplicity,2
multiplier,2
multitasking,2
multitude,2
mummies,2
mummified,2
mundane,2
munitions,2
muppet,2
muppets,3
murderous,2
murga,2
musculus,2
musically,2
musings,3
musketeer,2
mustache,2
mute,3
mutilated,2
muzzles,2
myelin,2
myoclonic,3
myosin,2
nannies,2
nanoparticle,2
nanotechnology,3
nape,2
narration,2
narrations,2
narratives,3
narrowed,2
naturals,2
nautiloids,2
navies,2
navigating,2
nears,2
necessity,2
necklaces,2
nee,3
needy,2
negligible,2
negotiates,2
negotiating,2
neighborhood's,2
neonatal,2
neotheropod,2
nested,2
nettles,2
neuropathy,2
neuropsychologists,2
neurosis,2
neurosurgeon,2
neurotransmitter,2
neutralizing,2
neutrophils,2
newscasts,2
niboshi,2
nicotine,2
night's,3
nightlife,2
nihilism,2
nimble,2
nitric,3
nm,3
nmi,2
nom,3
nomen,2
nominating,2
nonhuman,2
nonmetallic,2
noon,2
noosphere,2
normalization,2
noseband,2
noticeably,2
notifications,2
notoriety,2
nourishing,2
nucleation,2
nucleotides,2
nuisance,2
numb,2
numeric,2
nun,3
nurseries,2
nutritients,2
o'clock,3
oarsmen,2
obeyed,2
obeying,2
obi,3
obituary,2
objectively,2
objectivity,2
obligations,2
obliterated,2
oblivious,2
oblong,2
observable,2
observatories,2
obsession,2
obsessional,2
obstetrics,2
obstructing,2
obstructions,3
obtaining,2
occultist,2
occupancy,2
occupations,2
oceanographer,2
ocelli,2
octal,2
octopuses,2
offbeat,2
offenders,3
offset,3
ogre,3
oilseed,2
okdek,2
okonomiyaki,2
oligomers,2
ology,2
omasum,2
omelette,2
onions,2
onstage,2
oo,3
opaque,2
opend,2
openness,2
operatic,2
operetta,3
opioid,2
oppressing,2
oppressors,2
optically,2
optimize,2
orator,2
oratorio,2
orchards,2
orchestrated,2
ordnance,3
organisation's,2
organising,2
organization's,3
originality,2
ornatus,2
oscillate,2
osmosis,2
ossicles,2
ostensibly,2
otomes,2
otters,2
ounce,2
ousted,2
outbursts,2
outfield,2
outlet,2
outpost,2
outposts,3
outputs,2
outs,2
outsourced,2
outstations,2
ovation,2
overboard,2
overcoming,2
overcrowding,2
overflow,2
overflows,2
overhears,2
overheating,2
overlooks,2
overlying,2
overpowered,2
overprotective,2
overshadow,2
overt,2
overtaking,2
overturn,2
overuse,3
overwhelmed,2
oviraptorosaurs,2
ovoid,2
oxidizes,2
oxycodone,3
oxygenated,2
oyster,2
oysters,2
pacifism,2
pacifist,2
packets,2
paddling,2
pagadi,2
pagoda,3
pail,2
painism,2
pair's,2
palaeontology,2
palaestras,2
paleontologists,2
pals,2
palsy,2
pancuronium,3
panes,2
panned,2
panorama,3
pantomime,2
papaya,2
papery,2
par,2
paraffin,2
parallax,2
paralysis,3
paralyzed,2
paramedic,2
paratroopers,2
parent's,2
parenthetical,2
parenting,2
parlor,3
parlors,2
parrents,2
partake,2
parted,2
passageways,2
pastor's,2
pastors,2
pasture,2
pathogens,3
pathological,2
patricians,2
patriotism,2
patronage,2
patronymic,2
patterned,2
pavilions,2
payer,2
payouts,2
payphone,2
payroll,2
pea,3
peal,2
pebble,3
pedestal,3
peduncle,2
peek,2
peerage,2
pegging,2
peloton,2
penal,3
pencils,2
penetrated,2
peninsula's,2
penises,2
pentafluoride,2
pentatonic,2
peppered,2
peppers,3
percentages,2
peregrinus,2
perfumes,2
pericyclic,2
perils,2
periodical,2
perjury,3
permissible,2
persecutions,2
persists,2
personalized,3
personnal,2
persuasion,3
persuasive,2
pertaining,2
pertains,2
peso,3
pest,2
pesticide,2
pesticides,2
petite,2
phage,2
phalange,2
pharmaceutical,2
pharmacies,2
pharmacist,2
phasing,2
phenylalanine,2
philosophies,2
phishing,3
phobia,3
phone's,3
phonemes,2
phonograph,3
phosphor,2
phosphoric,2
photocopying,2
photovoltaic,3
physiology,3
picket,2
pickles,2
picta,2
pidgin,3
pied,2
pigeons,2
pigment,2
pigtails,2
pinching,2
pineapple,3
pineapples,2
pinpoint,2
pistil,2
pituitary,2
plagued,2
plaintext,2
plaintiff,2
planet's,2
plank,2
plant's,2
planter,2
plasmid,2
plastid,2
plated,2
platelets,2
platoon's,2
platter,2
plausible,3
playlist,2
pleasantly,2
pleasurable,2
pledged,2
plesiosaur,2
plesiosaurs,2
plethora,2
plotter,2
plucked,2
plucking,2
plumage,3
plumbing,2
plumed,2
plummeted,2
plunged,2
poaching,2
podcast,2
poet's,2
poked,2
polarity,2
polemics,2
pollinate,2
pollinators,2
pollute,2
polycondensation,2
polygon,2
polygonal,2
polygons,2
polymerization,3
polyphony,2
polyploid,2
polytheism,2
polyvinyl,2
pop's,3
popping,2
pops,3
popularizing,2
porno,2
porpoise,2
porpoises,2
positioning,2
possessing,2
postulated,2
potentials,3
potentiometers,2
potoroo,2
poular,2
pounding,2
powders,2
powerhouses,2
practitioner,3
praenomen,2
praetor,3
prairies,2
prank,2
preach,2
preacher,3
preachings,2
precession,2
precincts,2
predetermined,2
predictable,2
predominated,2
preemption,2
prehistory,2
prejudices,2
prelims,2
premature,2
premise,2
premises,2
premiums,2
prepaid,2
preposition,2
prepositions,2
prerequisite,2
preschool,3
presentations,2
presently,3
preservative,2
preserves,2
presides,2
pressurized,2
prevail,3
prevailed,2
prevails,2
prevalent,2
priapism,2
priceless,2
pricing,3
priestly,3
primeval,2
primitives,2
primogeniture,2
principalities,2
printmaker,2
prism,3
prismatic,2
prisoner's,2
privatisation,2
privatised,2
privatization,2
privatized,2
probabilistic,2
problematic,2
proceeding,2
processions,2
processualists,3
productively,2
professorship,2
profiles,3
profoundly,2
profusion,2
program's,2
programmable,2
projectiles,2
prolegs,2
promos,2
prompt,2
pronoun,2
propel,2
propellant,2
propelled,2
propensity,2
proportionally,3
propositions,3
propped,2
proprietary,2
props,3
prosecute,2
prosecution,2
prostration,2
protagonists,2
protease,2
protofeathers,2
protostar,2
prototypical,2
proudly,2
provenance,2
proverbs,2
prowess,2
proximal,2
pry,2
pseudo,2
pseudoscience,2
psychedelic,3
psychoactive,2
psycholinguistics,2
psychologically,2
psychopath,2
psychosis,2
psychotic,2
pterosaurs,3
pubic,2
publicized,2
puddle,2
puffins,2
pug,2
pulp,3
pulpit,2
pulsar,2
pulsing,2
pupae,2
pupal,2
puppetry,2
puroresu,2
purposely,2
pylori,2
quad,3
quadrants,2
quadrature,3
quart,2
quartered,2
quarterfinal,2
qubit,2
queries,2
questing,2
questioner,2
quickest,2
quiescent,2
quills,2
quitting,2
quiz,2
quo,3
quota,2
rii,2
rabbis,2
racecar,2
racehorse,2
radiate,2
radically,2
radioactivity,2
radioed,2
radionuclides,2
raged,2
raging,2
ragtime,2
raider,3
railing,2
rainfalls,2
raisin,3
raisins,2
rajas,2
ranchers,2
rangatiratanga,2
ranged,3
rapped,2
rapping,2
ratification,2
rave,2
reactant,2
reactants,2
reactionary,2
reactivity,2
readiness,3
readout,2
realising,2
reappeared,2
reappointed,2
reassigned,2
rebec,2
reboot,2
rebounds,2
rebranding,2
receptions,2
recess,2
rechargeable,2
recharged,2
recherche,3
recital,2
recite,2
recited,2
reclaim,3
reclassified,2
recluse,2
recognisable,2
recollection,2
recollects,2
reconciled,2
reconciling,2
reconsider,2
reconstituted,2
reconstructions,2
rectangles,2
rectifier,2
rectum,2
recurved,2
recycle,2
recycling,2
redeemed,2
redefined,2
redemption,3
redeveloped,2
redirect,2
redirecting,2
redrawn,2
redshifts,2
reentry,2
reestablish,2
reflex,2
reflux,2
reforged,2
reformulated,2
refounded,2
refrigerant,2
refrigeration,3
refurbished,2
refurbishment,2
refuted,2
regenerative,2
regimens,2
regimes,2
registering,2
registers,3
regrow,2
regulates,2
regurgitating,2
rehabilitated,2
rehearsals,2
reika,2
reincarnation,2
reinforcers,2
reissue,3
reiterated,2
rejoining,2
relapses,2
relational,2
relativism,2
relaunched,2
relaxing,2
reliefs,2
relieves,2
relocate,2
reluctantly,2
remanded,2
remarking,2
remedial,2
remedy,3
reminds,2
remorse,2
remoteness,2
renal,3
rename,2
render,2
renewables,2
renewing,2
rents,2
reopen,2
reordered,2
replacements,2
replenishment,2
replicate,2
reporters,2
reprints,2
reprisal,2
republic's,3
republicanism,3
rescheduled,2
rescuers,2
resemblance,2
resentful,2
resents,2
resettled,2
residency,2
residual,2
resisting,2
resistive,2
resistivity,2
resistor,2
resolving,3
resonances,2
respectable,2
respectful,2
respectfully,2
respite,3
responders,2
responsive,2
restrained,2
restrictive,2
resurrect,2
resurrected,2
resuscitation,2
retaliation,2
retardation,2
retarded,2
reticulum,2
retract,2
retribution,2
retrieves,2
reunification,2
reuniting,2
revalued,2
reverence,2
reverted,2
reviewer,2
revisit,3
revolted,2
revolve,2
revolvers,2
rewarding,2
rewrite,2
rhino,3
ribbons,2
riboflavin,2
rider's,2
rifleman,2
rifling,2
rigged,2
rigs,2
ringside,2
ringtones,2
rinse,2
rioters,3
ripen,2
ripples,2
rips,3
rivalries,2
rivets,2
roadway,2
roadways,2
roar,2
robberies,2
robbers,2
robbing,2
robosexuality,3
rogue,2
rogues,3
romances,2
romantically,2
romanticism,3
rondo,3
roommate,2
roommates,3
rooves,2
rotifers,2
rotors,2
routinely,2
routing,2
rubbery,2
rubble,3
rubies,2
rubles,2
rubs,2
rugs,2
rumba,2
rumen,2
rumor,3
rumored,2
rumour,2
rust,3
rusted,2
sackcloth,2
sacks,2
sacrum,2
safekeeping,2
sag,2
sagas,2
sailboats,2
salesmen,2
saleswoman,2
salinity,2
salsa,2
salting,2
salute,3
saluted,2
sampled,2
sampler,2
sanctioning,2
sane,2
sanity,2
sarcastic,2
sarcastically,2
sarcophagus,2
satin,2
satires,2
satirical,2
saturated,2
saturation,2
sausage,2
sauvage,2
savages,2
savate,2
sawfish,2
scaled,2
scalloped,3
scalp,2
scaly,2
scandalous,3
scanners,2
scarcity,3
scares,2
scarves,2
scattering,2
scavenger,2
scene's,2
scepticism,2
schachspiel,2
scheduling,3
schism,2
scimitar,2
scissors,2
scissortails,2
scoops,2
scraps,2
scratches,2
screech,2
scribes,2
scriptorium,2
scrutiny,3
scuffle,2
sculpting,2
seabed,2
seahorses,2
sealing,2
seam,2
seamanship,2
seaplanes,2
seashores,2
season's,2
seasonally,2
seasoned,2
seasoning,2
seceded,2
sectarian,2
sectional,2
securely,2
sedation,2
sedative,2
sedentary,2
seduced,2
seduction,3
seductive,2
seeding,2
segmented,2
seizes,2
selectorate,3
sellers,3
semantic,2
semantics,2
semicircle,2
semicolon,2
seminal,3
seminaries,2
semiotic,3
seniors,3
sensationalist,2
sensibly,2
sensual,2
sentencing,2
sentiment,2
sentimental,3
sentry,2
sepsis,2
septum,2
sequenced,2
serekhs,2
serene,2
serf,2
serfdom,2
serialization,2
seriousness,2
settles,2
sevens,2
sewers,2
sewn,2
sexploitation,2
shabby,2
shackle,2
shahadah,2
shallower,2
shampoo,2
shark's,2
shaving,2
shawl,2
shedding,2
sheepskin,2
shelves,2
shielded,2
shikomi,2
shilling,2
shimmer,3
shinjitai,2
shins,2
shoal,2
shoals,3
shocks,2
shone,2
shook,2
shoreline,2
shortfin,2
shorthand,3
shortness,2
shouts,2
shoved,2
showered,2
shrapnel,2
shroud,2
shrunk,2
shunt,2
shush,2
shyness,2
sideburns,2
sidecar,2
sideshow,2
sidings,2
signaled,2
silenced,2
silicates,2
silks,2
silty,2
silvering,2
simulated,2
simulator,2
simulators,2
simultaneous,2
sincerely,2
sinful,2
singlet,2
singularity,3
sinkhole,2
sinusoidal,2
sitcoms,2
sited,2
sitters,2
situational,2
sizeable,2
skated,2
skates,3
skidded,2
skillful,2
skinning,2
skinny,2
skunk,3
slander,2
slashed,2
slasher,2
slaughter,2
slaughtered,2
sleeper,2
sleepless,2
sleet,2
sleeve,3
sleeveless,2
slick,3
slimy,2
slingshot,3
slippers,2
slitting,2
slums,3
slung,2
slurred,2
smarter,2
smashing,2
smelling,2
smelting,3
smug,2
snap,2
snapped,2
sneezing,2
sniff,2
sniping,2
snipped,2
snowmelt,2
snowstorm,2
snuck,2
sober,3
socialized,2
sociobiology,2
sociolinguist,2
sockets,2
soften,2
sokui,2
soldier's,3
solemn,3
soli,2
solidus,2
solipsism,2
solos,2
somersault,2
sooty,3
sophisms,2
sorcerer,2
sortable,2
sorting,2
sourdough,2
southwards,2
souvenirs,2
sovereign's,2
sows,2
spaceflight,2
spaceships,2
spacewalks,2
sparingly,2
sparrowhawk,2
sparsely,2
spasms,2
spathe,2
spayed,2
specializes,2
specification,2
specifications,2
spectacle,2
speculate,2
speculations,2
spiked,2
spillway,2
spinosaurid,2
spirited,2
spirituals,2
spitting,2
spleen,2
splendid,2
splitter,2
spoiled,3
spoiling,2
spool,2
spoon,2
sporophyte,2
sportsmen,3
sporty,2
spotlight,3
spouse,2
sprang,2
sprawled,2
sprawling,2
sprayed,2
sprays,2
springtime,2
sprinter,3
sprout,3
sprouts,2
spurt,2
squat,2
squatters,2
squeezes,2
squids,2
squirt,3
stabilize,2
stables,2
staffs,2
staining,2
stainless,2
stalactite,2
stalking,2
stamens,2
stammer,2
stampede,2
standalone,2
standardized,3
stanzas,2
staph,2
stardom,2
stares,2
starfighter,2
starfish,2
starship,3
startled,2
startup,2
starve,2
stately,2
stationery,3
stats,3
statutory,2
steak,2
steaks,2
stealthy,2
steamed,2
steamer,3
steels,2
steeple,2
steered,2
steers,2
stellations,2
steppe,2
stereotyped,2
stereotypical,2
stew,2
stewardship,2
stickers,2
stigma,3
stiletto,2
stillness,2
stimulants,2
stimulates,2
stinging,2
stingrays,3
stink,2
stir,2
stirred,2
stockings,3
stomp,3
storeroom,2
storeys,2
storm's,3
storyteller,2
straightedge,2
straighten,2
straightened,2
straightening,2
stranded,2
strangest,2
strangled,2
strapped,2
straps,2
strategically,3
stratovolcano,2
strawberry,3
straws,3
streamed,2
streetwise,2
strenuous,2
stressful,2
stressor,2
stressors,2
stretchable,2
stretcher,2
stretchy,2
stricter,2
stride,3
strikers,3
stripper,2
stripping,2
stronghold,2
strongman,3
stub,2
studio's,2
stuffing,2
stun,2
stung,2
stuns,2
stunted,2
stuntman,2
stuntmen,3
stupidity,3
sturdy,3
stylus,2
subducted,2
subgenera,2
subgroup,2
subjective,2
subnational,2
subpages,2
subs,2
subscriptions,2
subsets,2
subsidiaries,2
subsidy,2
subsistence,3
substituent,2
subtitles,2
subtractive,2
subtype,2
subunguis,2
subunit,2
subunits,2
subversion,2
subversive,2
succulents,2
succumbing,2
suck,2
sucks,2
suction,2
suing,2
suitcases,2
summarizes,2
summon,2
sumo,3
sundial,2
sunflower,2
sunflowers,2
sunken,2
sunrise,3
sunspot,3
supercentenarian,2
supercluster,2
supercomputer,2
supercomputers,2
superconductor,2
supergiant,2
superimposed,2
superintendent,2
supermassive,2
supernova,4
supernovas,2
superposition,2
superpowers,2
superscalar,2
supersymmetry,2
supervillain,2
supplier,2
suppress,2
supremacists,2
supremacy,3
suprematist,2
surfactant,2
surfers,2
surge,2
surgically,2
surjection,2
surnames,2
surrealist,2
susceptibility,2
susceptible,2
sushi,2
suspend,2
suspense,2
swaps,2
swarms,2
swashbuckler,2
sway,2
sweater,2
sweaters,2
sweeps,3
sweeten,2
sweeteners,2
sweetness,2
switchboard,2
swum,2
swung,2
syllabary,2
sylvite,2
symbiosis,3
symbiote's,2
symbiotic,2
synagogues,2
synapsids,2
synchrony,2
syncopated,2
synthesizer,2
synthesizers,2
synths,2
systemic,3
tabloid,3
tachyon,3
tack,2
tackled,2
tackles,2
tackling,2
tagline,2
tailed,3
tailors,2
taker,2
takoyaki,3
tamed,3
tamga,2
tangents,2
tangerine,2
tank's,2
tannery,2
tanning,2
taper,2
taping,2
tar,3
tarantula,3
taskbar,2
tasted,2
tasteful,2
tattooed,2
taunts,2
tauon,2
taxis,3
taxonomists,2
taxpayers,2
teal,3
teardrop,2
tearing,3
teasers,2
teases,2
techno,3
technologically,2
tehsils,3
teleological,2
tempeh,2
temperaments,2
template's,2
tempted,2
tempting,2
tenant,2
tenants,2
tencha,2
tenderness,2
tending,2
tenon,2
tentatively,2
terminate,2
terminating,2
termination,2
terming,2
terracotta,2
terrapin,2
terribly,2
terrified,3
terrorized,2
testable,2
testes,2
testicle,2
testified,2
testosterone,2
tetrapod,2
tetrapods,2
tetris,2
textual,2
textured,2
that'll,2
theatrically,2
theoretically,2
theorized,2
therapsids,2
thereof,2
thereon,2
thermodynamics,3
theses,2
they've,2
thickened,2
thickly,2
thistle,2
thistles,2
thoroughly,2
thoughtful,3
thr,3
thrill,2
thrips,2
throttle,2
thugs,2
thwarting,2
thyroid,3
ticks,2
tightened,2
tights,3
timed,2
timelines,3
timely,2
timescale,2
timeslot,2
timespan,2
timid,2
timpani,2
tinsel,2
tints,2
titration,2
toed,2
toleration,2
tolled,2
tomboy,2
tomography,2
toolbox,2
toothpaste,2
topologies,2
torches,2
torments,2
torpedoed,2
torpedos,2
torts,2
toss,2
tosses,2
tossing,2
totaling,2
totalitarian,2
totalled,2
totalling,2
totem,2
toto,2
touchscreen,2
toughest,2
towels,2
toxicity,2
toxins,2
trademarked,2
traditionalist,2
trafficked,2
trafficker,2
trampoline,2
tranquilizer,2
transatlantic,2
transcendent,2
transferable,2
transfusions,2
transient,2
translucent,2
transmits,2
transposing,3
transposition,2
transposons,3
traumatised,2
traverse,3
treadmark,2
treads,3
treatable,2
treeless,2
trembling,3
trespassing,2
tribals,2
tribe's,2
tribulation,3
tributes,2
trichloride,2
trilobites,2
trimester,2
triples,2
triplets,2
tripling,2
tripod,3
tripped,2
trireme,2
troll,3
trolleys,2
troublemakers,2
troublesome,3
troughs,2
trusses,2
tryout,2
tuberculosis,2
tubing,2
tuff,3
tumbling,3
tumultuous,2
tuna,2
tuner,2
tunics,2
tuple,2
turbocharged,2
turbofan,2
turbulent,2
turfs,2
turnover,2
tusk,2
tusks,2
tuxedo,2
tweaked,2
tweets,2
twitch,3
twitching,2
twos,2
tycoon,3
tying,2
typeset,2
typesetting,2
typhoid,2
tyrannosauroids,2
tyrant,2
tyre,2
tyrosine,2
ultrasound,2
um,3
umbellifers,2
umpired,2
unacceptable,2
unaired,2
unanimous,2
unarmed,2
unauthorized,2
unbroken,2
uncharted,3
uncircumcised,2
uncle's,2
unclean,2
uncles,2
unconventional,2
uncountable,2
uncritical,2
undamaged,2
undefended,2
undefined,2
undeniable,2
underdeveloped,2
underestimated,2
underfur,2
undergraduates,2
underhand,2
undermined,2
underparts,2
understudy,2
undertakes,2
undertook,2
underway,2
underweight,2
undeserving,2
undistinguished,2
undulator,2
une,2
uneasy,2
unedited,2
uneducated,2
unequal,2
unethical,2
unevenly,2
unfit,2
unfortunate,2
unharmed,2
unholy,2
uni,2
unicellular,2
unimpeded,2
uninhibited,2
uninterested,2
uninterrupted,2
unknowing,2
unleashed,3
unlisted,2
unloading,2
unlocking,2
unnaturally,2
unnecessarily,2
unopposed,2
unorganized,2
unpaired,2
unplanned,2
unprofitable,2
unprovoked,2
unpublished,2
unreactive,2
unreadable,2
unrecorded,2
unremarkable,2
unresolved,2
unruly,2
unsanitary,2
unseeded,2
unseen,3
unsettled,2
unsigned,2
unsorted,2
unsuspecting,2
untimely,2
unused,2
unveiling,2
unvisited,2
unwashed,2
unwilling,2
unwittingly,2
unworkable,2
unwritten,2
upbeat,2
updraft,2
upgrading,2
upheaval,2
upheld,2
uplift,2
uploader,2
uppers,2
upscale,3
upsets,2
upsetting,2
urinate,2
urinating,2
usages,2
usernames,2
uterine,2
utilitarianism,2
utilities,3
utilization,2
utilize,2
vacated,2
vaccinated,2
vaccination,2
vacuole,2
vaginoplasty,2
vagueness,2
vajra,2
valuation,2
vampirism,2
vandalism,2
vandalized,2
vaned,2
vanes,2
vanishes,2
vanishing,2
vanquished,2
vantage,3
vapors,2
varnas,2
varnish,2
vasoconstriction,2
vasodilation,2
vaudeville,2
vaulted,2
ve,2
vegan,3
vegetarian,3
vegetarians,3
vehicle's,2
vehicular,2
velocities,2
vena,2
vendor,2
venison,2
ventilation,2
ventilators,2
verbally,2
versatile,2
versed,2
vestibular,2
vet,2
veterinarian,3
vibrato,2
vidalii,2
videotape,2
viewership,2
vigilant,2
vigilante,2
vigor,2
vigorously,2
vihuela,2
vindication,3
vinegar,2
violinists,2
viscous,2
vivant,2
voce,2
voiceless,3
voided,2
volcanos,2
vole,2
volition,3
voltages,2
voltmeters,2
vomit,2
vowed,2
voyages,2
wacky,2
wager,3
wages,2
waists,2
waiter,2
waived,2
wakizashi,2
walkthrough,2
wallet,2
waltzes,2
wands,2
warlords,3
warmth,2
warranty,2
warrior's,3
warts,2
wary,2
wasteland,2
watchers,2
watered,2
waterhole,2
waterholes,2
waterlogged,2
wattle,2
waveform,2
wavefunction,2
waving,2
waxing,3
weakens,2
weatherboard,2
weathering,2
weavers,2
webcasts,2
website's,2
wedded,2
weeping,2
weightlifter,3
welcomes,2
wets,2
whalers,3
whaling,2
wheelbase,2
wheelie,2
wheezing,2
whereupon,2
whichever,3
whistles,3
whitish,2
wholes,2
whomever,2
wickedly,2
widowed,2
widower,2
wield,2
wig,3
wigs,2
wikis,3
wikitext,2
wildcard,2
wilt,2
windings,2
wingless,2
winnings,2
wired,2
witnessing,3
witty,3
womb,2
womens,2
wondering,3
woodcut,2
woodwork,2
woolly,2
word's,2
workings,2
workload,2
workstation,2
worsened,2
wrapper,3
wrath,3
wreath,3
wrens,3
wrestle,2
wrestler's,3
wrinkles,2
wrists,2
wronged,2
wyliei,2
yachting,2
yaoi,2
yarns,2
yelling,2
yield,2
yungdrung,2
zamindari,2
zamindars,2
zealous,2
zebra,3
zeroes,2
zeta,2
zircon,2
zoo's,2
zooids,2
zum,2
zygote,2
aacsb,1
aap,1
aau,1
aavso,1
abacadaeafa,1
abba,1
abcd,1
abcs,1
abdo,2
abo,1
abv,1
aca,1
acap,1
acars,1
acb,1
accipitridae,1
acha,1
acn,1
acs,1
actu,1
acu,1
acum,1
adac,1
adc,1
admk,1
aec's,1
aep,1
aest,1
afa,1
afab,1
afi's,1
aflp,1
afpfl,1
afs,1
afwv,1
aga,2
agb,1
ahwan,1
aia,1
aif,1
aik,2
aip,1
ais,1
aisl,1
aimcat,1
akb,1
akc,1
akfg,1
akg,1
akm,1
alde,1
alltech,1
als,2
alte,1
alus,1
amab,1
ambala,1
amedd,1
amiba,1
amoled,1
amro,1
amro's,1
ams,1
amx,1
anap,1
anbo,1
ans,1
ansp,1
anz,1
aoa,1
aoc,1
aonbs,1
apd,1
apf,1
apg,1
apmv,1
apni,1
apu,1
apy,1
aqha,1
ar,2
ara,2
arco,2
ars,2
asa,2
asap,1
ascap,1
ascii,1
asf,1
asics,1
aslo,1
asme,1
asmr,1
asn,1
asr's,1
assr,1
ata's,1
atac,1
atf,1
ati,1
atliens,1
ats,1
atsf,1
aug,1
auko,1
avc,1
avn's,1
avo,1
avs,1
aachen's,1
aadmi,1
aag,1
aala,1
aaliyah,1
aaliyah's,1
aam,1
aandalen,1
aardsma's,1
aargau,1
aaron's,1
aayirathil,1
abaco,1
abacus,2
abadehy,1
abadgaran,1
abandonment,2
abashiri,1
abbabaa,1
abbar,1
abbas,1
abbass,1
abbassi,1
abbath,1
abbay,1
abbeydwellers,1
abbie,1
abbott's,1
abbyville,1
abdalwadid,1
abdel,1
abdelghani,1
abdelghany,1
abdelkrim,1
abdera,1
abdillahi,1
abdim's,1
abdiqani,1
abdirahman,1
abdollahi,1
abdoulkader,1
abdul's,1
abdulla,1
abeba,1
abed,1
abelardo,1
abelian,2
abellio,1
abelshauser,1
abeokuta,1
aberdale,1
aberdonians,1
aberdovey,1
aberdyfi,1
abernethy,1
aberration,1
abhi,1
abhinandan,1
abhinavagupta,1
abhyankar,1
abid,1
abidjan,1
abin,1
abiola,1
abiyev,1
abkhaz,1
abkhazia,1
abloy,1
abolfazl,1
abomey,1
aboriginals,2
abort,2
aboubacar,1
abrahamyan,1
abram,1
abramovic,1
abramson,1
abrasion,1
abrasives,1
abrictosaurus,1
abrines,1
abrolhos,1
abrose's,1
abruzzi,1
absaroka,1
abscesses,1
abshak,1
abubakar,1
abuja,1
abukuma,1
abyaneh,1
abyssinia,1
abyssinians,1
acacia,1
acacias,2
academie,1
acadia,1
acamas,1
acanthisittidae,1
acapulco,1
acarya,1
accelerometers,1
accessions,1
accipiter,1
acclimatisation,1
accorhotels,1
accuneb,1
acerra,1
aces,2
achaean,1
achaemenid,1
achaius,1
acharjya,1
acharya,1
acherontia,1
acheson,1
achille,1
achilleion,1
achmed,1
achonachie,1
achterberg,1
achtung,1
acipenser,1
acipenseridae,1
acipenseriformes,1
ackbar,1
ackroyd,1
aclima,1
acme,1
aconcagua,1
acorah,1
acqua,1
acquisitions,2
acrididae,1
acropolis,1
actionscript,1
activison,1
actopan,1
acul,1
acula,1
acun,1
adadlek,1
adair,1
adak,1
adal,1
adalbero,1
adalbert,1
adalsbruk,1
adamowicz,1
adamson,1
adapters,2
adara,1
adarsh,1
adauto,1
adcote,1
addamses,1
addie,1
addison's,1
addu,1
addy's,1
adeem,1
adefonsi,1
adel,1
adelaide's,1
adeline,1
adelkhani,1
adelmus,1
adelphotheos,1
adenauer,1
adenine,1
adenomas,2
adenosine,1
adepts,1
adersh,1
adhan,1
adhanom,1
adherence,2
adherents,1
adhokshaja,1
adi,1
adias,1
adidas,1
adieu,2
adikavi,1
adil,1
adithanar,1
aditi,1
aditya's,1
adjutants,1
adlai,1
adler's,1
adlerholt,1
adlington,1
adlisberg,1
admirer,1
admont,1
adodo,1
adonis,1
adoor,1
adren,1
adriana,1
adriano,1
adrienne,1
adugodi,1
adult's,2
advaita,1
advertiser,2
adwani,1
ady,1
adyakam,1
adyar,1
aedan,1
aedena,1
aedes,1
aeetes,1
aegeus,1
aegyd,1
aeolian,1
aeolis,2
aeolus,1
aeon,1
aepyornithidae,1
aequationes,1
aereo,1
aerith,1
aerodrome,1
aeroflot,1
aeronautica,1
aeronautics,2
aeronaves,1
aeschylus,1
aesthetics,1
aethelfrith,1
aethelstan,1
aetna,1
afanasieff,1
affective,2
affirmation,1
afflis,1
affluence,1
affric,1
afghanastan,1
afghani,1
afghanistan's,1
afolabi,1
africaine,1
africanis,1
afrique,1
afro,2
afrobeat,1
afsluitdijk,1
aftonbladet,1
afuera,1
agadir,1
agar,2
agata,1
agatha,1
agathon,1
agaton,1
agayev,1
agaza,1
agbalumo,1
agbangnizoun,1
agder,1
agdistis,1
agena,1
aggarwal,1
agglo,1
aggregat,1
aggtelek,1
agimont,1
agios,1
agitation,2
aglaophyton,1
agly,1
agnello,1
agnes's,1
agni,1
agnihotri,1
agnivesh,1
agnolo,1
agnus,1
agony,1
agostinho,1
agostini,1
agosto,1
agrabah,1
agrawal,1
agri,1
agriculturalists,1
agrippa,1
agro,1
agroengineering,1
agrokor,1
agror,1
agua,1
aguayo,1
agudat,1
aguecheek,1
agugliano,1
aguilera's,1
aguri,1
agushi,1
agusta,1
agustin,1
agworok,1
ahan,1
ahana,1
ahaziah,1
ahhiyawa,1
ahibaran,1
ahijah,1
ahinsakai,1
ahiska,1
ahlen,1
ahli,1
ahlmann,1
ahlul,1
ahmad's,1
ahmadinajad's,1
ahmadinejad,1
ahmadullah,1
ahmanson,1
ahn,1
ahom,1
ahrendt,1
ahsan,1
ahura,1
aig's,1
airesearch,1
aibling,1
aice,1
aidem,1
aiden,1
aigaio,1
aigaion,1
aigner,1
aiguilles,1
aiko,1
aikton,1
ailes,1
ailian,1
aimury,1
aingimea,1
ainley,1
aino,1
ainsworth,1
aint,1
ainta,1
aintree,1
airdrop,1
airbase,2
airbender,1
airburst,1
aird,1
airfeld,1
airgialla,1
airings,2
airline's,1
airpark,1
airshow,1
airtel,1
airy,2
aisha,1
aishwaria,1
aissa,1
aitchison,1
aitebar,1
aitutaki,1
aizen,1
aizu,1
aja,1
ajatashatru,1
ajazi,1
ajda,1
ajedrecista,1
ajinomoto,1
ajip,1
ajit,1
ajitke,1
ajmal,1
ajuda,1
akabusi,1
akademiens,1
akagi,1
akakor,1
akari,1
akashi,1
akayev,1
akbar's,1
akcija,1
akela,1
akelle,1
akhaeans,1
akhet,1
akhmad,1
akhmat,1
akhmin,1
akhtar,1
akhuba,1
akhurian,1
akiba,1
akiko,1
akimichi,1
akish,1
akiva's,1
akkadian,1
akoka,1
akon,1
akord,1
akram,1
akrami,1
akruto,1
akshay's,1
aksumites,1
akten,1
aktien,1
aku,1
akua,1
akutagawa,1
akwa,1
akwid,1
algohar,1
alsb,1
alaba,1
alabama's,1
aladeen,1
alage,1
alagi,1
alagir,1
alagiri,1
alaili,1
alaina,1
alaje,1
alajuela,1
alakaket,1
alameda,1
alamosaurus,1
alard,1
alaric,1
alastair,1
alatar,1
alauddin,1
alavidze,1
alavitabar,1
alawadhi,1
alay,1
alb,1
alba's,1
alban,1
albanians,1
albaston,1
alberta's,1
albertopolis,1
albertson,1
albian,1
albias,1
alboin,1
albrecht's,1
albright's,1
alburnoides,1
albury,1
alcantara,1
alcatrazes,1
alcestis,1
alchemica,1
alcibiades,1
alcide,1
alcindor,1
alcoi,1
alcott,1
alcoutim,1
alcuin,1
alcyonaria,1
alda,1
aldana,1
aldary,1
aldbury,1
aldebaran,1
aldekoa,1
alder,2
alderley,1
alderman,2
alderton,1
aldis,1
aldriches,1
alef,1
alegre,1
aleixo,1
alejandra,1
alejandro,1
alekos,1
aleksandr,1
aleksey,1
alemannic,1
alemdar,1
alemi,1
alencherry,1
alentjo,1
alerta,1
alesha,1
alessandra,1
aleutians,1
alex's,1
alexandra's,1
alexandrians,1
alexandrov,1
alexandrov's,1
alexandrovsk,1
alexi,1
alexondra,1
alf,1
alfa,1
alfaguara,1
alfaro,1
alfelt,1
alfieri,1
alflaed,1
alfons,1
alfried,1
algal,2
algarves,1
algeria's,1
algiers,1
algis,1
algonquin,1
algonquins,1
algorizmi,1
alguersuari,1
algus,1
alhambra,1
aliaksandra,1
alibag,1
alibi,2
alicante,1
alienation,1
alif,1
alighiero,1
alikovskaya,1
alikovsky,1
alina,1
aline,1
alingar,1
alinta,1
alireza,1
alish,1
alistair,1
alito,1
alivardi,1
aliyeva,1
aljuan,1
alkadienes,1
alkawari,1
alkene,1
alkestis,1
alkhawaja,1
alkinoos,1
alkmene,1
allbusiness,1
allmusic,1
alla,2
allada,1
allagis,1
allahyar,1
allaine,1
allama's,1
allarcom,1
allard,1
alldis,1
allee,1
allegiance,2
allegret,1
allegro,1
allen's,1
allenby,1
allerton's,1
allie's,1
allisio,1
allium,1
allman,1
allmendinger,1
allopurinol,1
allosauroidea,1
allouache,1
allouez,1
allowances,2
alloyed,1
allsopp,1
allsvenskan,1
alltwyllt,1
allure,1
alluvium,1
alm,1
almacenes,1
almanack,1
almanzar,1
almario,1
almaron,1
almas,1
almayer,1
almighty,2
almoravids,1
almudaina,1
alnevik,1
alok,1
alonto,1
alonzo,1
aloofness,1
alpaca,2
alpes,1
alphazero,1
alphabetic,2
alphanim,1
alphonse's,1
alphonsus,1
alpide,1
alplersee,1
alpo,1
alportel,1
alsaba,1
alsace,1
alseseca,1
alsop,1
alsou,1
alston,1
altamont,1
altenbrunslar,1
altenburger,1
alterf,1
alterswilen,1
althea,1
altishausen,1
altman,1
altmuehl,1
alton,1
altounian,1
altricinae,1
altskeith,1
altstadt,1
altwasser,1
aluf,1
aluk,1
alumpeedika,1
alura,1
alvamar,1
alvaran,1
alvardo,1
alvin's,1
alvinella,1
alwida,1
alxa,1
aly,1
alycia,1
alyeska,1
alyona,1
alyonka,1
alyssyum,1
alytidae,1
alzheimer,1
am's,1
amadas,1
amado,1
amahl,1
amalasuntha,1
amalie,1
amanat,1
amanita,1
amanpulo,1
amans,1
amara,1
amari,1
amarillo,1
amarna,1
amarok's,1
amarr,1
amarth,1
amash,1
amaterasu,1
amateure,1
amatori,1
amatorius,1
amatus,1
amaxhosa,2
amaya,1
amazon's,1
amb,1
amba's,1
ambareesh,1
ambassador's,2
ambergis,1
ambianda,1
amborella,1
amborellaceae,1
amboy,1
ambrosius,1
ambukuthimala,1
ambulocetids,1
ambulocetus,1
amdahl,1
ameboids,1
ameer,1
amelia's,1
amelioration,1
amen,1
amendment's,1
amenguale,1
amenhotep,1
amenmose,1
amerdingen,1
americanisation,1
americanism,1
americanized,1
amerie,1
amerika,1
amerikanische,1
ameriwiki,1
amezian,1
amfissa,1
amguyema,1
amherst's,1
amiata,1
amida,1
amie,2
amigo,1
amira,1
amirabad,1
amitabha,1
amity,1
amiyumi,1
amjad,1
amkar,1
amlitude,1
ammas,1
ammit,1
amoedo,1
amoghavarsha,1
amoghavarsha's,1
amomum,1
amon,1
amoral,1
amores,1
amoros,1
amortentia,1
amory,1
amoudruz,1
amour,1
amparito,1
ampat,1
ampere's,1
ampharosite,1
amphitheatre,1
amphitrite,1
amphiumas,1
amphores,2
amplio,1
amram,1
amrapali,1
amrita,2
amrooka,1
amset,1
amstel,1
amt,1
amtsgerichte,1
amu,1
amun,1
amun's,1
amuse,1
amused,2
amuthu,1
amy's,1
amytal,1
anabaptists,1
anaimalai,1
analects,1
anandapur,1
anandhi,1
anantapadmanabha,1
ananya,1
ananya's,1
ananyev,1
anarchism,2
anarchy,2
anarestan,1
anas,1
anastacia,1
anastasi,1
anastasius,1
anath,1
anatole,1
anatoly,1
anatotitan,1
anayadi,1
anbar,1
ancerville,1
ancestry's,1
anchal,1
anchalummodu,1
anchem,1
anchetty,1
anchieta,1
anciens,1
anciente,1
andalucia,1
andalucian,1
andaz,1
andelin,1
anderias,1
anders,1
andersons,1
andersonville,1
anderssons,1
andha,1
andi's,1
andijan,1
andorra's,1
andras,1
andreasmoi,1
andred,1
andreyanova,1
andries,1
andris,1
andriy,1
andriy's,1
andro,1
androctonus,1
andropov,1
andrycz,1
andulf,1
andvarinaut,1
anecdotally,1
anees,1
anerood,1
anesidora,1
anesthesia,1
aneto,1
anfa,1
angara,1
ange,1
angel's,1
angeles's,1
angelfood,1
angeli,1
angelico's,1
angelina,1
angelinas,1
angelinos,1
angelo's,1
angelos,1
angelus,1
angera,1
angers,2
angerstein,1
anges,2
anghiari,1
angier,1
angina,1
angiosperm,2
angiosperms,1
angkatan,1
anglais,1
anglesey,1
angleton,1
angleton's,1
anglin,1
anglo,1
anglophile,1
anglophone,1
ango,1
angom,1
angora,1
angshu's,1
anguirus,1
anhui,1
anhydrobiosis,1
ani,2
ania,1
anicadu,1
animagus,1
animalada,1
animali,1
animalize,1
animax,1
anisto's,1
ankarloo,1
anker,1
ankh,1
anki,1
ankit,1
ankst,1
ankylosauridae,1
ankylosaurs,1
ankylosaurus,1
anloo,1
anmanari,1
ann's,1
annadurai,1
annakuta,1
annalen,1
annalise,1
annam,1
annan,1
annan's,1
annanhill,1
annapurna,1
annas,1
annastacia,1
annecy,1
anneri,1
annette,1
annibale,1
annick,1
annies,1
anning's,1
annio,1
anniston,1
annius,1
anno,1
annoted,1
anokhi,1
anomalisa,1
anon,1
anoplura,1
anor,1
anpanman,1
anpyeong,1
ansbert,1
anschutz,1
ansell,1
anselme,1
anselmo,1
ansem's,1
anser,1
ansett,1
ansiei,1
answerbag,1
antaeus,1
antagony,1
antalyaspor,1
antananarivo,1
antara,1
antarctica's,1
antaues,1
ante,1
antechamber,1
antenne,1
antfarm,1
anthericaceae,1
anthonio,1
anthrosphere,1
anthurium,1
anticholinergics,2
antidepressants,1
antigone,2
antigravity,2
antikythera,1
antiochene,1
antiochus,1
antionio,1
antiplatelet,1
antipsychiatry,1
antivenom,2
antlia,1
anto,1
antoinette's,1
antoku,1
antonescu,1
antoni,1
antonietta,1
antonin,1
antonina,1
antonino,1
antonoff,1
antonovych,1
antonveneta,1
antoon,1
antosch,1
antrodemus,1
antrodoco,1
antropologisch,1
antz,1
anubis's,1
anura,1
anuradhapura,1
anuttarayogatantra,1
anvari,1
anytown,1
anzorov,1
anzu,1
anzu's,1
aogashima,1
aojiroki,1
aoki,1
aomori,1
aontroim,1
aoshi,1
aosta,1
aozora,1
aparajita,1
apartheids,1
apeksha,1
apemantus,1
apfanclub,1
aphaenogaster,1
aphaiwongse,1
aphex,1
aphids,1
apia,1
apiata,1
apis,1
apitherapy,1
aplia,1
apne,1
apocalypse's,1
apocryphon,1
apodaca,1
apodemus,1
apogee,1
apokolips,1
apolda,1
apomixis,2
apoorva,1
aporia,1
aporrhais,1
apostolicae,1
apoteosi,1
apotheosis,1
appalachians,1
appalled,1
appanoose,1
apperson,1
appice,1
appin,1
applebaum,1
appleby,1
appleseed,1
applewhite,1
appropriations,2
apricot,2
apterygota,1
aptitude,2
aptivate,1
apuestas,1
apulia,1
aqeel,1
aqeeq,1
aqua,1
aquasphere,1
aquaman's,1
aquania,1
aquarian,1
aquarius,1
aqueduct,2
aquellos,1
aquia,1
aquidneck,1
arabacus,1
arabah,1
arabella,1
arabesque,1
arabica,1
arabism,1
arabiya,1
arable,2
arachnida,1
arachthos,1
arakain,1
arakhat,1
araki,1
arakkal,1
arakkalkettu,1
aral,1
aramateix,1
aranda,1
aranea,1
araneae,1
aranmula,1
arantxa,1
aranya,1
arapaho,1
arase,1
arashi,1
aratus,1
araucana,1
araucanians,1
arauco,1
arawaks,1
araya,1
arba,1
arbaces,1
arbaete,1
arbeitsgerichte,1
arbiter,1
arbitron,1
arbus,1
arcadius,1
arcata,1
arcesilaus,1
archaeopteryx,1
archaeos,1
archana,1
archangel,1
archduchess,1
arche,1
archean,1
archegosaurus,1
archetypal,1
archie's,1
archies,1
architect's,1
architekten,1
archiv,1
archivist,2
arctiidae,1
arctiinae,1
arcus,1
ard,1
ardeidae,1
arden,1
ardooie,1
ardooisesteenweg,1
arduino,1
areana,1
arenanet,1
arenal,1
arenburg,1
arend,1
arendt,1
areni,1
arequipa,1
aretha,1
aretines,1
areyonga,1
arezzo,1
arga,1
argel,1
argentinians,1
arghandab,1
argo,1
argon,2
argov,1
argyll,1
argylls,1
argyroneta,1
arhoolie,1
ari,1
ariadna,1
ariadne,1
ariadne's,1
arianism,1
arianny,1
arieb,1
arimalam,1
ariodante,1
arirang,2
aristarchus,1
aristides,1
aristobulus,1
aristocracy,2
aristophanes,1
ariticle,1
arizonian,1
arjit,1
arjun,1
arkadia,1
arkadiusz,1
arkenstone,1
arkestra,1
arkham,1
arkhangelsk,1
arkwright,1
arkwright's,1
arkzin,1
arlen,1
arlert,1
arles,1
arlesey,1
arm's,1
armadas,1
armadillidiidae,1
armand,1
armani,1
armas,2
armbruster,1
armen,1
armenias,1
armens,1
armenteros,1
armey,1
armide,1
armillaria,1
armin,1
armisen,1
armonk,1
armorer,1
arnaldo,1
arnav,1
arnaz,1
arne,1
arnemetiae,1
arnesen,1
arnett,1
arnezeder,1
arnie,1
arnoald,1
arnor,1
arnum,1
aro,1
aroa,1
arol,1
arolik,1
aroma,2
arondeus,1
aronian,1
arora,1
arosemena,1
arovell,1
arpinum,1
arpita,1
arques,1
arracan,1
arregui,1
arrernte,1
arretium,1
arrhinoceratops,1
arrian,1
arriba,1
arrighi,1
arromanches,1
arrowhead,2
arshad,1
arsine,1
artreview,1
artaud,1
artaxerxes,1
artem,1
artemis's,1
artemisia,1
artemision,1
artes,1
artest,1
arthritic,1
arthurian,1
artilleristische,1
artnet,1
artois,1
artyom,1
aru,1
aruch,1
arun,1
arvi,1
arvid,1
arvis,1
ary,1
arzaga,1
arzkin,1
asaba,1
asaf,1
asafiev,1
asahikawa,1
asakura,1
asal,1
asamblea,1
asan,1
asano's,1
asante,1
asantehene,1
asantes,1
asanuma,1
asaphus,1
ascari,1
aschheim,1
asclepias,1
ascoviruses,1
asda,1
aserinsky,1
asesinas,2
asgard,1
ash's,1
ashai,1
ashby,1
ashcroft's,1
ashelin,1
asheq,1
asheville,1
ashfur,1
ashgrove,1
ashigaru,1
ashik,1
ashkenazi,1
ashkenazim,1
ashley's,1
ashmead,1
ashover,1
ashraf,1
ashridge,1
ashtami,1
ashtamudi,1
ashu,1
ashutosh,1
ashwaq,1
asiasource,1
asiago,1
asiana,1
asimov,1
asir,1
askmen,1
askarov,1
askarov's,1
askenase,1
askurdas,1
aslantepe,1
asli,1
asmara,1
asmik,1
aso,1
asocio,1
asomante,1
asopus,1
asota,1
asov,1
aspar,1
asparagus,2
asperg,1
aspidosiphon,1
aspinall,1
aspinall's,1
asrat,1
asriel,1
assa,1
assad,1
assad's,1
assalong,1
assam's,1
assamese,1
assaoui,1
assassin's,1
assche,1
asselineau,1
assembly's,1
asshole,1
assiniboine,1
assis,1
assomption,1
assumpta,1
assumptionists,1
assyria,1
astad,1
astarte,1
astbury,1
aster,1
asterix,1
asthal,1
astin,1
astoria,1
astrad,1
astrakhan,1
astrobiologists,1
astroboy,1
astrocytes,1
astrodome,1
astrodon,1
astronomie,1
astute,1
asua,1
asuma,1
asumber,1
asura,1
asutria,1
aswell,1
atabay,1
atafu,1
atahuallpa,1
atahualpa,1
atalanta,1
atalantia,1
atami,1
atargatis,1
atari's,1
atarot,1
atauro,1
atavist,1
atchity,1
atelidae,1
atelier,2
athabascan,1
athalaric,1
athanasian,1
athayde,1
athelbald,1
athelfrith's,1
athelhun,1
athelstan,1
athelwald,1
athelwald's,1
athelwulf's,1
athena's,1
athenaeus,1
atheneum,1
atherton,1
athletico,1
athol,1
athonite,1
athos,1
atkinson,1
atkinson's,1
atlacomulco,1
atlantean,1
atlantic's,1
atlantics,1
atmaar,1
atocha,1
atopy,1
atravesada,1
atrax,1
atreides,1
atreyu,1
atropates,1
atropos,2
atta's,1
attica,1
attiki,1
attilio,1
attlee,1
attock,1
attorney's,2
attrition,1
attur,1
atuan,1
atures,1
atyap,1
atze,1
auber,1
auberlehaus,1
aubois,1
auboises,1
aubry,1
auburn's,1
aubusson,1
auca,1
auctions,2
audacer,1
audhumla,1
audie,1
audino,1
audiophile,1
audiophiles,1
audioslave's,1
audoin,1
audra,1
audrea,1
audubon,1
auer,1
auerbach,1
aufhauser,1
aufstieg,1
auftragstaktik,1
augeias,1
auger,1
augmented,2
augustana,1
augusto,1
augustus's,1
auld,2
auliya,1
aulo,1
ault's,1
aumont,1
aumpher,1
aung,1
aunnal,1
aunor,1
auntie,1
auraicept,1
auraji,1
auran,1
aurangzeb's,1
auratus,1
aurelio,1
aurelius,1
aureo,1
aurianne,1
auriga,1
aurillac,1
auriol,1
aurita,1
aurora's,1
aurukun,1
aus,1
ausaje,1
ausbruch,1
ausci,1
ausciorum,1
auscorum,1
ausiliara,1
ausino,1
auslan,1
ausonius,1
austenolatry,1
austraila,1
australinea,1
australium,1
austrasia,1
austratia,1
austrianwide,1
austric,1
austroasiatic,1
authement,1
authorhouse,2
authority's,1
autodesk,1
autohotkey,1
autoit,1
autobots,1
autodidactism,1
autoimunity,1
autoloaders,1
autolycus,1
automatism,1
automotive,1
autorenversammlung,1
autosport,1
autun,1
auvergnats,1
auxiliaries,2
auxin,2
avpd,1
avalar,1
avallon,1
avalos,1
avaneeshwaram,1
avaneeswaram,1
avanersuaq,1
avant,1
avaris,1
avast,1
avdal,1
avebury,1
aveeno,1
avergavenny,1
aveyron,1
avi,1
avialae,1
aviana,1
aviator,2
aviazione,1
avicenna,1
avie,1
avijit,1
avika,1
avinash,1
aviopromet,1
aviva,1
aviva's,1
avocets,1
avondliedeke,1
avonlea,1
avoor,1
avos,1
avraham,1
avram's,1
avranchinais,1
avril,1
avritt,1
avrora,1
avtoradio,1
aw's,1
awaba,1
awadh's,1
awaited,2
awaji,1
awakens,2
awantipora,1
awazu,1
awdry,1
awesome,2
awesomenesstv,1
awihilima,1
awlbill,1
awled,1
awty's,1
axemen,1
axl,1
axolotls,2
axons,2
axxess,1
aya,1
ayacucho,1
ayako,1
ayan,1
ayari,1
aybay,1
ayckbourn,1
ayckbourn's,1
aydos,1
ayesha,1
aykroyd,1
ayla,1
aylon,1
ayob,1
ayoka,1
ayora,1
ayrkroyd,1
ayrshire,1
ayrton,1
aysha,1
ayton,1
ayub,1
ayumi,1
ayutthaya,1
ayyubids,1
azamat,1
azande,1
azar,1
azar's,1
azarenka,1
azaria,1
azb,1
azelf,1
azera,1
azerification,1
azeris,1
azha,1
azhakath,1
azhar,1
azim,1
azn,1
aznas,1
aznavour,1
azoline,1
azores,1
azra,1
aztlan,1
azua,1
azucena,1
azul,1
azula's,1
azuma,1
azzam's,1
b's,1
bac,1
bae,1
banzsl,1
bar's,1
barc,1
bbj,1
bbk,1
bbl,1
bbmp,1
bbp,1
bbq,1
bcat,1
bcd,1
bceao,1
bchr,1
bctel,1
bda,1
bdo,1
bdp,1
beb,1
bfmtv,1
bfns,1
bga,1
bgh,1
bha's,1
bins,1
bis,2
bisfed,1
bizon,1
bj,1
bjs,1
bkd,1
blps,1
bmac,1
bmg's,1
bmh,1
bmnh,1
bmp,1
bmr,1
bmw's,1
bn,2
bnf,1
bnsf,1
bntm,1
boac,1
bobs,1
boc,1
bohk,1
bor,2
bpp,1
br's,1
brb,1
brd,1
brel,2
brics,1
brit,1
brt,1
brtc,1
bsaa,1
bsg,1
bsl,1
bst,1
bsh,1
bsk,1
btb,1
btk,1
btrc,1
bulats,1
bv,1
bvv,1
bwes,1
bya,2
bz,1
bzp,1
bzr,1
ba'gamnan,1
bacote,1
bao,2
baacaa,1
baaghi,1
baalpari,1
baambaal,1
baarderadeel,1
baarova,1
baasha,1
baathists,1
baazigar,1
baba's,1
babadook,1
babahoyo,1
babajide,1
babak,1
baban,1
babbage,1
babchuk,1
babcock's,1
babenhausen,1
babette's,1
babi,1
babil,1
bablu,1
babo,1
babraham,1
babri,1
baburam,1
babushkinsky,1
babych,1
babygrande,1
babys,1
babyshambles,1
babysitter,2
babysitters,1
bacall,1
baccalaureate,2
bacchiglione,1
bacchus's,1
bacciagaluppi,1
bachani,1
bachata,2
bachchan,1
bachmann,1
bachus,1
bacillus,1
backlash,2
backley,1
backpackers,2
backpacks,1
backspace,1
backstairs,1
backwell,1
bacow,1
bacteriology,2
bactrian,1
badak,1
badal,1
badalte,1
badan,1
badawi,1
badeshi,1
badfinger's,1
badme,1
badnaam,1
badplaas,1
badr,1
badshahi,1
badu,1
badwater,1
baekdu,1
baen,1
baev,1
baffin,1
bafia,1
bagale,1
bage,1
bagger,2
baggins,1
baggio,1
baghajati,1
baghbanpura,1
baghdatis,1
baghlan,1
baghlan's,1
baginbun,1
bagmati,1
bagnell,1
bagram,1
bagrationi,1
bagsecg,1
bagualosaurus,1
baguio,1
bagulamukhi,1
bahalkani,1
bahama,1
bahamian,1
bahamontes,1
bahi,1
bahmani,1
bahn,1
baho,1
bahrain's,1
bahraini,1
bahram,1
bahrami,1
bahriyeli,1
bahrov,1
bahuguna,1
bai's,1
baia,1
baiame,1
baiame's,1
baikal's,1
bailang,1
baillie,1
baillieu,1
baillou,1
bailu,1
bairavaa's,1
baird's,1
bairros,1
baisakh,1
baisakhi,1
baishey,1
baishinkhor,1
baix,1
bajabonico,1
bajamonti,1
bajan,1
bajau,1
bajaur,1
bajikani,1
bajjuu,1
bajocasses,1
bajour,1
bajwa,1
bakau,1
bakerganj,1
bakersfield,1
bakhai,1
bakhmatyuk,1
bakhshali,1
bakhtaran,1
bakote,1
bakovic,1
bakst's,1
bakufu,1
bakurarakert,1
bal,1
bala,1
balaban,1
balabushka,1
balachander's,1
balaclava,1
balad,1
balakan,1
balakot,1
balanidae,1
balaraba,1
balarama's,1
balaraman,1
balashikha,1
balasore,1
balasubrahmanyam,1
balatchi,1
balawaristan,1
balayogi,1
balbhadra,1
balch,1
baldev,1
baldi's,1
baldred,1
baleares,1
baler,1
balfour,1
balfron,1
balhae,1
balhae's,1
bali's,1
baliles,1
baliszewski,1
baliuag,1
balkanisation,1
balkema,1
balkh,1
balkon,1
ballack,1
balladares,1
balladeer,1
ballantine,1
ballard,1
ballastexiltenzen,1
ballbustingchicks,1
ballbustingtube,1
balletomanes,1
ballou,1
ballsy,1
balmer,1
balmoral,1
balmores,1
balogh,1
balogun,1
balompie,1
baloo,1
balrog,1
balsac,1
balsamo,1
balsis,1
balt,1
balthasar,1
balti,1
baltics,1
baltimorese,1
balts,1
balu,1
baluka's,1
balukas's,1
balvin,1
balwyn,1
bamba,1
bamburgh,1
bamji,1
bampton,1
bamse,1
bananos,1
banarjee,1
banasura,1
banbh,1
banbha,1
banbury,1
banca,1
banck,1
bancorp,1
bancroft,1
bandnews,1
bandara,1
bandaru,1
banded,2
bandi,1
bandicoot,2
bandinelli,1
bandit,1
banditoz,1
bandleaders,2
bandundu,1
bandung,1
bangadesh,1
bangala,1
bangert,1
bangko,1
bangkokians,1
bangkokyai,1
bangladesher,1
banglani,1
bangon,1
bangville,1
banijay,1
banister,1
bankatlantic,1
bankroll,1
bankstown,1
banksy,1
bannion,1
bannock,1
banomyong,1
banos,1
bansi,1
bantam,1
bantams,1
banthat,1
banzer,1
baoding,1
baoh,1
bapaiche,1
baptists,1
bapu,1
baqarah,1
baqi,1
baqqalaa,1
bara's,1
baradulin,1
barahanagore,1
barahona,1
baranagar,1
baranauskas,1
barasch,1
barbadian,1
barbaridactylus,1
barberina,1
barbier's,1
barbin,1
barbirolli,1
barbiturates,1
barbosa,1
barbro,1
barbuda,1
barca,1
barcelo,1
barcelona's,1
barcha,1
barclay's,1
barclays,1
bardelys,1
bardeschi,1
bardia,1
bardney,1
bardolfo,1
bardon,1
bards,1
bareilles,1
barenblatt,1
barenboim,1
bargate,1
baricevic,1
barijat,1
baril,1
barilla,1
barilli,1
baring,1
barinka,1
barkan,1
barker's,1
barkersfield,1
barkerville,1
barking,2
barlavento,1
barlindhaug,1
barlowe,1
barloworld,1
barmen,1
barnaby,1
barnacle,1
barnard,1
barnell,1
barnet,1
barnewall,1
barnham,1
barnum's,1
barokas,1
baronet,1
barony,2
barouty,1
barquero,1
barra,1
barra's,1
barrabas,1
barrackpore,1
barrameda,1
barrancas,1
barratt,1
barreda,1
barrelhouse,1
barremian,1
barret,1
barrett,1
barretto,1
barretts,1
barricade,2
barrie,1
barris,1
barrit,1
barroilhet,1
barroll,1
barroso,1
barry's,1
barsaat,1
bartender's,1
barter,2
barthel,1
barthold,1
bartholoma,1
bartholomew's,1
barthou,1
bartletts,1
bartok,1
barton's,1
bartram,1
bartram's,1
barun,1
barzee,1
barzinis,1
basah,1
basara,1
basaveswara,1
basch,1
bascilica,1
bascule,1
baseball's,2
basedow,1
basgora,1
basha,1
basham,1
bashar,1
bashful,1
bashi,1
bashkar,1
basholli,1
basildon,1
basile,1
basile's,1
basilio,1
basing,2
basingstoke,1
basit,1
baskan,1
baskava,1
baskerville,1
baskervilles,1
baskett,1
basmati,1
basotho,1
bassendean,1
bassmachine,1
basso,1
basta,1
bastar,1
bastards,1
bastia,1
bastida,1
bastides,2
bastille,1
bastion,1
bastos,1
basukebu's,1
batagram,1
batal,1
batam,1
batasang,1
batasuna,1
bate's,1
bateleur,1
batesian,1
bateson,1
batfink,1
batgran,1
bathersby,1
bathory,1
bato,1
batok,1
baton,1
batra,1
batshaw,1
batsheva,1
batson,1
batt,1
batten,1
batter's,1
batti,2
battlegrounds,1
battlestar,1
battre,1
baturin,1
batuyingzi,1
bau,1
baudelaire's,1
baudelaires,1
bauder,1
baudin,1
bauduc,1
bauernkeeskuche,1
bauernspiegel,1
bauhaus,2
baumann,1
baumer,1
baumgartner,1
bauschenberg,1
bavarians,1
bavet,1
bavier,1
bawn,1
baxter,1
baxter's,1
bayamon,1
bayer,1
bayerische,1
bayerlein,1
bayesian,1
bayeusains,1
bayeux's,1
bayfront,1
bayi,1
bayless,1
baylis,1
bayoneta,1
bayqarah,1
bayrou,1
bayt,1
bayville's,1
baywatch,1
bayyanaa,1
bayzo,1
bazas,2
bazine,1
bdelloidea,1
bdelloids,1
bebe,1
beos,1
beach's,1
beacham,1
beachcombers,2
beachwood,1
beacons,1
beaconsfield,1
beadle,1
beady,1
beagh,1
beagle,1
beaked,1
beannaichte,1
bear's,1
beara,1
beardie,1
bearings,2
bearss,1
beatie,1
beatport,1
beatrix,1
beatriz,1
beaucaire,1
beauce,1
beaucoup,1
beaudion,1
beaugrande,1
beaulieu,1
beaurain,1
beaussant,1
beauties,2
beaux,1
beauxbatons,1
beavers's,1
beazley,1
bebbe,1
bebo,1
bebot,1
bechardas,1
bechtel,1
bechtler,1
beckenbauer,1
beckendorf,1
beckett's,1
beckman,1
beckton,1
bedazzled,1
bedbugs,1
beddome's,1
bediones,1
bedishki,1
bedok,1
bedros,1
bedsheets,1
bedworth,1
beech,2
beechcraft,1
beecher,1
beechers,1
beechwood,1
beegees,1
beehives,1
beekeeper,1
beeldende,1
beerenauslese,1
beerwah,1
beery,1
beesly,1
beethoven's,1
beetlejuice,1
beetween,1
beevers,1
beez,1
befell,1
beggar's,1
begich,1
begitchev,1
begnaud,1
begoniaceae,1
beham,1
behar,1
behavioural,1
behebung,1
behl,1
behula,1
beijerinck,1
beilen,1
beilun,1
beinan,1
beinn,1
beinum,1
beipiaosaurus,1
beira,1
beisfjord,1
beitou,1
bejbaum,1
bejucal,1
bekale,1
bekele,1
bekker,1
belacqua,1
belan,1
belangalo,1
belapur,1
belarusians,1
belasco,1
belasitsa,1
belch,1
belchamp,1
beleriand,1
belfast's,1
belgrave,1
believin,1
belinda's,1
belinskaya,1
belinsky,1
belisarius,1
belize's,1
belkora,1
bell's,1
bellamere,1
bellamya,1
bellary,1
bellas,1
belle's,1
bellechasse,1
bellemare,1
belleme,1
bellen,1
bellenberg,1
bellied,1
bellini,1
bellion,1
bellis,1
bellman,1
bellmore,1
bellum,1
bellvale,1
bellvue,1
beloit,1
belorussian,1
belousova,1
belpasso,1
belsat's,1
belsky,1
beltrame,1
belukha,1
belushi,1
belushi's,1
belux,1
belvedere,1
bembridge,1
benalla,1
benanti,1
benares,1
benaud,1
benavides,1
benazir,1
bencaojing,1
benchley,1
benchmarking,1
bendlin,1
bendo,1
bene,1
benedetti,1
benedict's,1
benestar,1
benettons,1
beneventum,1
bengalis,1
bengkulu,1
bengt,1
beni,1
benicia,1
benignus,1
benim,1
benin,1
benin's,1
benincasa,1
benita,1
benjamin's,1
benjie,1
benmei,1
benneh,1
benner's,1
bennies,1
bennington's,1
benoit's,1
benozzo,1
bentham,1
bento,1
bentsen,1
benwick,1
benzemez,1
benzer,1
benzer's,1
beorhtric,1
beorhtric's,1
beornwulf,1
beornwulf's,1
berar,1
berbera,1
berbers,1
berchem,1
berdahl,1
berdowski,1
bereans,1
bereg,1
berehomet,1
berend,1
berengar,1
berenger,1
berenguer,1
beresford,1
beresheet,1
beret,1
berezovyi,1
berga,1
bergamaschi,1
berge,1
bergeron,1
berglund,1
bergmann,1
bergoglio's,1
bergolo,1
bergstrom's,1
beria,1
berigai,1
bering,1
berkely,1
berklee,1
berkman,1
berkowitz,1
berkut,1
berlanti,1
berlin's,1
berlinale,1
berliner,1
berlinetta,1
berlinger,1
berlingske,1
berlioz's,1
berluti,1
berm,1
bermejo,1
bermudan,1
bermudians,1
bernadette,1
bernadotte,1
bernadus,1
bernal,1
bernanke,1
bernanke's,1
bernardo,1
bernburg,1
berne,1
berner,1
berney,1
bernice,1
bernie,1
bernier,1
bernini's,1
bernischer,1
bernocchi,1
bernson,1
bernstorff,1
beroe,1
berossus,1
berote,1
berra,1
berresaya,1
berri,1
berryessa,1
berryman,1
berryman's,1
bersaglieri,1
berson,1
bertati,1
bertie,1
bertil,1
bertin,1
bertolt,1
bertrada,1
bervi,1
berwick,1
bes,1
besar,1
beshaer,1
beshear,1
besier,1
beslan,1
besov,1
besse,1
bessemer's,1
bessiere,1
bessin,1
besti,1
betawiki,1
betacam,1
betancourt,1
betanzos's,1
betaproteobacteria,1
bethesda,1
bethesda's,1
bethune,1
betis,1
betjeman,1
betjeman's,1
betonschleife,1
bettas,1
bette,1
bettina,1
betty's,1
beuker,1
beuningen,1
beust,1
beuys,1
beuzeval,1
beverley,1
bevignate,1
bevilacqua,1
bewick's,1
bey,2
bezirk,1
bezirke,1
bhabie,1
bhad,1
bhagat's,1
bhagavan,1
bhagwans,1
bhagwatikumar,1
bhagyachandra,1
bhai,1
bhairava,1
bhakkar,1
bhalukpung,1
bhalwal,1
bharati,1
bhasha,1
bhasker,1
bhat,1
bhatian,1
bhatinda,1
bhatkande,1
bhattarai,1
bhaurao,1
bhavnagar,1
bhayas,1
bhaymar,1
bhd,1
bheem,1
bheemudu,1
bhelki,1
bhende,1
bhimji,1
bhishma,1
bhoolungi,1
bhorer,1
bhosle,1
bhreac,1
bhuj,1
bhujerba,1
bhumi,1
bhumihar,1
bhutan's,1
bhutias,1
biafran,1
biaggi,1
biagini,1
bialystock,1
bianconeri's,1
biard,1
biasing,1
biathlon,1
bib,1
bibat,1
biberach,1
biberkopf,1
bibliographical,1
bibliophile,1
biblow,1
bicchieri,1
bice,1
bicentennial,2
bichhoo,1
bickerstaff's,1
bickley,1
bicknell,1
bicolored,1
bicondova,1
bida,1
bidatsu,1
bidatsu's,1
biddulph,1
bidhumukhi,1
bieber,1
biedermann,1
bielatal,1
bieler,1
bielski,1
bien,2
bienvenu,1
bienville,1
bierce's,1
bif,1
biffen,1
biffontaine,1
bigga,1
biggers,1
bignone,1
bignose,1
bigorre,1
bigpoint,1
bihari,1
biharsharif,1
bihiller,1
bijan,1
bijapur,1
bijarani,1
bijarim,1
bijeljina,1
biju,1
bikalpa,1
bikele,1
bikeler,1
biko's,1
bikshantar,1
bilabial,1
bilah,1
bilbies,1
bilderberg,1
bildeston,1
bildhuggaren,1
bildungsroman,1
bile,2
bilen,1
bilguer,1
bilisee,1
billingsley,1
billionaires,2
billoo,1
billung,1
billz,1
biltmore,1
bilyy,1
bimba,1
bimetallic,1
bimonthly,1
bimota,1
binaural,1
binbucks,1
bindler,1
bindo,1
binduccio,1
binet's,1
binface,1
bingen,1
bingham,1
binghamton,1
bingley's,1
bingu's,1
binky,1
binky's,1
binn,1
binney,1
bintulu,1
binuya,1
binyon,1
biochar,1
biodivestity,1
bioethics,1
biofeedback,1
biogen,1
biographien,1
bioko,1
biomass,2
biondi,1
bionic,1
bionicle's,1
bionnens,1
biotechnology,2
biotti,1
bip,1
bira,1
biratnagar,1
birbal,1
birchard,1
birdlife,1
birdie,1
birdo,1
birendra,1
birgitte,1
biri,1
birk,1
birkin,1
birman,1
birnam,1
birnin,1
biro's,1
birohar,1
birrarung,1
birsel,1
birtamod,1
birtles,1
bisacol,1
biscay,1
biscop,1
bishamon,1
bisharari,1
bisher,1
bishigram,1
bishopric,2
bishu,1
bishwanath,1
biskupic,1
bislett,1
bismil,1
bisutti,1
bitanga,1
bitch,1
bitches,1
bitt,1
bitterroot,1
bitumen,2
bitzius's,1
biwa,1
bixby,1
bizaar,1
bizarro,1
bizen,1
bizkaia,1
bizzar,1
bizzarri,1
bizzle's,1
bizznizz,1
bjerregaarda,1
blac,1
blache,1
blackbeard,1
blackbelt,1
blackburne's,1
blackett,1
blackfish,1
blackie,1
blackjack,2
blackjacks,1
blackman,1
blackness,2
blacksburg,1
blackshield,1
blackstone,1
blackstreet,1
blackthorn,2
bladensburg,1
bladesmith's,1
blaenavon,1
blaeu,1
blagnac,1
blaichach,1
blaimont,1
blair's,1
blaisdell,1
blaise,1
blakeley,1
blakemore,1
blakenhall,1
blakenham,1
blamire,1
blanche,1
blancos,1
blandford,1
blandi,1
blanedale,1
blaney,1
blanken,1
blankenese,1
blankety,1
blasio,1
blasphemant,1
blassie's,1
blaster,1
blatherskite,1
blaxland,1
blaylock,1
blayney,1
blaze,2
blazhko,1
blazon,1
bldg,1
bledisloe,1
bleiberg,1
blench,1
blender,1
blennies,1
bleu,1
bleuler,1
bley,1
bli,2
blige's,1
blinco,1
blindfire,1
blinken,1
bliss,2
blitzkaka,1
blitzer,1
blizzards,2
blobbelda,1
blockberry,1
blockwerk,1
bloemen,1
bloemendaal,1
blofeld's,1
blofis,1
blogcritics,1
bloh,1
blois,1
blok,1
blomberg,1
blommaert,1
blomme,1
blomstedt,1
blondel,1
blondes,2
blonds,1
bloodclan,1
bloodbath,1
bloodrayne,1
bloomberg,1
bloomers,1
bloomfield,1
bloomogganners,1
bloomsbury,1
blooper,1
bloor,1
blore,1
blot,1
blow's,1
blower's,1
blowhole,1
blowin,1
blucher,1
bludenz,1
bluewave,1
bluebeard's,1
bluebell,1
bluebells,1
bluefish,1
bluefur,1
bluesfest,1
blueshirts,1
blumenbach,1
blunden,1
blunstone,1
bly,1
bo'ness,1
boam,1
boase,1
boatswain,2
bob's,1
bobbie,1
bobby's,1
bobcat,1
bocas,1
boccaccio's,1
bocche,1
boccia,2
bocephus,1
bochet,1
bochkareva,1
boda,1
bodas,1
bodegas,1
bodesbeck,1
bodhchandra,1
bodhidharma,1
bodied,2
bodleian,1
bodley,1
bodo,1
bodrum,1
bodybuilders,1
bodyline,1
boeckl,1
boeckmann,1
boeotia,1
boeremag,1
boesch,1
boetia,1
boetticher,1
boffrand,1
bogan,1
bogati,1
boggs,1
bogo,1
bogomolets,1
bogra,1
bogue,1
boheme,1
bohicon,1
bohn,1
boi,1
boieng,1
boiga,1
boigne,1
boigu,1
boiko,1
boils,1
bojang,1
bojangles,1
bojerud,1
boka,1
bokami,1
bokbunja,1
bokhara,1
bokmaal,1
boldak,1
bolded,2
bolesha,1
boleskin,1
boleslav,1
boleyns,1
bolinao,1
bolling,1
bollocks,1
bolognese,1
bolshaya,1
bolshoy,1
bolts,2
boltwood,1
bolyai,1
bolyai's,1
bomba's,1
bombi,1
bombonera,1
bomburst's,1
bombycinae,1
bomhard,1
bompas,1
bonanza,1
bonapartes,1
bonapartist,1
bondarchuk,1
bondarenko,1
bonde,1
boner,1
bonetti,1
bonewits,1
boneyard,1
bonga,1
bongor,1
bonhoeffer,1
bonilla,1
bonin,1
bonington,1
boninsegna,1
bonita,2
bonji,1
bonjour,1
bonnie's,1
bonnier,1
bonnke's,1
bonnot,1
bonny,1
bono's,1
bonosus,1
bonpo,1
bonsu,1
bonymaen,1
bonzi's,1
boo's,1
booba,1
boobies,1
boodjamulla,1
boodts,1
boof,1
booing,1
bookers,1
bookings,1
booklist,1
bookmarks,1
bookstore,2
boolchand,1
boole,1
boomer,1
boomin,1
boone's,1
boonmee,1
boonville,1
bootham,1
boothby,1
bootleg,2
bootstrap,1
booty,2
boov,1
booyang,1
boozer,1
bopanna,1
bopp,1
boppin,1
boquhan,1
borabora,1
borac,1
boram,1
borcosque,1
bordallo,1
bordering,2
bordewijk,1
borduas,1
borealis,1
boreanaz,1
boredom,1
borgnine's,1
borgo,1
borisoff,1
borman,1
bornhauser,1
boro,1
borodin,1
borodino,1
boroibari,1
borom,1
borommakot,1
boross,1
borrelia,1
borrero,1
borror,1
bors,1
borsch,1
borsody,1
bortle,1
boruca,1
boruto,1
boryla,1
borzage,1
borzois,1
bosanski,1
boscombe,1
bosel,1
boshart,1
boskalis,1
boskin,1
bosley's,1
bosna,1
bosne,1
bossa,2
bossiney,1
bostall,1
boston's,1
bostonians,1
bostons,1
boswell,1
boswells,1
botcon,1
botafogo,1
botala,1
botanically,1
botannnabe,1
botcinii,1
botel,1
botella,1
botet,1
botev,1
bothwell,1
botin,1
botox,1
bottlers,1
botvinnik,1
botz,1
boubaghla,1
boudica,1
boudica's,1
boudin's,1
boudry,1
boufflers,1
bougainville,1
boulazac,1
boulder's,1
bouldering,1
boulevard's,1
boulmerka,1
boulos,1
boult's,1
boulton,1
boulware,1
boumba,1
bountiful,1
bourbonnais,1
bourchier,1
bourdin,1
bourdonnais,1
bourganeuf,1
bourges,1
bourgoin,1
bourgtheroulde,1
bourguignonne,1
bourhis,1
bouris,1
bourland,1
bourne's,1
bournemouth,1
bournonville's,1
bournville,1
boushka,1
boussac,1
boutique,2
boutonne,1
bouvines,1
bouyeri,1
bova,1
bovara,1
bovo,1
bowdoin,1
bowerman,1
bowers,2
bowery,1
bowles,1
bowron,1
bowser's,1
bowsher,1
boxcat,1
boxer's,1
boyarsky,1
boyarynya,1
boyce,1
boyden,1
boyle's,1
boyne,1
boyzz,1
boz,1
bozulich,1
br'oz,1
braam,1
brabets,1
brachina,1
brachiosaurus,1
brachyura,1
brackendale,1
brackett,1
brackman,1
bracknell,1
bradbury,1
brading,1
bradt,1
brady's,1
brae,1
braeburn,1
braganza,1
brahmaastra,1
brahmanical,1
brahmi,1
brahminy,1
brahui,1
braidwood,1
braille's,1
brainard,1
brainiac,1
brainy,1
brak's,1
brakel,1
brakro,1
bramante,1
bramble,1
bramhin,1
branca,1
branchi,1
branchiopoda,1
brandao,1
brandhoek,1
brandi,1
brando's,1
brandy's,1
brandywine,1
brangaene,1
brangelina,1
braniff,1
branko,1
brannan,1
branning,1
bransby,1
brant,1
branwalader,1
branwell,1
braque,1
braque's,1
braschi,1
brassospora,1
brat,2
brathwaite,1
bratli,1
braudel,1
brauer,1
braunton,1
braunwald's,1
braunweiler,1
braverman,1
brawn,2
braxton,1
brayford,1
brazil's,1
brazile,1
brazzaville,1
breakbeats,2
breaker,1
breakers,1
breakn,1
breastshot,1
breathless,1
breathnach,1
breaux,1
breckinridge's,1
bredsdorff,1
breeders,2
breen,1
breendonk,1
breeza,1
brefi,1
bregenz,1
bregret,1
brei,1
breithaupt,1
breitling,1
breitscheidplatz,1
breivik,1
bren,1
brendon,1
brenham,1
brenninkmeyer,1
brenta,1
bresci,1
brescia,1
bress,1
bresse,1
bret's,1
bretagnesubst,1
bretons,1
bretzeli,1
breukelen,1
brevet,2
brewin,1
brewster's,1
brewton,1
briah,1
brian's,1
brianna,1
brians,1
briarcliff,1
briares,1
briatore's,1
briaz,1
bribri,1
brice,1
brichta,1
brickyard,1
bricriu,1
bridal,2
bridegroom's,1
bridegrooms,1
bridenstine,1
brideshead,1
bridgend,1
bridgeport,1
bridgetown,1
bridgette,1
bridgeview,1
bridgewater,1
bridgwater,1
bridie,1
brie,1
brierly,1
briey,1
brigate,1
brigg,1
bright's,1
brigs,1
brihans,1
brillaz,1
brind,1
brindley,1
brinker,1
brinkley,1
brinklow,1
brinkman,1
brinks,1
brinson,1
brisa,1
brisbane's,1
briscoe,1
brisson,1
bristow,1
britanniques,1
britartists,1
britishers,1
britney,1
brito,1
briton,1
britsh,1
britt,1
brittas,1
brittonic,1
britts,1
britz,1
briva,1
brive,1
brixham,1
brixton,1
broadbent,1
broadhurst,1
broadland,1
broadmeadows,1
broadmoor,1
broadwick,1
brobergs,1
broccoli,2
brockley,1
brod,2
broderbund,1
brodertvisten,1
brodeur,1
brodie,1
brodrick,1
brodus,1
broflovski,1
broflovskis,1
broghol,1
broiled,1
broillet,1
brokenhearted,1
broker's,1
brokopondo,1
brolin,1
broly,1
brom,1
bromelia,1
bromfield,1
bromides,2
bron,1
bronce,2
bronfman,1
bronny,1
brons,1
bronson,1
bronx,1
brooksbank,1
broomfield,1
bros,1
brosnan,1
brotherly,1
brotman,1
brougham,1
broughton,1
brouillette,1
brouwer,1
browne's,1
brownian,1
brownlee,1
brownlow,1
browns,1
brucker,1
bruckheimer,1
bruegel,1
bruggen,1
brugger,1
bruguera,1
bruja,1
brumaire,1
brummel,1
brumov,1
brun,1
bruna,1
brundtland,1
bruneck,1
brunel's,1
brunella,1
brunello,1
brunetto,1
brunhes,1
brunhilda,1
brunn,1
bruno's,1
brunssum,1
brunstad,1
brunton,1
brus,1
brushashki,1
brusimpiano,1
brut,2
brutes,1
bruxelles,1
bryar,1
brylcream,1
brylewski,1
brynglas,1
bryozoa,1
brzeszcze,1
bu's,1
bua,1
buachalla,1
buangor,1
bubba,1
bubbly,1
bubo,1
bubulcus,1
bucciarelli,1
buccinidae,1
buchenberg,1
bucher,1
buchert,1
buckaroo,1
buckinghamshire,1
buckle,2
buckles,1
bucklew,1
buckley,1
buckley's,1
bucklin,1
buckwheat,2
buda,1
budai's,1
buddhas,1
buddhism's,1
buddies,1
buder,1
budge,2
budgie,1
budhists,1
budrys,1
buds,2
buell's,1
buemi,1
buenaventura,1
buenavista,1
buenz,1
buerggruef,1
bufalino,1
buffaloes,1
buffet,2
buffett,1
buffon,1
bufo,1
buganda,1
bugeaud,1
bugsey,1
buhl,1
bui,1
buirette,1
buis,1
buitenstaanders,1
bujumbura,1
bukalo,1
bukavshin,1
bukbu,1
bukele,1
buketoff,1
bukovsky,1
bukovyna,1
bula,1
bulacan,1
bulacio,1
bulgakov's,1
bulkeley,1
bullard,1
bulldog,1
bulleh,1
bulletproof,2
bulliard's,1
bullion,1
bullock,1
bullshit,2
bulow,1
bulusan,1
bulworth,1
bumblebees,2
bumin,1
bumpass,1
bumpstead,1
bumtri,1
bun'ei,1
buna,1
bunbury,1
bunch's,1
bundaberg,1
bundang,1
bundesdorf,1
bundesgerichtshof,1
bundesliga's,1
bundeswehr,1
bundgaard,1
bundo's,1
bunei,1
bungee,2
bunka,1
bunker's,1
bunkers,2
bunkyo,1
bunnin,1
bunreacht,1
bunten,1
buntes,1
bunyan's,1
buprestid,1
burch,1
burchill,1
burckhardt,1
burdel,1
burdette,1
burdigala,1
burdon,1
bureaucrats,1
buren,1
burera,1
bures,1
buretsu,1
buretsu's,1
burford,1
burgan,1
burgas,1
burgberg,1
burge,1
burgers,1
burghausen,1
burghred,1
burglar,1
burgle,1
burhanpur,1
burian,1
buridehing,1
burj,1
burkert,1
burkhard,1
burkinabe,1
burlamacco,1
burley,1
burlington,1
burma's,1
burnell,1
burners,1
burnet,1
burnett,1
burnley,1
burnouts,1
burnside's,1
burrangong,1
burrough,1
burson,1
burt's,1
burtholme,1
burton's,1
burullus,1
burundi,1
burundian,1
buryatia,1
buryatia's,1
buryuju,1
burzum,1
busa,1
busby,1
buscema,1
buscemi,1
buschkowsky,1
busemi,1
bushell,1
bushey,1
bushnell,1
bushra,1
bushton,1
busniuk,1
busnois,1
busoni,1
bussereau,1
busses,2
busted,2
busters,1
bustillo,1
bute,1
butjadingen,1
butlers,1
butrint,1
butrint's,1
butschle,1
butson,1
butsu,1
buttermakers,1
butuan,1
butwai,1
buwei,1
buxaplenty,1
buxbaum,1
buxtehude,1
buxuan,1
buyoya,1
buzen,1
buzhen,1
buzzfeed,1
buzzard,2
buzzard's,1
buzzi,1
bxb,1
byaltae,1
byalwec,1
byatt,1
bydgoszcz,1
byfield,1
byng,1
byong,1
byrnes,1
bystanders,1
bystrzyca,1
bythos,1
bywater,1
byzacena,1
byzas,1
c'eravamo,1
c'est,1
c'mon,1
cae,1
caeu,1
cafc,1
cam,2
canex,1
caricom,1
cas,2
cathalac,1
cb,1
cbcc,1
cbre,1
cca,1
ccc,1
cccp,1
cccvv,1
ccd,1
ccds,1
ccee,1
ccfls,1
ccg,1
ccp,1
ccr,1
cctv,1
ccvcc,1
cda's,1
cdi,1
cdr,2
cec,1
cels,1
cem,2
cemac,1
cento,2
cern,1
ces,2
cfd,1
cfit,1
cfp,1
cgda,1
cgrp,1
cgtd,1
ch,3
chara,1
chnops,1
chp's,1
chum,1
cia's,1
cibc,1
cibc's,1
cibf,1
cidr,1
cifs,1
cio,1
cior,1
cioreview,1
ciri,1
citeref,1
citv,1
ciwa,1
cjfe,1
ckp,1
clag,1
clcd,1
cler,1
cli,1
cls,1
cma,1
cmat,1
cmas,1
cme,1
cmes,1
cmg,1
cmo,1
cmp,1
cmy,1
cnbp,1
cndo,1
cnet,1
cnim,1
cnr,1
cnrs,1
cnt,1
codasyl,1
codenpe,1
cohar,1
comaflc,1
comflot,1
comsubpac,1
concacaf,1
condepa,1
conex,1
conexes,1
conmebol,1
coor,1
copd,1
cos,1
covax,1
covid,2
cpc's,1
cpd,1
cpe,1
cphl,1
cpp,1
cprf,1
cpsu,1
cpython,1
cq,1
cqd,1
crac,1
crafft,1
crah,1
crc,1
creg,1
crf,1
cri,1
cria,1
crm,1
crmp,1
crts,1
csc,1
csce,1
csen,1
csk,1
cso,1
csor,1
csr,1
csx,1
ctak,1
ctb,1
ctbto,1
ctcog,1
ctf,1
ctvglobemedia,1
cuda,1
cuny,1
cvc,1
cvcc,1
cvs,1
cab's,1
caballero,1
cabarrus,1
cabell's,1
cabello,1
cabestany,1
cabeza,1
cabinda,1
cabindans,1
cableace,1
cabos,1
cabrillo,1
cabritos,1
cacao,1
caccini,1
cachar,1
cacho,1
cacosternidae,1
cadair,1
cadbury,1
cadell's,1
cadena,1
cadigan,1
cadik,1
cadrans,1
cadw,1
caelum,1
caen,2
caenagnathasia,1
caenorhabditis,1
caerhun,1
caernarfon,1
caerwent,1
caesarea,1
caesaribus,1
caesars,1
caesarum,1
caetera,1
cafajestes,1
cagayan,1
cagey,1
caggiano,1
cagiva,1
cahiers,1
cahill,1
cahills,1
caiaphas,1
caicedo,1
caie,1
caillat,1
caiseal,1
caisse,1
caistor,1
caithness,1
caitlyn,1
cajal,1
cajamarca,1
cajun,1
cal,1
calabresi's,1
calamity,1
calatayud,1
calavon,1
calcarea,1
calced,1
calcio,1
calcutta,1
caldara,1
caldari,1
caldecote,1
calderon,1
caldia's,1
caledonia,1
calenardhon,1
calepodius,1
calhern,1
calibos,1
calibrating,1
calico,1
caligula's,1
caliphal,1
callaghan,1
callan,1
callanan,1
callao,1
callaway,1
callaway's,1
caller,2
callichthyidae,1
calligraphy,1
callinan,1
callis,1
callot,1
calment's,1
calmet,1
calmette,1
calomini,1
calore,1
calorimetry,1
calormen,1
caloundra,1
caloz,1
calumet,1
calumpit,1
calvados,1
calvary,1
calvert,1
calvesi,1
calvinist,1
calvinus,1
calvo,1
calypso,1
camaleones,1
camara,1
camassia,1
camazotz,1
camberwell,1
camberwick,1
cambiare,1
cambiemos,1
cambio,1
camboja,1
camboulit,1
cambria,1
cambridgeshire,1
camdore,1
camerano,1
camerata,1
cameroon,1
cameroonian,1
camiling,1
camilla,1
camilla's,1
camillo,1
camilo,1
caminho,1
camm,1
campan,1
campanian,1
campanula,1
campari,1
campaspe,1
campbell's,1
campbelltown,1
camperdown,1
campground,2
camphusianum,1
campin's,1
campion,1
campiotti,1
campo,1
camporotondo,1
campro,1
campsie,1
campti,1
camren,1
camry,1
cana,1
canadian's,1
canadieans,1
canales,1
canaman,1
canard,1
canaria,1
canaries,1
canarreos,1
canaveris,1
cancan,1
cancerous,1
candela,1
candelaria,1
candidatus,1
canepa,1
canfield,1
canina,1
caning,1
canini,1
cannady,1
cannae,1
cannan,1
cannannore,1
canny,1
canoeing,1
canoga,1
canorous,1
canova,1
cantabrian,1
cantaloupes,1
cantatrice,1
cantiones,1
cantona,1
cantorum,1
cantrell,1
canuck,1
canute,1
canyonlands,1
caobana,1
capacitation,1
capak,1
capaldi,1
capdenac,1
capella,1
capelli,1
capensis,1
caper,1
capetians,1
capgemini,1
capillary,2
capitalcard,1
capitan,1
capitano,1
capix,1
capiz,1
caplan,1
capoise,1
capone,1
capote,1
cappagli,1
cappella,2
cappi,1
cappo,1
capranica,1
capriati,1
caprington,1
capristo,1
capstone,1
captagon,1
captain's,1
captioning,1
capulet's,1
capybaras,1
carmax,1
cara's,1
carabau,1
carabinieri,1
caradog,1
caramelans,1
carandiru,1
carangarang,1
caravaggio,1
caraway,1
caray,1
carbonara,1
carbondale,1
carcar,1
carcassonne,1
carchon's,1
carcillo,1
carcinogens,1
card's,1
cardano's,1
cardel,1
cardellini's,1
cardenal,1
cardinal's,2
cardiologists,1
cardiology,1
carditamera,1
cardoza,1
cardullo,1
carduus,1
carell,1
carevac,1
cargoes,2
carib,1
caribs,1
caricaceae,1
carinda,1
carinthian,1
cariola,1
carl's,1
carlebach,1
carleman,1
carles,1
carleton's,1
carli,1
carlie,1
carlino,1
carlist,1
carlitos,1
carlock,1
carlota,1
carlsen's,1
carmack's,1
carmalt,1
carmarthen,1
carmela,1
carmelita,1
carmelite,1
carminic,2
carnabeats,1
carnaby,1
carnaby's,1
carnal,1
carnan's,1
carnarvon,1
carnate,1
carnaval,1
carneiro,1
carnell,1
carnevale,1
carnicer,1
carnivore,1
carnosaurs,1
carnot,1
carnovali,1
caro,1
caro's,1
carob,1
carol's,1
carole's,1
carolinas,1
caroll,1
carondelet,1
carousels,1
carow,1
carp,1
carpathians,1
carpenter's,1
carpentersville,1
carpentras,1
carr's,1
carrano,1
carrara,1
carre,1
carrefour,2
carreras,1
carretera,1
carrhae,1
carrickmacross,1
carrie's,1
carriker,1
carrizal,1
carrossea,1
carsi's,1
carstairs,1
carsten,1
carta,1
cartago,1
cartas,1
carte,1
cartegena,1
carteret's,1
cartes,1
carthaginian,1
carthy's,1
cartier,1
cartmans,1
cartographer,1
cartouche,2
cartwright,1
carvajal,1
carver's,1
carville,1
caryn,1
carynthians,1
casado,1
casady,1
casamance,1
casbah,1
cascade,2
cascadia,1
casciano,1
casco,1
cascoplecia,1
casellato,1
cash's,1
cashmere,2
cashtown,1
casi,1
casimir,1
casinha,1
caslav,1
caspar,1
caspelherr,1
caspian,1
casquets,1
cassandra's,1
cassar,1
cassation,1
cassegrain,1
cassel,1
cassese,1
casseux,1
cassia,1
cassie's,1
cassin,1
cassini's,1
cassiodoriius,1
cassiopeia,1
cassius's,1
cassowaries,1
castaway,1
castaways,1
castelbajac,1
castellane,1
castellaneta,1
castelli,1
castellina,1
castelo,1
castelsagrat,1
castelsarrasin,1
castelvecchio,1
casterbridge,1
castilian,1
castille,1
castino,1
castleford,1
castlereagh,1
castletown,1
castlevania,1
castoreum,2
castorocauda,1
castrato,1
castro's,1
castroneves,1
catalans,1
catallena,1
catalonian,1
catanduanes,1
catania,1
cataplexy,2
cataract,2
cataracts,2
catcher's,1
categoria,1
catergory,1
caterham,1
cates,1
catfish's,1
cathar,2
catharina,1
catharine,1
cathartidae,1
cathcart,1
catherall,1
cathleen,1
cathryn,1
catlett,1
catlin,1
catllar,1
catnip,1
cato,1
cato's,1
catocala,1
catoir,1
catra,1
catrow,1
catskills,1
catsuits,1
cattajo,1
cattarinich,1
catton,1
catwoman,1
catz,1
caucaia,1
cauchinchina,1
cauchy,1
caudill's,1
causeway,2
cauvery,1
cavaillon,1
cavalera,1
cavalier,1
cavalli,1
cavanough,1
cavapoo,1
cavaradossi,1
cavassini,1
cavcav,1
caviaga,1
caviar,1
caviezel,1
caving,2
cawdor,1
cawthorn,1
caye,1
cayenne,1
cayes,1
cayon,1
cayuga,1
cazorla,1
cdo,1
cece,1
ceallaigh,1
ceaparu,1
cebuella,1
cech,1
cecil's,1
cecile,1
cecily,1
cederberg,1
cedrella,1
cedric's,1
ceduna,1
cegedel,1
ceh,1
celenderis,1
celesta,1
celestino,1
celexa,1
celine,1
celje,1
celli,1
celluloids,1
cellulose,2
celoria,1
celtiberians,1
celtic's,1
celticae,1
cenfulf,1
cenker,1
cenker's,1
cenna,1
cenozoic,1
cenred,1
censor,2
cent's,1
centennials,1
centerville,1
centieme,1
centric,1
centrifugal,2
centris,1
centurions,1
centwine,1
ceowulf,1
cephalopod,2
cephalus,1
cephas,1
cephei,1
cephisodotos,1
ceppi,1
cerasuolo,1
ceratopogonidae,1
ceratosaurus,1
ceres,1
ceret,1
cerium,2
cermets,1
cernan,1
cerny,1
cerritos,1
cervejaria,1
cesar,1
cesaris,1
cesaro,1
cesis,1
cessna,1
cesspool,1
cetaceans,2
ceti,1
cettigne,1
cettina,1
cetus,2
ceviche,1
ceylonese,1
ceyton,1
cfbt,1
cfc,1
chabaud,1
chabon,1
chacha,1
chachi,1
chaco,1
chacornac's,1
chae,1
chaff,1
chagas,1
chagos,1
chagossians,1
chaiken,1
chairperson's,1
chaitanya,1
chakan,1
chakdara,1
chakram,1
chakravarthy,1
chakswari,1
chakuri,1
chakwal,1
chalappally,1
chalara,1
chalcedon,1
chaldeans,1
chalfont,1
chaliapin,1
chalo,1
chalons,1
chalt,1
chalukya,1
chalune,1
chamaedorea,1
chamanan,1
chamber's,2
chambi,1
chambre,1
chameleon,2
chamisso,1
chamma,1
chamorro,1
chamoun,1
champ,1
champa,1
champaklal,1
champaner,1
champcevinel,1
champlin,1
champollion,1
champorcher,1
champtown,1
chanakya,1
chanana,1
chancelade,1
chancellorship,1
chancellorsville,1
chancenay,1
chandar,1
chande,1
chandel,1
chandhok,1
chandi,1
chandni,1
chandon,1
chandos,1
chandrababu,1
chandrasen,1
chandraseniya,1
chaney,1
chaney's,1
chang'aeur,1
chang'an,1
changdeok,1
changdeokgung,1
changer,1
changgyunggung,1
changhua,1
changi,1
changping,1
chania,1
channahon,1
channelside,1
channie,1
channing,1
chano,1
chantal,1
chantel,1
chanthp,1
chapella,1
chaplet,1
chapman's,1
chappell,1
chapple,1
chapursan,1
char,1
characene,1
charade,2
charades,1
charcot,1
charente,1
charest's,1
charice,1
charilie,1
charioteers,1
charisma,2
charismatic,1
charland,1
charlene,1
charlestown,1
charli,1
charlot,1
charlotte's,1
charmaine,1
charmander,1
charmarke,1
charmed,1
charmian,1
charnia,1
charonosaurus,1
charophyta,1
charouni,1
charpentier,1
charr,1
charrier,1
charro,1
charsadda,1
charte,1
charterhouse,1
charteris,1
chartier,1
chartrand,1
chartres,1
chartsplus,1
chartwell,1
charyapada,1
chasers,1
chasseurs,1
chaste,2
chastelain,1
chasuble,1
chateaubriand,1
chatelain,1
chatha,1
chathenkary,1
chatta,1
chatterton,1
chattey,1
chattha,1
chatto,1
chatu,1
chauchoin,1
chaudhry,1
chaudri,1
chauhan,1
chauve,1
chav,1
chava,1
chavanton,1
chavara,1
chavette,1
chayabani,1
chaykovskiy,1
chaz,1
chazal,1
chazelle's,1
chbosky,1
cheam,1
chebfun,1
cheboksary,1
chebyshev,1
chechen,1
checkered,1
checklist,1
checklists,1
chedington,1
chee,1
cheers,1
cheese's,1
cheesecake,2
cheetah's,1
cheetahs,1
cheeze,1
chefsbestaward,1
cheg,1
chega,1
chegitun,1
cheiron's,1
cheka,1
chekhov,1
chelios,1
chellah,1
chelle,1
chelly,1
chelo,1
chelonoidis,1
chelyabinsk,1
chemie,1
chemnitz,1
chempaka,1
chenault,1
chenda,1
cheneux,1
chengjiang,1
chenies,1
chenogne,1
cheong,1
cheongra,1
chequers,1
cheques,2
chera,1
cherbourg,1
cherchez,1
cherenkov,1
cherepovets,1
cherif,1
cheriton,1
chernivtsi,1
chernykh,1
cherryvale,1
chesepians,1
chesher,1
chesil,1
chesney,1
chespirito,1
chessbase,1
chesscafe,1
chessmen,2
chessville,1
chesterfied,1
chesterman,1
chesty,1
chet,1
chetai,1
chetna,1
cheung,1
chevalier,1
chevella,1
chevening,1
chevreuse,1
chevrolet's,1
chevron,1
cheylin,1
chez,1
chhabra,1
chhahat,1
chhatraman,1
chhatrapati,1
chhattisgarh,2
chhedanagar,1
chhele,1
chhetri,1
chhim,1
chhipa,1
chhor,1
chi,2
chiarissimo,1
chiascio,1
chiasson,1
chibchan,1
chibnall,1
chibuku,1
chica,1
chicagoan,1
chicagoans,1
chicano,1
chicho,1
chickasaws,1
chicory,1
chicosci,1
chicu,1
chicxulub,1
chidambaram,1
chidi,1
chidley,1
chie,1
chief's,1
chiers,1
chigley,1
chihiro,1
chihuahua,1
chikara,1
chikuzan,1
chilapathikaram,1
childe,1
childfriend,1
childs,1
chile's,1
chilingirian,1
chill,2
chillers,1
chillicothe,1
chilling,1
chilliwack,1
chills,2
chilperic,1
chiltons,1
chimayo,1
chimera,2
chimpden,1
chinard,1
chinarova,1
chinatowns,1
chinen,1
chingkhu,1
chinnaiahpillai,1
chinnakallar,1
chinnamalai,1
chinnaraj,1
chinon,1
chinooks,1
chintu,1
chios,1
chipko,1
chipmunk,1
chipping,2
chiquita,1
chirag,1
chirico's,1
chiromantis,1
chironex,1
chiropractors,1
chiroptera,1
chisel,2
chisholm,1
chislehurst,1
chisor,1
chistyakovantratsit,1
chithi,1
chithravathi,1
chitin,1
chitrali,1
chittagong,1
chittar,1
chittenango,1
chitti,1
chivacoa,1
chiyozaki,1
chiz,1
chlamydomonas,1
chlodio,1
chlorogalum,1
chlorophyta,1
chloroquine,2
chlum,1
choa,1
chocho,1
chocola,1
choctaws,1
choda,1
choden,1
chofetz,1
choi's,1
choicetv,1
choiseul,1
choki's,1
chokpoo,1
choleric,1
cholesterol,1
cholita,1
cholmeleian,1
cholsey,1
chomsky,1
chondroitin,1
chondroitin's,1
chondrosteans,1
chong,1
chonghuan's,1
choo,1
choodu,1
choosin,1
chopard,1
choppa,1
chopstick,2
chorley,1
chorlton,1
chorna,1
chort,1
chossudovsky,1
chota,1
chotala,1
choufli,1
chouinard,1
chowder,1
chowdhury,1
chowk,1
chozo,1
chrispinsson,1
christa,1
christadelphians,1
christen,1
christendom,1
christentum,1
christiaan,1
christianae,1
christiane,1
christianna,1
christianson,1
christianus,1
christie's,1
christin,1
christine's,1
christmases,1
christoff,1
christoffel,1
christoffer,1
christological,1
christophe,1
christophers,1
chrollo,1
chrollo's,1
chromatin,1
chromebook,1
chromium,2
chronica,1
chronicorum,1
chronoa,1
chronochromie,1
chronologies,1
chrysococcyx,1
chrysostum,1
chrystal,1
chuansha,1
chubinishvili,1
chuckie,1
chucklevision,1
chuckles,1
chuckwalla,1
chuganji,1
chugoku,1
chuignolles,1
chukhan,1
chukotka's,1
chulanont,1
chulman,1
chumbawamba,1
chumhill,1
chun,1
chungkham,1
chungli,1
chunhua,1
chunichi,1
chunnennuggee,1
churachandpur,1
churchouse,1
churchtown,1
churton,1
chutes,1
chuuk,1
chuvashes,1
chuzan,1
chvrches,1
chyna,1
chyna's,1
chyren,1
chyrstal,1
cialuffi,1
cian,1
cibola,1
cicadas,2
cicuta,1
cidacos,1
cidade,1
cidaroids,1
ciechowski,1
cielo,2
cienfuegos's,1
cignal,1
cilea's,1
cima,1
cimber,1
cimino,1
cinchoism,1
cincinnati's,1
cincinnatti,1
cinco,1
cinderpelt,1
cindy's,1
cinematographer,2
cinematographic,1
cineplex,1
cinereus,1
cinevistaas,1
cinnabar,2
cinque,1
cinquecento,1
cinta,1
cintra,1
cipinang,1
circe's,1
cirie,1
cirie's,1
cirion,1
ciroc,1
cirque,1
cirripedes,1
cisek,1
cisnes,1
cissbury,1
cissel,1
citadel's,1
citadels,1
citgo,1
citi,1
citizendium,1
citoyen,1
cittareale,1
citylink,1
ciudadela,1
civitans,1
cixous,1
clackmannanshire,1
cladogram,1
claesson,1
claggart,1
clairville,1
clallam,1
clam,2
clamav,1
clannaboy,1
clapper,1
clarence's,1
clarent,1
clares,1
clarice,1
clarin,1
clarita,1
clark's,1
classica,1
classically,1
classicism,1
classifieds,1
classy,2
claudia's,1
clawson,1
clayallee,1
clayland,1
claymore,2
claypoole,1
clazel,1
cleander,1
cleanskins,1
cleararmor,1
clearances,2
clearinghouse,1
clearmountain,1
clearstream,1
cleco,1
cleef,1
cleere,1
cleghorne,1
cleisthenes,1
clement's,1
clements,1
clemons,1
clench,1
cleon,1
cleopas,1
clerical,2
clermont,1
cleve,1
cleveland's,1
cliburn,1
cliche,1
clicker,1
clijsters,1
clinotarsus,1
clitorises,1
cloaks,2
clocking,1
clocktower,1
clockwork,1
clonmel,1
closet,2
clostridia,1
clostridium,1
closures,1
clotho,1
clottes,1
clotworthy,1
clouse,1
cloutier,1
cloven,1
clover,1
clovers,1
clovis,1
clow,1
clownfish,2
clozaril,1
clubdom,1
clubb,1
clubbin,1
clubfoot,1
clucky,1
cluedo,1
clueless,1
cluj,1
cluny,1
clutchyna,1
clute,1
clute's,1
clutter,1
clytemnestra,1
cnidaria,1
cnut,1
cnut's,1
cohl,1
coache,1
coachella,1
coahuila,1
coalitian,1
coalsack,1
coan,1
coassacks,1
coates,1
coatsville,1
coatsworth,1
coatsworth's,1
cobblepot,1
cobblestone,1
cobenzl,1
coberlato,1
cobie,1
cobley,1
cobol,1
cobra,2
coburn,1
coca,1
cocceianus,1
coccinellids,1
coccolithus,1
cochabamba,1
cochrane,1
cochrane's,1
cocibolca,1
cocijo,1
cockatiel,1
cockburn,1
cocker's,1
cockerill,1
cockfights,1
cockle,1
cockroaches,2
cockscomb,1
cocom,1
cocorote,1
cocteau,1
codalet,1
codd,1
codd's,1
codeine,1
codman's,1
codrex,1
cody's,1
coel,1
coelurosauria,1
coetzee,1
cofer,1
coffeehouses,1
coghill,1
cognac,1
cogne,1
coheed,1
cohens,1
coherent,2
cohn,1
cohors,1
cojuangco,1
col,2
colagiovanni,1
colarossi,1
colautti,1
colbert's,1
colbys,1
colchicine,2
cold's,1
coldplay's,1
coldwater,1
colebrook,1
colectivo,1
coleridge,1
coles,1
colgrave,1
colima,1
colin's,1
collaborate,1
collaborationist,1
collard,1
colle,2
collectables,1
collectible,1
collegiata,1
collegium,1
collemaggio,1
collen,1
collet,1
collezioni,1
collider,1
collie,2
collier,1
collierville,1
colliery,1
collies,1
collines,1
collingwood,1
colliseum,1
colloquialisms,1
collyer,1
colmar,1
coloane,1
coloborhycnhus,1
coloborhynchus,1
colombians,1
coloniales,1
colonials,1
colonna,1
colonne,1
colorno,1
coloureds,1
colquhoun,1
colsefini,1
colsie,1
colter,1
columba,1
columbia's,1
columbus's,1
colvig,1
colwood,1
comandancia,1
comas,1
comba,1
combi,1
combinatorial,2
combot,1
comedulce,1
comedysportz,1
comeng,1
comerford,1
cometbus,1
comey,1
comintern,1
commagene,1
command's,1
commemorating,1
committeewoman,1
commodus's,1
commoner's,1
communards,1
comologno,1
compagnoni,1
companhia,1
companys,1
comparetheloan,1
compendium,1
compleat,1
complicating,1
compliment,1
comprehensibility,1
compressions,2
compt,1
comptroller,2
comptroller's,1
comrat,1
comtesse,1
comyn,1
conifa,1
conakry,1
conan's,1
conanicut,1
concertone,1
concerviano,1
conches,1
concierto,1
concilio,1
concon,1
concordance,1
concordia,1
concours,1
concourse,1
condell,1
condie,1
conditt,1
condobolin,1
condorcanqui,1
conduction,1
coneshell,1
conestoga,1
confectionary,1
confessional,2
confoederatio,1
confronting,2
confucianism,1
confucius's,1
cong,1
conger,1
congolaise,1
congregationalism,1
congresspeople,1
congresswomen,1
conjeevaram,1
conjoined,2
conjugation,2
conjunctions,2
conjunto,1
conjure,2
conlon,1
connacht,1
connair,1
connally,1
connecti,1
connecticuter,1
connee,1
connell,1
connochaetes,1
connoisseur,1
connolly,1
connor's,1
connors,1
conny,1
cono,1
conocophilips,1
conor,1
conques,1
conradin,1
conrail,1
conran,1
conron,1
cons,1
consecration,2
consejo,1
conservapedians,1
conserved,2
conset,1
consevration,1
consiglio,1
consilina,1
consolidation,1
constable's,1
constand,1
constantius's,1
constanze,1
constitutionnel,1
consuelos,1
consuji's,1
consulates,1
consultancy,2
consultations,1
consulted,2
contagious,1
contemplation,1
contemplative,1
contempt,1
contessa,1
conteville,1
continuations,1
contostavlos,1
conures,1
conus,1
convergent,2
conveyor,2
convivium,1
cooch,1
coochiemudlo,1
cooke,1
cookpad,1
coolberrin,1
cooley,1
coolidge,1
cooperman,1
cooperstown,1
coosje,1
coot,1
copacabana,1
copas,1
copen,1
copernican,1
copford,1
copland,1
copland's,1
copley,1
copsychus,1
copt,1
coptos,1
copts,1
coq,1
coqueluche,1
coquihani,1
coquimbo,1
cor,1
coracias,1
coragol,1
coralli,1
corangamite,1
coraopolis,1
corazon,1
corbett's,1
corbier,1
corbin,1
corbyn,1
corbynmania,1
corcoran,1
corcos,1
corcovado,1
corden,1
corden's,1
corder,1
corder's,1
cordley,1
cordova,1
cordwell,1
cordyceps,1
coreglia,1
coreopsis,1
coreyography,1
corfe,1
corfield,1
corfu,1
coria,1
coriam,1
coriariaceae,1
corine,1
corinne,1
corinth,1
coritiba,1
corker,1
corky,1
corleones,1
corlett's,1
corley,1
cormack's,1
cormier,1
cornales,1
cornard,1
cornejo,1
corneria,1
cornet,1
cornu,1
cornway,1
cornwell,1
cornyn,1
corocoro,1
coromandel,1
corona,2
coronel,1
coronelli,1
coroner,2
coroners,1
coronon,1
corozzo,1
corp,2
corpet,1
corporals,1
corral,1
corrales,1
corrections,2
correio,1
correo,1
correspondance,1
correspondierde,1
corrigan,1
corsali,1
corse,1
corsican,1
corsicans,1
cortana's,1
corte,1
cortese,1
corupedium,1
coruscant,1
corvair's,1
corvallis,1
corvinius,1
corvinus,1
corvus,1
corwin,1
corydon,1
corydoras,2
corzine,1
corzo,1
cosmc,1
cosentini,1
cosette,1
cosford,1
cosgrove,1
cosima,1
cosmas,1
cosmegen,1
cosplayers,1
cossacks,1
costanzo,1
costco,1
costello's,1
coster,1
costostavlos,1
cot,2
cote,1
cotswold,1
cottisford,1
cotton's,1
cottus,1
coty,1
coubertin,1
coubet,1
couchsurfing,1
coucils,1
coucy,1
couderc,1
couffignal,1
coughlin,1
coughs,1
coulee,1
coulet,1
coulombe,1
coulstock,1
coulter,1
counselling,2
counselors,2
counte,1
counterfeiters,1
countergambit,1
counterpoint,2
countisbury,1
countryman,2
couques,1
cour,1
coura,1
courant,1
courland,1
cousine,1
couvent,1
covarrubias,1
covent,1
covey,1
covfefe,1
covington,1
cowan,1
cowardice,1
cowbird,1
cowell,1
cowherd,1
cowley,1
cowling,1
cowper,1
cowra,1
cowslip's,1
cox's,1
coxsone,1
coyaba,1
coyne,1
coyote,2
coyotero,1
coypel,1
coyuca,1
cpl,1
cpt,1
crabtree,1
crackle,1
crackston's,1
cradleboards,1
craftspeople,1
crahan,1
craigieburn,1
craigisla,1
craiova,1
craisins,1
cramond,1
crampton,1
crana,1
cranberry,2
cranbourne's,1
cranbrook,1
cranes,2
cranetown,1
cranfield,1
cranham,1
craniofacial,2
cranks,1
cranmer,1
cranston,1
craon,1
crapper,1
crash's,1
craters,1
craven's,1
cravens,1
crawford's,1
crawfords,1
crawler,1
crawley,1
craxton,1
crayola,1
crayon,1
craziness,1
crazylegs,1
creamery,1
creamy,2
crean,1
createspace,1
creatine,1
creationism,2
creche,1
credo,2
creech,1
creedon,1
creedy,1
creepers,2
creepschool,1
creevykeel,1
creighton,1
crema,1
crematories,1
crepsa,1
cres,1
cresap,1
cressida,1
cressing,1
crestline,1
creston,1
cretan,1
creu,1
creus,1
creuse,1
crew's,2
cribinau,1
crickets,2
crinoids,2
cripplegate,1
crisman,1
crisparkle,1
crisps,2
crist,1
cristian,1
cristiana,1
cristiano,1
cristobal,1
crittall,1
crittendon,1
critters,1
crivelli,1
croaker,1
croatia's,1
croatias,1
croc,1
crocco,1
crocheting,1
croft's,1
crofton,1
crofty,1
croghan,1
crohn's,1
cromer,1
cron,1
crone,1
crone's,1
crong,1
cronin's,1
cronos,1
cronquist,1
cronulla,1
crooke,1
crophopper,1
cropp,1
crosbie,1
crosby's,1
crosley,1
crossfire,2
crossbenchers,1
crosscultural,1
crossface,1
crossflow,1
crossharbour,1
crossley,1
crossopriza,1
croswell,1
croteau,1
crotoy,1
crotty,1
crowbar,1
crowdoptic,1
crowder,1
crowe,1
crowell,1
crowes,1
crowfeather,1
crowland,1
crowther,1
crucible,2
cruck,1
cruikshank,1
cruise's,1
cruisin,1
cruising,1
cruithne,1
cruithne's,1
crull,1
crum,1
crunch,1
crunk,1
crunt,1
crusader,2
crusafont,1
crusoe,1
crutcher,1
cruz's,1
cruzan,1
cruze,1
cruzeiro,1
crymych,1
crypto,1
cryptoclidus,1
cryptography,2
crysis,1
crysomallon,1
csb,1
ctenophores,1
ctte,1
cuadernos,1
cuatro's,1
cubism,1
cubists,1
cuchna,1
cuchulainn,1
cuckoo's,1
cuco,1
cucurbitales,1
cuddalore,1
cuengh,1
cuffaro,1
cuffs,2
cugy,1
cuilapa,1
cuisines,1
cukai,1
cul,1
culebra,1
culiat,1
culkin,1
culpa,1
culper,1
cultus,1
cumbira,1
cummersdale,1
cummings,1
cumne,1
cundall,1
cundinamarca,1
cuneos,1
cuneta,1
cunnilingus,1
cuomo,1
cupertino,1
cupim,1
cuplock,2
curcillo,1
curcio,1
curcuma,1
curia,1
curie,1
curiously,1
curlew,1
curley,1
curonian,1
curray,1
currey,1
currier,1
curseen,1
cursus,1
curtis's,1
curtiss,1
curtiz,1
curu,1
curwen,1
cushing,1
cussegl,1
customer's,1
customizable,1
customizing,2
cutbacks,2
cuthred,1
cuthred's,1
cutkelvin,1
cutlar,1
cutler's,1
cutlerian,1
cutlery,1
cuvier,1
cuxhaven,1
cuyo,1
cwb,1
cwc,1
cyanoacrylate,1
cyanogenmod,1
cybermen,1
cyberspace,2
cybertron,1
cybulski,1
cycladic,1
cyclassics,1
cyclopses,1
cydnee,1
cyert,1
cygnes,1
cygni,1
cylons,1
cymbospondylus,1
cynara,1
cynda,1
cynder,1
cynehelm,1
cynicism,1
cynric,1
cyphopalpatores,1
cyprian,1
cyrankiewicz,1
cyril's,1
cyrtoidea,1
cyrus's,1
cytokines,2
czapiewski,1
czarzawicz,1
czechia,1
d'agosto,1
d'albas,1
d'alto,1
d'amato,1
d'amelio,1
d'andraia,1
d'arblay,1
d'avanzo,1
d'errico,1
d'ivoire,1
d'onofrio,1
d'souza,1
dab,1
danfs,1
dat,2
dbsk,1
dci,1
dclxxxiv,1
dd,1
ddl,1
decc,1
dect's,1
demu,1
devo,2
df,1
dfc,1
dfk,1
dfl,1
dfler,1
dfsg,1
dftd,1
dgb,1
dgr,1
dhcp,1
dic,1
digis,2
dimms,1
diy,1
djane,1
dk,1
dkba,1
dki,1
dl,1
dm,1
dma,1
dmci,1
dmd,1
dmgt,1
dmk,1
dml,1
dmpk,1
dmsp,1
dmu,1
dmv,1
dn,1
dnpq,1
dohc,1
dou,2
dprd,1
dps,1
dra,1
dri's,1
drs,1
dsbs,1
dse,1
dsk,1
dslr,1
dso,1
dsp,1
dsr,1
dst,1
dsub,1
dsw,1
dta,1
dtd,1
dts,2
dui,1
dut,1
dvr,1
dvv,1
dzrh,1
dacosta,2
darosa,1
dasilva,2
daar,1
daaruka,1
dabino,1
dabotap,1
dabran,1
dabry's,1
dachau's,1
dachstein,1
dacon,1
dacre,1
dadaism,1
dadda,1
daddario,1
dadiangas,1
dads,1
dadu,1
daebang,1
daejeo,1
daejeon,1
daeseong,1
daesh,1
daesung,1
daffodil,1
daft,1
dagbladet,1
dagbladsstafetten,1
dagdusheth,1
dagen,1
dagenhart,1
dagny,1
dagobah,1
dagtse,1
daguerre,1
daguerreotype,2
dagworthy,1
dahani,1
dahlsen,1
dahmer,1
dahomey,1
dahurian,1
daiichi,1
daikakuji,1
dailymotion,1
daimlerchrysler,1
dain,1
daines,1
dairanger,1
daishashin,1
daisuke,1
daisy's,1
daisygreen,1
daiyon,1
dajti,1
dak,1
dakar,1
dakelh,1
dakhla,1
dakhleh,1
dakinis,2
dalai,1
dalal,1
dalbono,1
dalby,1
dalet,1
dalian,1
daliang,1
dalila,1
dalit,1
dalits,1
dallaire,1
dallard,1
dalma,1
dalmaticus,1
dalmatius,1
daloa,1
dalymount,1
daman,1
damaris,1
damasio,1
damask,1
damaso,1
damiens,1
dammam,1
damnak,1
damned,2
damnoen,1
damora,1
danao,1
danbury,1
dandelion,1
dandurand,1
dane,1
daneel,1
danelaw,1
daneshill,1
danforth,1
danforth's,1
dang,1
dangaioh,1
dangal,1
dangermouse,1
dangun,1
danhassan,1
danhuser,1
danian,1
danica,1
daniel's,1
daniele,1
danielewski's,1
daniella,1
danielsson,1
danjiri,1
danjong,1
dank,1
dann,1
dannay,1
dannel,1
dansbandskampen,1
danse,1
dansevise,1
dansk,1
dansker,1
dansul,1
dante's,1
dantidurga,1
dantzig,1
danzig,1
daoblin,1
daodejing,1
daoism,1
daoud,1
dapplewood,1
darabont,1
darasz,1
darbar,1
darby,1
darcy's,1
dardanella,1
darden,1
dardic,1
daredevil's,1
darfur,1
dargaud,1
daria,1
darick's,1
darika,1
dariusc,1
dariusz,1
darkbloom,1
darkchild,1
darkflight,1
darkly,1
darkseid's,1
darkut,1
darley,1
darlings,1
darlingtonia,1
daroach,1
darod,1
daron's,1
darrang,1
darren,1
darrow,1
darryl,1
dartington,1
darussalam,1
darwiish,1
daryle,1
daryoush,1
dasan,1
daschle,1
dasdasi,1
dashain,1
dashing,2
dashti,1
dassanayake,1
dassen,1
dassu,1
dastaa,1
datar,1
dati,1
datt,1
datta,1
dattatreya,1
dauberman,1
daubert,1
daugava,1
daulat,1
dauthe,1
dave's,1
daveed,1
davichi,1
davichi's,1
davidka,1
davout,1
davout's,1
davutpasa,1
davydov,1
davydovich,1
daw,1
dawazhuoma,1
dawg,1
dawi,1
dawnguard,1
dayaas,1
dayana,1
dayfallah,1
daylesford,1
dayuling,1
daz,2
ddc,1
ddu,1
debakey,1
debenedet,1
decamp,1
defazio,1
delong's,1
delonge,2
deluise,1
depaul,1
depaulia,1
derose,1
desantis,1
desoto,1
detoth,1
devante,1
dewalt,1
dewine,1
dezurik,1
deacon,2
deadhead,1
deadheads,1
deadites,1
deadland,1
deadlys,1
deadmarch,1
deadwood,1
deakin,1
deanery,1
dearing,1
dearing's,1
deas,1
deathstrike,1
deauville,1
deba,1
debashish,1
debby,1
deblois,1
deboo,1
debrah,1
debre,1
debu,1
decanal,1
decap,1
decathlon,2
decelea,1
decelean,1
decibel,1
declaration's,1
decompressive,2
deconstructing,1
decryption,2
decumanus,1
dedalus,1
dedicoat,1
dedijer,1
dedza,1
deeann,1
deepak,1
deepam,1
deepan,1
deepawali,1
deepground,1
deepwater,1
deerleap,1
deetzes,1
defens,1
defensemen,1
deficient,1
deflation,1
defoe's,1
defore,1
defra,1
deganawida,1
degano,1
degerick,1
dehlavi,1
dehner,1
dehors,1
dehra,1
deimos,1
deinonychus,1
deinotheriidae,1
deipnosophistae,1
deitzler,1
dej,1
dejima's,1
dekker,1
deku,1
delacorte,1
delacroix,1
delafosse,1
delancey,1
deland,1
delany,1
delara,1
delaware's,1
deldevez,1
deleting,1
delgo,1
deli,1
delia,1
delia's,1
delian,1
deliberative,1
delicatessen,1
delite,1
delius,1
delkar,1
delleani,1
delluc,1
dellum's,1
delma,1
delmer,1
deloitte's,1
deloris,1
delphi,1
delphin,1
delphinus,1
delzangles,1
dem,1
demachiyanagi,1
demeke,1
demel,1
demeter,1
demigod,2
deming,1
demjanjuk,1
demme,1
demminer,1
demographic,2
demokrat,1
demokratische,1
demokratska,1
demon's,1
demonaz,1
demonocracy,1
demonstrating,1
demospongiae,1
demosthenes,1
dempagumi,1
dempsey,1
demre,1
dems,1
demsetz,1
denby,1
dencik,1
dendara,1
dendera,1
denderah,1
denegri,1
deng's,1
dengler,1
deni,1
denim,1
denims,1
denishawn,1
denison,1
denisov,1
denisovans,1
deniz,1
denkanikotta,1
denmark's,1
denning,1
dennings,1
dent's,1
denuwan,1
denysenko,1
deoband,1
deodato,1
deodhar,1
deoksugung,1
deol,1
deolpota,1
deosai,1
depakote,1
depantara,1
depew,1
deplanetizer,1
deportes,1
depositional,2
depository,2
depressants,1
deprive,2
deprived,2
deranged,2
derbies,2
derbyshire,1
derbyshire's,1
derge,1
deriaz,1
derik,1
derkins,1
dermestidae,1
deroulede,1
derpy,1
derrida,1
dertli,1
derusseau,1
deryniowski,1
desanti,1
descant,1
deschanel,1
desdemona,1
desejo,1
deseret,1
desh,2
desha,1
desiree,1
desommes,1
despairing,1
despedida,1
despenser,1
desperadoes,1
despotism,1
desprez,1
desrosiers,1
dessau,1
dessner,1
desterro,1
destino,1
destructoid,1
det,2
detective's,1
deterrent,1
detlev,1
detmer,1
detsen's,1
dettah,1
dette,1
deuce,2
deus,1
deuteromycetes,1
deuteromycota,1
deutschen,1
deutscher,1
deutsches,1
devlabs,1
devaines,1
devastation,2
devata,2
devegowdankur,1
devensian,1
deventer,1
devere,1
deverell,1
devereux,1
devery,1
deviants,1
devicemanagerservice,1
devilish,1
deville,1
devin,1
devipuram,1
devizes,1
devlin's,1
devoid,2
devonshire,1
devonte,1
devries,1
devrieze,1
dewali,1
dewan,1
dewar,2
dewele,1
dexia,1
deyl,1
dezzi,1
dhaani,1
dhahran,1
dhaki,1
dhakshinamoorthy,1
dhanens,1
dhanni,1
dhanwanthary,1
dhara,1
dharius,1
dharmakshetra,1
dharmakumar,1
dharmaratna,1
dharmendra,1
dharmesh,1
dhekiajuli,1
dhilaalo,1
dhillon,1
dhoby,1
dhodhial,1
dhodial,1
dhole,2
dhoni's,1
dhreema,1
dhruv,1
dhubri,1
dhund,1
dibiase,1
dicicco,1
difranco,1
digerlando,1
dileo,1
dimattia,1
dimera,1
dinozzo's,1
distephano,1
diabetology,2
diadophis,1
diageo,1
diagnostics,2
diakanov,1
dialectical,2
dialysers,1
diamante,1
diamorphine,1
diamper,1
diana's,1
diangenda,1
dianne,1
diario,1
diaspora,1
diatoms,1
diavolo,1
diaz,1
diazepam,1
diboo,1
dicastillo,1
diceros,1
dickens,1
dickerson,1
dickin,1
dickon,1
dicle,1
dicotyledonous,1
dictator's,1
didcot,1
diddy,1
didelot,1
didi,1
didonato,1
didsbury,1
didynamipus,1
diegues,1
diekirch,1
diemer,1
dienert,1
dieppe,1
dieren,1
dieterle,1
dietfurt,1
dieting,2
diety,1
diff'rent,1
diffferent,1
diffuse,2
digambar,1
digerie,1
digest's,1
digestibility,1
diggity,1
diggy,1
digha,1
digilistan,1
digicel,1
digitel,1
digne,1
digory,1
digory's,1
diji,1
dijibouti,1
dijkgraaf,1
dijksterhuis,1
dike,2
dikko,1
dil,1
dilaik,1
dilao,1
dileep,1
dileita,1
dilip,1
dill,2
dillard,1
dillion,1
dillon's,1
dilophosaurus,1
dimasa,1
dimbleby,1
dimethyl,1
dimetri,1
dimitrios,1
dimitris,1
dimlis,1
dimmick,1
dimmsdale,1
dinadan,1
dinajpur,1
dinanath,1
dinant,1
dinaric,1
dindigul,1
diners,1
dines,1
dingko,1
dingle,1
dingo,2
dingos,1
dingsda,1
dingyuan,1
dinitrogen,1
dink's,1
dinka,1
dinodontosaurus,1
dinohattan,1
dinorah,1
diogo,1
diomed,1
diomede,1
diomedea,1
diomedes,1
dion,1
dionysia,1
dionysis,1
dionysius,1
dior,1
dios,1
dioscorea,1
dioscuri,1
diouf's,1
diplodocus,1
diponegoro,1
diprotodontid,1
diputados,1
diquis,1
dirac,1
dirac's,1
dirce,1
dire,2
directxbox,1
directories,2
dirichlet,1
dirickx,1
dirigo,1
dirk,1
dirkschneider,1
dirlewanger,1
disagreeing,2
disasa,1
discalced,1
discinida,1
discipleship,1
disciplining,1
disclaimer,1
discographical,1
discord,2
discordia,1
discoverer,2
discworld,1
disgusted,1
disinheriting,1
disintegration,1
dismember,1
disobai,1
dispholidus,1
displayport,1
displeased,1
disraeli's,1
diss,2
dissent,2
dissertations,1
distancia,1
distillation,2
distriubuidora,1
distt,1
disulfiram,1
ditgens,1
ditto,1
diu,1
diversities,1
divertimento,1
divinagracia,1
diviner,1
division's,2
divison,1
divo,1
divorcement,1
divy,1
divya's,1
diwan,1
diwas,1
diyala,1
diyar,1
diz,1
dizionario,1
djama,1
djamel,1
djarin,1
djidja,1
djinni,2
djuro,1
dlamini,1
dmitri's,1
dmitriy,1
doab,1
doak,1
doan,1
doba,1
dobby,1
dobie,1
dobiegniew,1
doble,1
dobloug,1
doboj,1
dobrev,1
dobrovolsky,1
dockers,1
dockum's,1
dockyard,1
docter,1
documentatie,1
doda,1
dodger,1
dodges,1
dodie,1
dodo,2
doenjang,1
dofe,1
dofasco,1
dogras,2
dogshin,1
dogtown,1
doha,1
doherty,1
dohogram,1
doin,1
doitsu,1
doja,1
dojwa,1
dokdonella,1
dokdonia,1
dokes,1
dokken's,1
dokkyo,1
doktor,1
dolan,1
dolce,1
dolent,1
dolenz,1
doler,1
dolgoch,1
dolgopolov,1
dolittle,1
dolj,1
dollabarat,1
dolo,1
doltso,1
domaaki,1
domani,1
domas,1
domergue,1
domhnall,1
domicile,1
domina,1
dominations,1
domingo's,1
domingos,1
dominguez,1
domini,1
dominica's,1
dominicano,1
dominick,1
domitian,1
domitian's,1
domki,1
dommersnes,1
dommin,1
domodedovo,1
dona,1
donal,1
donara,1
donato,1
doncieux,1
dondi,1
donelly,1
donelson,1
donetsk,1
dongbaek,1
dongchun,1
dongdaemun,1
donggangseowon,1
donggwoldo,1
donglu,1
dongming,1
dongying,1
dongyu,1
doniger,1
donington,1
donkin,1
donna's,1
donnell,1
donnet,1
donnie,1
donny,1
dont,1
donut,2
donuts,1
donvrebane,1
doodle,2
doodlebops,1
doody,1
dooly's,1
doomsday,1
doordash,1
doorn,1
doorstep,2
dopa,1
doraemon,1
doraty,1
dorayaki,1
dordt,1
dorea,1
dorel,1
doremus,1
dorff,1
dorfman,1
dorian's,1
dorilus,1
doriya,1
dorje,1
dormen,1
dorn,1
dorneywood,1
dorough,1
dorrance,1
dorrestijn,1
dorrit,1
dort,1
dostoyevsky's,1
dostum,1
dotnacht,1
dotrice,1
dottie,1
douady,1
douala,1
doubtfire,1
doucette,1
dougall,1
doughty,1
dougie,1
douglass,1
douglat,1
douhet,1
doukhobors,1
douner's,1
dourdan,1
douro,1
dovre,1
dovrefjell,1
dowd,1
dowland,1
dowland's,1
dowles,1
down's,1
downes,1
downham,1
downhearted,1
downing,1
downside,1
downsview,1
doyalson,1
doyin,1
dozhd,1
drach,1
dragonballs,1
dragonborn,1
dragoons,1
draguignan,1
draize,1
drakewalls,1
dramatique,1
drammen,1
drammenselva,1
drammensfjord,1
drath,1
dre's,1
dreadnoughtus,1
dreamcast,1
dreamland,1
dreamliner,1
dreamworld,1
dreieich,1
dreier,1
drej,1
drek,1
drennan,1
drenthe,1
dresdens,1
dressage,2
dressler,1
dreux,1
drew's,1
drexel,1
dreyer,1
dreyfus,1
drimys,1
drinkall,1
drinkers,2
drino,1
drip,2
driscoll,1
drita,1
drogos,1
drogue,1
dromaeosauridae,1
dromaeosaurus,1
dromey,1
dronacharya,1
drongo,1
drood,1
droop,1
droppa,1
dror,1
drottningholm,1
droughts,2
drouin,1
drover,1
drower,1
drublic,1
druids,2
druk,1
drukchen,1
drumheller,1
drupes,1
druze,1
dryland,1
drysdale,1
dsign,1
du's,1
dubrow,1
dupage,1
dua's,1
duality,1
duamutef,1
duan,1
duarte,1
dubbo,1
dubey,1
dubh,1
dubna,1
duby,1
ducale,1
ducats,2
duccio's,1
duch,1
duchesne,1
duchess's,1
duchies,2
duckburg,1
duckers,1
duckweed,2
ducky's,1
ducommun,1
dudenhofen,1
dudheswar,1
dudipatsar,1
dudley's,1
dudman,1
duell,1
dueren,1
duett,1
dufay,1
duff,1
duffrin,1
dufraisse,1
dufty,1
dugan,1
dugesia,1
duggan,1
duhalde,1
duhon,1
duiker,1
duisburger,1
duits,1
dukakis,1
dukas's,1
dukenfield,1
duleep,1
dulness,1
duloc,1
duluth,1
duma,1
dumbadze,1
dumka,1
dummies,2
dun,1
dunbar's,1
duncano,1
dunciad,1
dundas,1
dundo,1
dunedin,1
dunellen,1
dunga,1
dungan,1
dunham's,1
dunharrow,1
dunk,1
dunkeld,1
dunker,1
dunkleman,1
dunleavy,1
dunn's,1
dunne's,1
dunqulah,1
duns,1
dunsmore,1
dunsworth,1
dunton's,1
dunwich,1
duolingo,1
duomo,1
duotones,1
dupin,1
duplex,1
dupont,1
dupre,1
dupree,1
dupuis,1
dupuy,1
duque,1
durante,1
durazo,1
durban,1
durchgangslager,1
durdles,1
durham's,1
durjan,1
durk,1
durlach,1
durning,1
duroplast,1
durrells,1
dursey,1
dursley's,1
dursleys,1
durst,1
durward,1
duryappa,1
dushku,1
dushku's,1
dustpelt,1
dusum,1
duterte,1
dutt,1
dutta,1
duwayne,1
duyi,1
dvin,1
dvina,1
dvortevsky,1
dwarka,1
dwayne's,1
dweezil,1
dwivedi,1
dworshak,1
dwyer,1
dwyfor,1
dysp,1
dyango,1
dyantyi,1
dyarchy,1
dybbuk,1
dyckman,1
dykes,1
dyment,1
dyna,1
dynamical,1
dynamite,1
dynamix,1
dynoblaze,1
dyotropic,2
dysart,1
dyskolos,1
dyslexia,2
dysnomia,1
dyzmy,1
dzaoudzi,1
dzherelo,1
dzhokhar,1
dzogchen,1
dzungar,1
ea,1
ean,1
ebcdic,1
ebsco,1
ebscohost,1
ecas,1
ecb,1
eccc,1
ecg,1
ecm,1
ecsite,1
ecw's,1
edek,1
edf,1
edl,1
edm,1
edvac,1
ee,2
eelv,1
eet,1
eft,1
egll,1
ehs,1
eiec,1
eim,1
ejb,1
elisa,2
elo's,1
elr,1
ema,1
emc,1
emdr,1
emi's,1
emisco,1
engene,1
engstrom,1
eno,1
ensae,1
ensfea,1
ensiacet,1
eos,2
epmd's,1
epp,1
eq,1
erc,1
eru,1
esb,1
esc,1
esf,1
esi,1
eso,1
etg,1
etsu,1
ev,1
evo,1
ewha,1
ez,1
ezln,1
eaglehawk,1
eagling,1
eakins's,1
ealing,1
eamonn,1
eanflaed,1
earache,1
eardley,1
earful,1
earldom,2
earlesfield,1
earnhardt,1
earnie,1
earnshaw,1
earring's,1
earthend,1
earthbending,2
earthly,2
earthship,1
earwicker,1
easley,1
eastbound,1
eastbourne,1
eastbourne's,1
easterlings,1
eastern's,1
eastland,1
eastleigh,1
easywriter,1
easyjet,1
eater,1
eater's,1
eav,1
ebb,1
ebbw,1
ebdon,1
ebenezer,1
eberhard,1
ebisu,1
ebn,1
ebner's,1
ebnet,1
ebola,1
ebonics,1
ebrahimi,1
ebre,1
eccentrics,1
ecchibi,1
ecclesiastical,2
ecevit,1
ecevit's,1
ecgberht,1
echecs,1
echelon,1
echevarria,1
echidna,2
echinacea,1
echinococcosis,1
ecija,1
eckersberg,1
eckhardt,1
ecklund,1
eclectic,1
eclectus,1
ecliptic,2
eco's,1
ecoglasnost,1
ecos,1
ecozones,1
ecruteak,1
eculture,1
edacos,1
edamthala,1
edamulackal,1
edappally,1
edda,1
eddie's,1
eddington's,1
eddsworld,1
eden's,1
edgardo,1
edgeley,1
edick,1
edie,1
edison's,1
editha,1
editorials,2
editrice,1
edla,1
edler,1
edmond,1
edmonds,1
edmondson,1
edmonston,1
edmundsbury,1
edoardo,1
edogawa,1
edom,1
edomeans,1
edoras,1
edouard,1
edralin,1
edsel,1
edsilia,1
eduardus,1
edubuntu,1
edwin's,1
edwyna,1
edy,1
edythe,1
eem,1
eeyore,1
efate,1
effendi,1
efficacy,2
effie,1
efi,1
eflat,1
efran,1
efter,1
egay,1
egdal,1
egeland,1
egelshofen,1
egerton,1
eggsy's,1
eglee,1
eglinton,1
eglise,1
egon,1
egpyt,1
egrets,2
egy,1
egyptology,1
ehlen,1
ehlvest,1
ehrenreich,1
ehrich,1
ehrlich's,1
ehrman,1
ehrwalder,1
eib,1
eichwalde,1
eider,2
eidos,1
eids,1
eiffel,1
eiffel's,1
eig,1
eighth's,1
eights,1
eigolteshoven,1
eiji,1
eiju,1
eilaboun,1
eilat,1
eilean,1
eilhard,1
eimerl,1
einarson,1
einhardi,1
einhorn,1
einsatzkommando,1
eintracht,1
eira,1
eisch,1
eisenach,1
eisenberg,1
eisler,1
eisteddfod,1
ejection,2
ejipura,1
ekam,1
ekanatama,1
ekaterina,1
ekimyan,1
ekiti,1
ekkehard,1
ekko,1
ekoda,1
ekrem,1
ektara,2
ekushey,1
ekwueme,1
elamite,1
elastigirl,1
elastin,1
elavumthitta,1
elayadathu,1
elazari,1
elbeuf,1
elche,1
elcho,1
elda,1
eldarin,1
elderberry,1
eldkvarn,1
eldon,1
elea,1
eleazar,1
electronica,2
elecbyte,1
elecciri,1
electrecord,1
electrification,1
electromagnetism,1
electrostatic,1
electrotechnical,1
elegy,1
eleigh,1
elene,1
eleonore,1
elephantid,1
elephantidae,1
elephas,1
eleusis,1
eleuthera,1
elfish,1
elfman,1
elfriede,1
elgin,1
elgumi,1
elia,1
elias's,1
elic,1
elidia,1
eliminationist,1
eliminators,1
eline,1
elinor's,1
eliot,1
elisabet,1
eliscu,1
elita,1
elizabetta's,1
elize,1
ellard,1
ellen's,1
ellendale,1
ellerington,1
elles,1
ellidyr,1
ellie,1
ellighausen,1
elliminyt,1
ellinwood,1
elliptic,1
ellsworth,1
elly,1
elm,2
elmank,1
elmer,1
elmhurst,1
elmo's,1
elmore,1
elmwood,1
elne,1
elnora,1
elohim,1
eloquent,1
elroy,1
elsinore,1
elstow,1
elstree,1
eltham,1
elveden,1
elvin,1
elwood,1
elya,1
elyes,1
elyse,1
elysian,1
emacs,1
emam,1
eman,1
emanuele,1
embarrassment,2
embodiment,2
emboldened,1
embraer,1
embree,1
embroidery,2
embryonic,2
embury,1
emeishan,1
emerald's,1
emerentia,1
emerita,1
emerson's,1
emigrant,1
emile,1
emiliania,1
emilius,1
emina,1
eminem's,1
eminshoven,1
emmanuelle,1
emmaus,1
emmerich,1
emmishofen,1
emmures,1
emojis,1
empedocles,1
emperador,1
empirewould,1
empiricus,1
emporio,1
empower,1
emptores,1
emrick,1
ems,1
emulating,2
emuna,1
enamul,1
enary,1
encarna,1
encarta,1
enchanting,1
enchota,1
encinas,1
enclave's,1
encomienda,1
encruzilhadas,1
encuentro,1
encyclopedia's,1
encyclosphere,1
end's,1
endemol,1
ender's,1
endingsesame,1
endocrinology,2
endolimax,1
endopterygota,1
endor,1
endospores,2
endosymbioses,1
eneco,1
energit,1
enesco,1
enescu,1
engadget,1
engaine,1
engano,1
engeki,1
engel,1
engelbart,1
engen,1
engjell,1
england's,1
englander,1
englands,1
englefield,1
englehorn,1
englund,1
engracia,1
enid,1
enix's,1
enkarmafied,1
enke,1
enkidu,1
enlai,1
enlargers,1
enna,1
ennahda,1
enneabatrachus,1
enneagram,1
ennepe,1
enney,1
ennor,1
enoch,1
enochian,1
enodoc,1
enoggera,1
enola,1
enols,1
enquiry,2
enron,1
ensamble,1
ensanha,1
ensete,1
enshrouded,1
enslavement,1
ensley,1
enso,1
ent'revues,1
entanglement,2
entebbe,1
enterbrain,1
entergy,1
enterobacteriaceae,1
enthusiasts,2
entierro,1
entish,1
entomological,1
entomologists,1
entoprocta,1
entrar,1
entre,1
entrenched,2
entrepreneurial,1
entrepreneurism,1
entwistle's,1
enver,1
environs,1
envoy,2
envy,2
enz,1
enzi,1
enzo,1
eohippus,1
eokainaster,1
eoleo,1
eoraptor,1
eorl,1
eormenburg,1
epaminondas,1
epatha,1
eperjas,1
epernay,1
ephialtes,1
epictetus,1
epicureanism,1
epicureans,1
epicurus,1
epidalea,1
epidemiologists,2
epimetheus,1
epiphany,1
epirotic,1
epirus,1
episcopalian,1
epistasis,1
epita,1
epitaph,1
epitech,1
epoque,1
eppinger,1
epple,1
eppur,1
epsilonproteobacteria,1
epworth,1
equatoria,1
equestria,1
equipping,1
equiv,1
equus,1
eraclea,1
erambu,1
eraser,2
eraserheads,1
erastus,1
erathu,1
eravipuram,1
erda,1
erdhausen,1
erding,1
erdman,1
erdmann,1
erebuni,1
erections,2
eredivisie,1
eremburge,1
eren,1
erenn,1
erethizontidae,1
erevia,1
erewash,1
erhard,1
eri,1
eriador,1
eridu,1
erie,1
eriksen,1
eriksson,1
erina,1
erinyes,1
erith,1
eriugena,1
erkki,1
erkyna,1
erlangen,1
erlanger,1
erlebtes,1
erlewine,1
erling,1
erlmann,1
ermine,1
ermington,1
ernakulam,1
ernestine,1
ernie,1
erode,2
erogeneity,1
eroica,1
eron,1
errey,1
erriapus,1
erroll,1
erscheinen,1
erstein,1
erster,1
erten,1
erumakkadu,1
eryk,1
eryops,1
erysimum,1
erythro,1
erythrosine,1
esaki,1
esau,1
esbjerg,1
esbon,1
escalus,1
escapist,1
escher,1
esclaves,1
escudo,1
escuelas,1
esdras,1
esenc,1
esfera,1
eshelman,1
eshwar,1
esidisi's,1
esipova,1
eskau,1
eski,1
esna,1
esoteric,1
espagnole,1
espanya,1
espanyol,1
esparza,1
espasa,1
espat,1
espectador,1
espenson,1
esperando,1
esperantists,1
esperanza,1
espinosa,1
esposito,1
esquerra,1
esquivel,1
essaouira,1
essentials,1
essjay,1
esslinge,1
essonne,1
estacion,1
estadio,1
estado,1
estafan,1
estatal,1
estavannens,1
esteban,1
estefan,1
estelada,1
estetichal,1
estignard,1
estonians,1
estopa,1
estoril,1
estrada,2
estrelas,1
estrellas,1
estrelleta,1
estrin,1
estuaries,2
estus,1
eszenyi,1
etah,1
etaro,1
ethelbald,1
ethnologue's,1
eticoop,1
etienne,1
etiennette,1
etihad,1
etna,1
etnofoor,1
etsuko,1
ettlinger,1
ettore,1
ettrick,1
etxegibel,1
etzikom,1
etzkorn,1
eubalaena,1
eubanks,1
eucalypts,1
eucla,1
euclid's,1
euclides,1
eucumbene,1
eudoxus,1
euechinoids,1
eugenius,1
eugeny,1
euglena,1
eulalie,1
eulenspiegel,1
euler,1
eulerian,1
eulogies,1
eulogio,1
eulogy,2
eupalinio,1
eupalinos,1
euphasmatodea,1
euphranor,1
euplerids,1
euproctus,1
euramerica,1
eurasia's,1
eurasians,1
euridice,1
eurobasket,1
eurotrip,1
euroa,1
euroasian,1
euroclear,1
eurocopter,1
eurodisney,1
euronymous,1
europa's,1
europalia,1
europas,1
europs,1
eurosonic,1
eurovison,1
eurypterus,1
eurystheus,1
eurythmics,1
eus,1
eusebius,1
eusibio,1
eustaquio,1
euston,1
euthanasia,2
eutheriodonts,1
evthreads,1
eva's,1
evades,1
evah,1
evan's,1
evanescence,1
evangelischer,1
evangelista,1
evangelistic,1
evangelized,1
evasion,2
evaz,1
eve's,1
evelin,1
evelina's,1
evelyn's,1
evene,1
evenki,1
evenks,1
evensong,1
everest's,1
everett's,1
everglades,1
evergreen,2
everman's,1
evernew,1
evers,1
everton's,1
everyman,1
everysing,1
evgeniy,1
evia,1
evian,1
evigan,1
evolutionsstrategie,1
evraziitsi,1
ewell's,1
ewes,1
ewing,1
ewoldson,1
ex's,1
excel,3
exacta,2
excalibur,1
excample,1
excelsiors,1
excise,1
executioner,2
exekutive,1
exellence,1
exempt,2
exergaming,1
exford,1
exhaustive,2
exhibitionism,1
exiles,2
eximius,1
exorcisms,1
expelling,2
explicating,1
exploratory,1
exponunt,1
expos,2
expounder,1
expresscard,1
expressionism,1
expressionist,1
expressways,1
exterminate,2
extramural,1
extremespeed,1
extremis,1
extremist,2
extremities,1
extrinsic,1
exuma,1
eyck,1
eyck's,1
eyespots,1
eyewitness,1
eyez,1
eyritania,1
eysenck,1
eywa,1
ezdan,1
ezov,1
f'bahar,1
faa,1
fai,2
fam,1
fao,1
faq,1
farc,1
fatca,1
fcc,1
fci,1
fco,1
fcsd,1
fct,1
fcw,1
fda,1
fdic,1
fdr's,1
feaa,1
fema,1
femen,1
fenics,1
ffar,1
ffsa,1
fh,1
fica,1
fids,1
fifa's,1
fimcap,1
fips,1
fira,2
fisa,1
fj,1
fl,1
flk,1
flamme,1
fmj,1
fnaf,1
fnb,1
foprel,1
forscom,1
fpus,1
fr,3
fraps,1
frg,1
fsf,1
fsf's,1
fsln,1
fsn,1
fso,1
fsv,1
ftm,1
ftp,1
fucked,1
fwa,1
fwd,1
fza,1
faaa,1
fabbiany,1
fabbri,1
fabiana,1
fabiano,1
fabio,1
fabiola,1
faboideae,1
fabrice,1
fabu,1
facilties,1
fackler,1
facolty,1
factoid,1
factuality,1
faddeev,1
fadhil,1
fadil,1
faering,1
fage,1
fagiani,1
fahd,1
fahri,1
fain,1
fairbanks,1
fairgrounds,1
fairhaven,1
fairlee,1
fairman,1
fairport,1
fairtrade,1
fairy's,1
fairytale,1
faithfull,1
fajardo,1
fajr,1
fakaofo,1
fakers,1
fakruddin,1
falafel,1
falconara,1
falconio,1
falk,1
falkholt,1
falklands,1
falkner,1
fallam,1
fallas,1
fallowfield,1
falmouth,1
falsafa,1
falsetto,1
faltering,1
fambridge,1
fameduring,1
famie,1
familia's,1
familija,1
famille,2
familysearch,1
famitsu,1
fan's,1
fanciers,1
fani,1
fanned,2
fannie,1
fanny's,1
fanshawe,1
fantasea,1
fantasie,1
fantasmas,2
fantasporto,1
fantastica,1
farage,1
faraon,1
farbauti,1
farben,1
farentino,1
farey,1
fargo,1
farhand,1
farid,1
farkasfalvy,1
farley,1
farley's,1
farmington,1
farmleigh,1
farnborough,1
farnese,1
farnham,1
farnon,1
farnsworth,1
faroese,1
farqueson,1
farquharson,1
farrah,1
farrenc,1
farris,1
farriss,1
farrugia,1
fars,1
farsund,1
fasan,1
fashioned,2
fashoway,1
fastiv,1
fastoon,1
fasts,1
fatah,1
fateful,2
fatemeh,1
fates,2
fathi,1
fatimid,1
fatone,1
fatrouni,1
fatt,1
fattest,1
faul,1
fauntroy,1
faure,1
fauset,1
faust's,1
fausto,1
faustus,1
favella,1
favorit,1
favoriten,1
favorone,1
favourites,2
favreau,1
fawn's,1
fax,2
faxian,1
faycelles,1
faylan,1
fays,1
fayzabad,1
fazal,1
fazbear,1
fazli,1
fazlul,1
fearfulness,1
feathertail,1
feb,1
fecal,1
fecamp,1
federale,1
federalism,2
federation's,1
federer,1
federline,1
fehrenbach,1
feiern,1
feiersinger,1
feigen,1
feiger,1
feighan,1
feininger's,1
feinstein,1
fekaris,1
felching,1
feldhofer,1
feldkirch,1
feldman's,1
feldmann,1
felicia,1
felicissimus,1
feliks,1
felipe's,1
felis,1
fellini,1
fellner,1
fellowes,1
felsberg,1
felting,1
femina,1
femoral,1
femtoengineering,1
fenby,1
fenchurch,1
fenders,2
fengning,1
feni,1
fenians,1
fenice,1
fenklup,1
fennoscandia,1
feodorovna,1
fer,1
ferber,1
ferchault,1
ferdinand's,1
fergusson,1
ferizaj,1
ferjani,1
ferland,1
fermat's,1
ferme,1
fermenting,1
fermi's,1
fermin,1
fernand,1
fernbrook,1
ferncliff,1
ferndale,1
ferndown,1
ferngas,1
fernsehen,1
fernvale,1
feroze,1
ferrand,1
ferrara,1
ferrari's,1
ferraris,1
ferraro,1
ferrers,1
ferrex,1
ferries,2
ferrigno,1
ferrodraco,1
ferrotrack,1
fertit,1
fertitta,1
ferus,1
fesperman,1
fessenden,1
festa,1
feste,1
fester,1
festina,1
festinger,1
festinger's,1
festivalbar,1
festivities,2
festo,1
festspielhaus,1
feta,1
fethiye,1
fetishists,1
fetisov,1
feto,1
fett,1
fettuccine,1
fetty,1
feuchtwanger,1
feudatory,1
feuerbach,1
feuerstein,1
fewster,1
feydeau,1
feynman,1
feynman's,1
fiachnae,1
fiastrone,1
fiat,1
fibonacci,1
fibromyalgia,1
fichelscher,1
fick,1
fico's,1
fictions,1
fidaa,1
fidan,1
fiddleheads,1
fiddler's,1
fidelissima,1
fidelity,2
fidenas,1
fidget,1
fidoo,1
fieldhouse,2
fiend,1
fietspad,1
fifer,1
fifi,1
figaredo,1
figgle,1
figueiredo,1
figueroa,1
fiji's,1
fila,1
filament,2
filaret,1
filchner's,1
filer,2
filial,1
filiu,1
filli,1
fillmore,1
filly,1
filmproduktion,1
filmwave,1
filmyard,1
filth,1
filthy,1
fimognari,1
finalscratch,1
finan,1
finanzgerichte,1
finbar,1
finborough,1
finchingfield,1
finesse,1
finestone,1
finguerra,1
finials,1
finitism,1
finke,1
finkelstein,1
finn's,1
finnerty,1
finnes,1
finnhorses,1
finnix,1
finnmark,1
finntroll,1
finsbury,1
finstad,1
finster,1
fiore,1
fiorindo,1
fiorita,1
firdous,1
firebending,1
firefighting,1
firefox,1
fireman,1
firepaw,1
firestar,1
firetails,1
firewalls,2
firma,1
firme,1
firmin,1
firstbourne,1
fischbacher,1
fischenthal,1
fischer's,1
fishman,1
fishponds,1
fisht,1
fistees,1
fitow,1
fittest,1
fitze,1
fitzgerald's,1
fitzhagen,1
fitzsimons,1
fiumi,1
fizzco,1
fizzco's,1
fjord,1
fjordane,1
flacara,1
flack,1
flagler,1
flagstaff,2
flairs,1
flakstad,1
flambertenges,1
flamborough,1
flamingo,2
flamingos,1
flaminius,1
flammability,1
flanagan,1
flandreau,1
flannery,1
flashfoward,1
flatline,1
flavin,1
fleance,1
fleischer's,1
fleischmann,1
flemings,1
flensburg,1
flesch,1
fletcher's,1
flevo,1
flicka,1
fliess,1
flightdeck,1
flinging,2
flinn,1
flint's,1
flintlocks,1
flintstones,2
flipbook,1
flipped,2
flirtation,1
flitter,1
flo,1
flodden,1
floodgap's,1
floorball,1
floorboards,1
floorless,1
flop,2
flopper,1
flops,1
florensky,1
florentin,1
florette,1
florianus,1
floridian,1
florin,2
florizel,1
flotillas,1
flotsam,1
flourens,1
flower's,2
fludd,1
fluffernutter,1
flugabwehrkanone,1
fluidics,1
fluidized,1
flushed,2
fluss,1
fluttershy,1
fluxus,1
fluxys,1
flybe,1
flycatchers,2
folar,1
foaie,1
focaccia,1
foch,1
focolare,1
fodor,1
fodor's,1
fogle,1
fogo,1
foillan,1
fokker,1
foley's,1
folge,1
foligar,1
folkeblad,1
folketing,1
folkets,1
folkteatern,1
folkwang,1
follum,1
folsey,1
folsom,1
folyamatos,1
fomboni,1
fonda,1
fondation,1
foner,1
fongafale,1
fontevraud,1
fonteyn,1
fontova,1
fonzie,1
foo,2
foolishness,1
foop,1
foosball,1
fora,1
foraging,2
foral,1
forbury,1
forcalquier,1
forchtenberg,1
ford's,1
fordham,1
fordun,1
forensic,1
foreplay,1
foreshortened,1
forestdale,1
forging,1
forleo,1
forlimpopoli,1
forman,1
formby,1
formentini,1
formigas,1
formosa,1
formoso,1
fornaci,1
forneri,1
forrestal,1
forsberg,1
forster,1
forstmann,1
fortabbas,1
fortaleza,1
fortas,1
forte,1
fortran,1
fortunati,1
fortune's,1
forza,1
foscari,1
foskey,1
fosse,1
fossett,1
fota,1
fotbal,1
fotovich,1
foubert's,1
fouga,1
fouladvand,1
foulfellow,1
foundas,1
founder's,2
fountainhead,1
fowke,1
fowles,1
foxe,1
foxy,1
foy,1
foyle,1
fpu,1
fracasse,1
fractals,1
fraggle,1
fraggles,1
fragonset,1
frai,1
fraktion,1
fram,1
framlingham,1
framus,1
franca,1
francais,1
franceuil,1
franceville,1
franciosa,1
francisella,1
francker,1
francolin,1
francon,1
francophone,1
francophonie,1
francorum,1
franjo,1
frankem,1
frankee,1
frankenheimer,1
frankenmusic,1
frankensteiner,1
frankia,1
frankish,1
frankland,1
franklin's,1
franko,1
frankreich,1
franks's,1
franksgiving,1
frankston,1
frans,1
franxx,1
franza,1
franzinelli,1
frappe,1
fraserburgh,1
frasier,1
frasin,1
frasses,1
fratelli,1
frateschi,1
frau,1
frauenfeld,1
frauenliebe,1
fraunce,1
frawley,1
fraxinus,1
frazier,1
freaky,1
freckled,1
freddy's,1
fredegund,1
fredericksburg,1
frederiction,1
frederika,1
fredholm,1
fredman,1
fredrik,1
fredward,1
freebsd,1
freedive,1
freedman,1
freeform,2
freeholders,1
freeman's,2
freese,1
freespire,1
freestar,1
freestate,1
freeview,1
freeways,2
freewheelin,1
freiberger,1
freichfras,1
freidkin,1
freie,1
freising,1
freitas,1
frelimo,1
frelinghuysen,1
fremantle,1
fremen,1
frenais,1
frenchie,1
frerichs,1
freshfields,1
fretilin,1
fretwork,1
freundschaft,1
freyberg,1
freyr,1
freyr's,1
friant,1
fribourg,1
friday's,1
fridge,2
friedenberg,1
friedensreich,1
friedland,1
friedrichshall,1
friel,1
frieri,1
friesland,1
frigg,1
frigg's,1
frigo,1
frisch,1
frisk,1
fritz's,1
friulani,1
frizzell,1
frodo's,1
froggy,1
frogman,1
frogmore,1
frogstomp,1
frolov,1
fromsoftware,1
fromageries,1
froman,1
fromelles,1
fromont,1
fronsac,1
frontpage,1
frontroseat,1
frontinus,1
froom,1
froschhausen,1
frosine,1
frosts,2
frottage,1
frozone,1
fruitarians,1
frunk,1
frunzik,1
frusciante,1
frusciante's,1
fry's,1
fryazino,1
frydman,1
frye,1
frysk,1
fryszer,1
ftouh,1
fualaau's,1
fucheng,1
fucking,2
fud,1
fudge,1
fuente,1
fuentes,1
fuera,1
fuerteventura,1
fuerzas,1
fugazi,1
fugitivo,1
fugues,1
fuhrerbunker,1
fujiko,1
fujioka,1
fujisaki,1
fujitani,1
fujitsu,1
fukase,1
fuke,1
fukudome,1
fulbert,1
fulci's,1
fulda,1
fulham,1
fulla,1
fullinwider,1
fullmer,1
fulminant,1
fultz,1
fumimaro,1
fumio,1
funabashi,1
funda,1
fundania,1
fundy,1
funen,1
funhouse,1
funicello,1
funky,2
funnel,2
funnies,1
funtown,1
fuoss,1
fuqua,1
furata,1
furbish,1
furcolo,1
furies,1
furnas,1
furness,1
furphy,1
furs,2
fursten,1
fursuits,1
furuhashi,1
furze,1
fusarium,1
fuscospora,1
fushigi,1
fusilier,1
fussli,1
futari,1
futhark,1
futsal,2
futura,1
futurama,1
futurist,1
futuroscope,1
futuyma,1
fuwa,1
fuxi,1
fuzon,1
fuzoroi,1
fydd,1
fyn,1
fyre,1
g'kek,1
gaa,1
gainey,1
gana,1
gatfpress,1
gbc,1
gbl,1
gcacic,1
gce,1
gcerf,1
gcf,1
gcie,1
gcih,1
gcon,1
gcs,1
gcse,1
gcsi,1
gcv,1
gd,1
gdc,1
gdi,1
gdpr,1
gec,1
gee,2
gelp,1
georgivs,1
gerd,2
gfps,1
gfr,1
gfs,1
ghq,1
gic,1
gid,1
gign,1
gip,1
gk,1
gla,1
glc,1
gli,1
glados's,1
gmc,1
gmc's,1
gmmr,1
gmr,1
gms,1
gnaa,1
gnd,1
gnida,1
gntcu,1
gord,1
gosh,1
gpoi,1
gpu's,1
grt,1
gsi,1
gsn's,1
gssp,1
gtaw,1
gtl,1
gto,1
gts,1
gwar's,1
gwr,1
gx,1
gaas,1
gadima,1
gabala,1
gabari,1
gabbar,1
gabbiar,1
gabbit,1
gabe's,1
gaberones,1
gabin,1
gable,1
gable's,1
gablenz,1
gabler,1
gables,2
gabonese,1
gaborone's,1
gabrain,1
gabriela,1
gabrielsen,1
gabry,1
gach,1
gackt's,1
gacktjob,1
gacy's,1
gadaffi,1
gadajata,1
gadd,1
gaddafi,1
gaddafi's,1
gaddi,1
gade,1
gadenne,1
gadgetmobile,1
gadid,1
gadilam,1
gadjah,1
gadoon,1
gadot,1
gaekwad,1
gael,1
gaelscoileanna,1
gaesomoon,1
gaetz,1
gagah,1
gagarin's,1
gager,1
gagini,1
gagnon,1
gagudju,1
gah,1
gahadwal,1
gahanama,1
gai,2
gaidens,1
gaido,1
gail,1
gaiman,1
gainax,1
gainsborough,1
gaio,1
gajaarohana,1
gajanan,1
gajdusek,1
gakko,1
gakooch,1
gaku,1
gakuin,1
galadriel,1
galahad,1
galahad's,1
galan,1
galang,1
galanos,1
galas,1
galatians,1
galbana,1
galbatorix,1
galbraith,1
gale's,1
galeb,1
galen,1
galen's,1
galena,1
galenskaparna,1
galeras,1
galeria,1
galeries,1
galery,1
galette,1
galia,1
galidia,1
galifianakis,1
galigo,1
galil,1
galil's,1
galim,1
galina,1
galis,1
galiwin'ku,1
galizia,1
gallant,2
gallaspy,1
gallatin,1
galleh,1
gallen,1
gallente,1
galleon,1
galleons,1
gallery's,1
galliano,1
gallic,1
gallico,1
gallimimus,1
gallop,1
gallup,1
gallyamov,1
galois,1
galtung,1
galvani,1
gam,1
gamage,1
gamal,1
gambia,1
gamble,2
gambrinus,1
gamburtsev,1
gamecrate,1
gamecube's,1
gamepro,2
gamestop,1
gametrailers,1
gamebooks,1
gameforge,1
gameloft,1
gamer's,2
gamester,1
gamification,1
gamju,1
gamova,1
gampi,1
gampo,1
gampopa's,1
gamzatov,1
gan,1
ganapati,1
ganas,1
ganassi,1
ganbare,1
ganbaru,1
ganda,1
ganden,1
gandhara,1
gandolfini's,1
gandotra,1
ganesan,1
ganeshi,1
gangas,1
gangothri,1
gangplank,1
gangwon's,1
ganj,1
ganji,1
gann,1
gannett,1
ganpati,1
gansus,1
ganthier,1
gantz,1
gantz's,1
ganymede,1
ganzhou,1
gaoranger,1
gara,1
garabito,1
garafola,1
garafulic,1
garahni,1
garam,1
garance,1
garanus,1
garber,1
garbo,1
gardai,1
gardners,1
gardone,1
gardstein,1
garen,1
gariba,1
garifuna,1
garland's,1
garmadon,1
garner's,1
garnett,1
garnett's,1
garnsey,1
garon,1
garrido,1
garriga,1
garrity,1
garrix,1
garrix's,1
garros,1
garryowen,1
garside,1
garside's,1
garter,2
garth,1
gartner,1
garuda,1
garudanaag,1
garvey,1
garvey's,1
garvin,1
garwolin,1
garza,1
gaslink,1
gasai,1
gascon,1
gascoyne,1
gashi,1
gaskell,1
gasol,1
gasolina,1
gaspar,1
gasparyan,1
gasquet,1
gassman,1
gaste,1
gaston's,1
gastornis,1
gastroenterological,1
gatchell,1
gateless,2
gates's,1
gateways,1
gatica,1
gatos,1
gatsby's,1
gattegna,1
gatty,1
gau,1
gaudeshwar,1
gaughan,1
gaugin's,1
gauliga,1
gaultheria,1
gaults,1
gaunnes,1
gaunt,1
gaur,1
gaute,1
gavialis,1
gaviota,1
gaviria,1
gavutu,1
gawad,1
gay's,1
gayaan,1
gayatri,1
gayi,1
gayndah,1
gazdar,1
gazeteer,1
gazzaniga,1
gazzetta,1
gbagyi,1
gbangbatoke,1
gbowee,1
gdolei,1
geforce,1
geadephaga,1
gear's,1
gearbox,2
geats,1
gebeyehu,1
gebhard,1
gebouw,1
geddes,1
gedid,1
gediminas,1
geek,1
geelong's,1
geely,1
geeta's,1
geetika,1
geezer,1
gegenschatz,1
gehard,1
gehrig's,1
geilo,1
geils,1
gein's,1
geisler,1
gelb,1
gelber,1
geldi,1
gelendzhik,1
gelfand,1
gelgotas,1
geller,1
gellibrand,1
gelmets,1
gelo,1
gemara,1
gemeindeammann,1
gemlik,1
gemma,1
gemonian,1
gemstones,2
genale,1
genasis,1
genbaku,1
gendarme,1
gendron,1
genealogy,1
genentech,1
geneon,1
generalis,1
generall,1
generalmusikdirektor,1
generaloberst,1
geneseo,1
genetical,2
gengo,1
genin,1
geniuses,2
genlis,1
gennett,1
genrie,1
genthe,1
gentil,1
gentile,2
gentiles,1
genzano,1
geochemistry,1
geoffery,1
geoffness,1
geoffrey's,1
geoffrion,1
geoffroy's,1
geograficheskie,1
geok,1
geometrically,2
geomonoreum,1
geonosis,1
geophysics,1
georgette,1
georgiades,1
georgians,1
georgie,1
georgiev,1
georgist,1
georgius,1
georgy,1
geoscience,1
geotrupidae,1
gephardt,1
geppo,1
gerais,1
gerald's,1
geraldine,1
geraldo,1
gerards,1
gerbert,1
gereformeerde,1
gericke,1
gerini,1
german's,1
germanair,1
germanium,2
germano,1
germanys,1
germeny,1
germon,1
gerners,1
gernsback,1
gernsback's,1
gero,1
gerona,1
geronimo's,1
gerontius,1
gerrard,1
gershwin's,1
gerst,1
gertrude's,1
gerty,1
gerunds,1
gervais,1
gervasio,1
geryon's,1
gesela,1
gesetz,1
gestis,1
gettv,1
getcha,1
getliffe,1
gettyguide,1
geva,1
gevaert,1
gewiss,1
gewisse,1
gewog,1
gey,1
geylang,1
geyr,1
gezelle,1
gezelle's,1
ghallab,1
ghan,1
ghana's,1
ghanaian,1
ghar,1
ghatak,1
ghaut,1
ghazali,1
ghazi,1
ghebaleh,1
gheorghe,1
gherardi,1
gherasim,1
ghermezians,1
ghiath,1
ghibellines,1
ghibli,1
ghidorah,1
ghilzai,1
ghirlandaio,1
ghoghla,1
ghora,1
ghori,1
ghormley,1
ghostbusters,1
ghoul,2
ghraib,1
ghukasyan,1
ghul's,1
ghurghusht,1
ghuzz,1
gib,1
giacomin,1
gial,1
gianforte,1
giannina,1
giano,1
giao,1
gibbler,1
gibertini,1
gibichungs,1
gibney,1
gibswil,1
gidan,1
giddra,1
gidir,1
gidzenko,1
giedrius,1
gielgud,1
giemsa,1
gierek,1
gies,1
gieten,1
gifa,1
giffen,1
gifu,1
gigante,1
giggly,1
giglio,1
giglioti,1
gigout's,1
gijon,1
gijutsu,1
gila,1
gilan,1
gilani,1
gilani's,1
gilby,1
gilder,1
giles's,1
gilibestdeal,1
giliw,1
gill's,1
gillain,1
gillan,1
gillani,1
gillette,1
gillian's,1
gilliard,1
gillis,1
gillom,1
gillray,1
gilman,1
gilmour's,1
gilot,1
gimbat,1
gimhae,1
gimli,1
gimme,1
gimnasia's,1
gina,1
ginetta,1
gini,1
ginn's,1
ginny,1
gino,1
ginsberg's,1
ginta,1
ginta's,1
ginu,1
ginuwine,1
ginyu,1
gio,1
gioachino,1
gioconda,1
gioffre,1
giorgia,1
giorgione,1
giorno,1
giotti,1
gipuzkoa,1
giraffe,1
giraffes,1
giraldo,1
giravanz,1
girga,1
giric,1
giric's,1
girlfight,1
girondins,1
girondis,1
giroud,1
gisbert,1
gish,1
git,1
github,1
gitanjali,1
gitlin,1
gitlow,1
gitto,1
giudicelli,1
giurgiu,1
giv's,1
givaudan,1
giver,1
giverny,1
giyur,1
giza,1
gizmo,1
gjerset,1
glaciological,1
glades,1
gladkova,1
gladwin,1
glaedr,1
glaise,1
glanaman,1
glandular,1
glaser,1
glass's,1
glassboro,1
glastonbury,1
glatz,1
glatzer,1
glaucoma,1
glavic,1
glean,1
gleason,1
gleb,1
gleichen,1
gleijer,1
glen's,1
glendale,1
glendening,1
glenhope,1
glens,1
glenstone,1
glenville,1
gleyre,1
glezos,1
glider's,1
gliders,2
gliese,1
glinde,1
glinka,1
glinsky,1
globalized,1
globish,1
glock,1
glogau,1
glomgod,1
glomgold,1
glomgold's,1
gloriette,1
glorieuses,1
glossop,1
glottolog,1
glucagon,1
gluck's,1
glukkons,1
gluringen,1
glusman,1
glybera,1
glycerol,1
glyn's,1
glyndwr's,1
glynn,1
gmbh,1
gmunden,1
gnaeus,1
gnarly,1
gnasher,1
gnassingbe,1
gnasty,1
gnetum,1
gniezno,1
gnossiennes,1
goremote,1
goalkeepers,2
goan,1
gobat,1
gobbos,1
gobena's,1
gobert,1
gobierno,1
gobind,1
goble,1
gobryas,1
gobulo,1
goch,1
godar,1
godavari,1
godber's,1
goddamned,1
godefroot,1
godejohn,1
godfather,2
godfried,1
godhay,1
godhood,1
godley,1
godse,1
godsend,1
godsmack,1
godspeed,1
godspell,1
godwin,1
godwinns,1
godzilla's,1
goebbels,1
goede,1
goeku,1
goerlitz,1
goethem,1
goetia,1
gof,1
goffaert,1
gog,1
gogarty,1
gogeta,1
gogo,1
gogoi,1
gogol,1
goguryeo,1
goh,1
goha,1
gohpur,1
goi,1
goi's,1
goiana,1
goicoechea's,1
goidelic,1
goisern,1
gojra,1
gokongwei,1
gokstad,1
gokusen,1
golaghmuli,1
golani,1
golani's,1
goldsrc,1
goldani,1
goldbergs,1
goldenson,1
goldfield,2
goldfinger,1
goldfinger's,1
goldhunters,1
golding,1
goldsmiths,1
goldwater's,1
golfo,1
goliath,2
goliathon,1
golkar,1
golkonda,1
golliwogs,1
gollmar,1
golos,1
golovnin,1
goltermann,1
gomal,1
gombos,1
gomer,1
gomillion,1
gommier,1
gomorrah,1
gomphotherium,1
gon,1
gona,1
gonadotropins,1
gonadtropins,1
gonatas,1
gondal,1
gondwanaland,1
gonerby,1
gong's,1
gongdisi,1
gonghye,1
gongmen,1
gonnikoppa,1
gonthier,1
gontier,1
gonzales,1
goo,2
goobang,1
goodall,1
goodby,1
goodbyes,1
goode,1
gooden,1
gooderson,1
goodfather,1
goodfellas,1
goodie,2
goodland,1
goodloe,1
goodly,1
goodooga,1
goodwin,1
goodwyn,1
goodyear,1
goof,1
googleplex,1
goolaerts,1
goolagong'of,1
goomba's,1
goomer,1
goon,1
goonetilleke,1
goonhilly,1
goons,2
goosebumps,1
goosefeather,1
goostave,1
gopak,1
gopal,1
gopala's,1
gopaldas,1
gopallawa,1
gophers,2
gopi,1
gopnik,1
goppisberg,1
gopu,1
gor,1
gorakhpur,1
gorda,1
gordian,1
gordini,1
gorgan,1
gorgatti,1
gorgeous,2
gorgias,1
gorgos,1
gorham,1
goriasu,1
gorinchem,1
goring,1
gorkha,1
gorkhali,1
gorky,1
gorky's,1
gorm,1
gormandale,1
gormley's,1
gornji,1
gorodnichenko,1
gorseinon,1
gorsky,1
gorsty,1
goryachkin,1
gosau,1
gosbeck,1
goschen,1
gosforth,1
goshen,1
gospelbeach,1
goten,1
goth's,1
gotha,1
gothart,1
gothorum,1
gotlieb,1
gotouge,1
gott,1
gottfriedingerschwaige,1
gotthelf,1
gotti,1
gottingen,1
goubuli,1
goudge,1
goulbi,1
goulding,1
goundamani,1
gourdon,1
gourley,1
gourock,1
govan,1
gove,1
goverment,1
governo,1
governorates,2
govinda,1
govindaji,1
govindapala,1
govindapur,1
govindpura,1
govt,1
gower,1
gowing,1
gown,2
gowna,1
gowon,1
gowri,1
goycochea,1
goyon,1
gozel,1
gozen,1
gozyumov,1
graaf,1
graaff,1
graber,1
grabowiecki's,1
gracchus,1
grach,1
gracias,1
gracie's,1
gradin,1
gradina,1
grado,1
graeme,1
grafeneck,1
graffigna,1
graffin,1
grahame,1
gramado,1
gramedia,1
grammer,1
grammis,1
grampa,1
grampian,1
gramsh,1
granados,1
granat,1
granda,1
grande's,1
grandma's,1
grandseigne,1
granger,1
grangerfords,1
granit,1
granjo,1
granlund,1
granning,1
granny's,1
granter,1
grantley,1
graphing,2
grappe,2
grasse,1
grasshopper,1
grassi,1
grathwohl,1
gratin,1
grattage,1
grattan,1
gratz,1
grau,1
graupel,1
gravediggaz,1
gravelotte,1
gravemind's,1
gravesend,1
gravina,1
gray's,1
graypaw,1
grays,1
grayson,1
graystripe,1
graziano,1
greand,1
greasers,2
grecia,1
greece's,1
greef,1
greely,1
greenbaum,1
greenberg,1
greenbush,1
greencastle,1
greener,2
greenest,2
greenfield,2
greenhill,1
greenlaw,1
greenleaf,1
greenpeace,1
greenridge,1
greensboro,1
greenville's,1
greenwald,1
greenway,1
gregoire,1
gregorio,1
gregson,1
greich,1
greig,1
greinke,1
grenadian,1
grenadiers,1
grenfell,1
grenilles,1
grenoble,1
grenville's,1
grese,1
gresh,1
gresham,1
gresley,1
gretsky,1
gretzky's,1
grevilleoideae,1
grevin,1
grewgious,1
greylag,2
greysouthen,1
griaznoi,1
griaznoy,1
grieg's,1
griff,1
griffel,1
griffins,1
griffith's,1
griffiths,1
griffo,1
griflet,1
grigori,1
grigory,1
grigoryan,1
grillo,1
grillot,1
grim,2
grimmauld,1
grimms,1
grimms's,1
grimsel,1
grinberg,1
gringgay,1
grinling,1
grinstead,1
grisham,1
grisi,1
grisi's,1
griswell,1
grizabella,1
grizzled,1
grizzy,1
groce,1
grocers,1
groebli,1
grofe,1
groff,1
grohl,1
grommerch,1
gronemus,1
groningen,1
grook,1
grooms,2
groot,1
gropiusstadt,1
grosse,1
grossenhain,1
grosseto,1
grossfeld,1
grossi,1
grossmann,1
grossness,1
grosz,1
grote,1
grote's,1
groton,1
grottoes,1
groundhog,2
groundsman,1
groundstar,1
groupon,1
grover's,1
growlers,1
grrrl,1
grube,1
gruber's,1
gruby,1
grudge,2
grueber,1
gruel,2
gruen,1
gruennel,1
grunsfeld,1
gruntilda,1
gruntilda's,1
gruntz,1
grup,1
grus,1
gruyter,1
gruza,1
gruzinskaya,1
gry,1
gryffindors,1
gryphon,2
grzegorz,1
guadalajara,1
guadalquivir,1
guaimar,1
guaira,1
guanare,1
guangxu,1
guangzhou's,1
guanshiyin,1
guaramito,1
guarani,1
guardasoni,1
guardsmen,1
guarini,1
guatavita,1
guatemalan,1
guatuzos,1
guava,1
guaviare,1
guayaquilean,1
gubaidulina,1
gudang,1
gudegast,1
gudit,1
gudovich,1
guek,1
guennol,1
guernsey,2
guerrera,1
guerreros,1
gugelmin,1
gugsa,1
guhathakurta,1
guianas,1
guignier,1
guil,1
guilfoyle,1
guilin,1
guillen's,1
guillermin,1
guillermo's,1
guimond,1
guin's,1
guindy,1
guineans,1
guinee,1
guiness,1
guiyang,1
guiyi,1
gujerab,1
gujrat,1
gul,2
gulbarga,1
gulbuddin,1
guld,1
guldbagge,1
guldklaven,1
gulfstream,1
gulkin,1
gulli,1
gullibles,1
gulp,1
gulu,1
gumdrop,1
gumi,1
gummel,1
gump,1
gunaga,1
gund,1
gundaroo,1
gundlack,1
gundoald,1
gundogs,1
gundungurra,1
gunfight,2
gunilla,1
gunk,1
gunmen,2
gunn,1
gunnerside,1
gunnerson,1
gunning,1
gunningham,1
gunslinger,1
gunsmoke,1
gunung,1
gunvor,1
guomindang,1
guozhen's,1
gupt,1
guptas,1
gurangatch,1
guratba,1
gurati,1
gurbanov,1
gurchenko,1
gurdjieff's,1
gurewitz,1
gurindji,1
gurjara,1
gurk,1
gurls,1
gurnard's,1
gurnett,1
guroo,1
gurov,1
gurrumul,1
gusaling,1
gusau,1
gustavsson,1
gutaeng,1
guterres,1
guthega,1
guthlac,1
guthrum's,1
gutkind,1
gutkind's,1
gutrune,1
guts,1
guttenberg,1
gutterballs,1
guttmann,1
gutzeit,1
guwahati,1
guyana,1
guyer,1
guyi,1
guylian,1
guynn,1
guzman,1
gwalchmei,1
gwangi,1
gwangju,1
gwansun,1
gwbert,1
gwendolen,1
gwendolyn,1
gwernol,1
gwijangge,1
gwinnett,1
gwna,1
gwyneth,1
gxgxe,1
gyalwang,1
gyan,1
gyanendra,1
gyare,1
gyarvi,1
gyatso,1
gyele,1
gyeogju,1
gyeongbok,1
gyeongbokgung,1
gyeonghuigung,1
gyeongju,1
gyeongseong,1
gyffes,1
gygax,1
gyges,1
gyldendal,1
gyllenhammar,1
gym,2
gymnasiums,2
gymnastin,1
gyorin,1
gyosannobu,1
gypaetinae,1
gyrd,1
gyroscopes,1
gysi,1
h'bia,1
harps,2
hasss,1
hatnet,1
hbc,1
hbk,1
hbot,1
hcd,1
hcmv,1
hcv,1
hcl,1
hclo,1
hdf,1
hdi,1
hdl,1
hdp,1
hdpe,1
hdtv,1
hdz,1
heattech,1
heb,1
hecd,1
hfa,1
hfa's,1
hfc,1
hgnc,1
hgp,1
hh,1
hial,1
hil,1
hipc,1
hiwis,1
hj,1
hl,1
hlf,1
hmas,1
hmcs,1
hmr,1
hmv,1
hnic,1
hocl,1
hoec,1
hok,1
hpi,1
hq,1
hr,1
hrt,1
hsbc,1
hsc,1
hsk,1
hsp,1
hss,1
htc,1
htm,1
https,1
huac,1
hvac,1
hvls,1
hwa,1
ha'uma,1
ha'penny,1
ha's,1
hameforash,1
hanoar,1
haomer,1
haoved,1
haseul,1
hasharon,1
hashem,2
haa,1
haab,1
haagsche,1
haahr,1
haan,1
haasse's,1
haavik,1
habana,1
habar,1
habbo,1
habeas,2
habelschwerdt,1
haber's,1
habermas,1
habibullah,1
habte,1
hacettepe,1
hachiji,1
hachioji,1
hachmeister,1
hacking,1
hackney,1
hacky,1
hadamar,1
hadassah,1
hadawanaa,1
haddad,1
haddam,1
haddocks,1
haddy,1
hadhrami,1
hadith,2
hadjuk,1
hadlee,1
hadleigh,1
hadrian,1
hadriyah,1
hadron,2
hadsund,1
haeahk,1
haeckel's,1
haedo,1
haekel's,1
haemosporinidae,1
haendel,1
haethlega,1
hafermann,1
hafsids,1
hafstrom,1
haga,1
hagaboda,1
hagari,1
hageman,1
hagerstown,1
haggin,1
hagman,1
hagon,1
hagoods,1
hagoromo,1
hagos,1
hagrus,1
haha,1
hahm,1
hahoe,1
haida,1
haidian,1
hailakandi,1
hain,1
hainan,1
hainburg,1
hainhausen,1
haiphong,1
hairdresser,2
haiti's,1
haitians,1
haitien,1
haiyan,1
hajiro,1
hajiro's,1
hajjah,1
hakata,1
hakeem,1
hakiman,1
hakka,1
hakobyan,1
hakodate,1
hakuchi,1
hakuouki,1
halahala,1
halberstadt,1
halberstadts,1
halcyon,1
haldane's,1
haldeman,1
haldia,1
halema,1
halesworth,1
haliburton,1
halickie,1
halidon,1
halimah,1
halkett,1
halla,1
hallamshire,1
hallasan,1
hallbystugan,1
halleck,1
hallelujah,1
halley's,1
hallie,1
hallier,1
hallin,1
hallmark,1
hallowell,1
hallowell's,1
hallstatt,1
halltown,1
hallucinogens,2
halmstad,1
haloalkanes,1
halogens,1
halpern,1
halpin's,1
halsey's,1
halstead,1
haltikon,1
haltunen,1
halvdan,1
halvdansson,1
halwai,1
hama,1
hamada,1
hamadou,1
haman,1
hamana,1
hamasaki,1
hambantota,1
hamblin,1
hamburglar,1
hamedan,1
hamel,1
hamels,1
hamford,1
hamgyong,1
hamidi,1
hamill,1
hamish,1
hamite,1
hamlin,1
hamm,1
hammadi,1
hammann,1
hammel,1
hammer's,1
hammerscale,1
hammersmith,1
hammerstein,1
hammett's,1
hammons,1
hamoaze,1
hamran,1
hamrozi,1
hamry,1
hamsini,1
hamtaro,1
hamtramck,1
hamzat,1
hanafis,1
hanako,1
hanami,1
hanamichi's,1
hanamuke,1
hanbalis,1
hanbury,1
handbasket,1
handbuch,1
handerson,1
handgun,2
handial,1
handicapped,1
handlebars,1
handmade,1
hane,1
haneta,1
hangeul,1
hanghil,1
hangover,1
hangzhou,1
hanif,1
hanif's,1
hanji,2
hanju,1
hankar,1
hankasalmi,1
hankerson,1
hankyu,1
hanley,1
hanlon,1
hanne,1
hannoversch,1
hannoverscher,1
hanoi,1
hanratty,1
hansard,1
hanseatic,1
hanseong,1
hansestadt,1
hanshu,1
hanslick,1
hants,1
hanukkah,1
hanwha,1
hanyang,1
hanyu's,1
hanz,1
hanzei,1
hanzei's,1
hanzha,1
haobam,1
haopam,1
haparanda,1
hapoel,1
haptic,1
haq,1
haque,1
harada,1
harada's,1
haradrim,1
haraldr,1
haraldsson,1
harambasic,1
haraoba,1
harbater,1
harburg,1
hardanger,1
hardball,1
hardberger,1
hardcover,1
hardee's,1
hardella,1
harding's,1
hardtner,1
hardwick,1
hardy's,1
haregi,1
harel,1
harelbeke,1
harford,1
hargett,1
hargraves,1
harianboho,1
harihara,1
harikesari,1
harisiddhi,1
harith,1
haritikar,1
hariyali,1
harju,1
harlin,1
harlots,1
harlow,1
harlowton,1
harman,1
harmer,1
harmsworth,1
harmukh,1
harner,1
harney,1
harney's,1
harnizo,1
harnizos,1
harold's,1
haroldo,1
harpercollins,1
harpocrates,1
harpoon,2
harpur,1
harrels,1
harrelson's,1
harricana,1
harrier's,1
harrismunfakh,1
harrogate,1
harron,1
harroun,1
harrowden,1
harryhausen,1
harryhausen's,1
harshad,1
harthacanute,1
harthacnut's,1
harti,1
hartington,1
hartland,1
hartlepool,1
hartmut,1
hartnell,1
hartnett,1
hartsdale,1
hartsfield,1
hartup,1
hartwig,1
harty,1
hartzog,1
haruko,1
harvey's,1
harvick,1
harvie,1
harwood,1
harz,1
hasay,1
hasegawa,1
hashemite,1
hashian,1
hashida,1
hashimoto,1
hashmi,1
hasidic,1
hasidism,1
haskil,1
hasleton,1
hasmonean,1
hasmukh,1
hassall,1
hassam,1
hassard,1
hasse,1
hassen,1
hassett,1
hassher,1
hassing,1
hasso,1
hasta,2
hasten,2
haswell,1
hatake,1
hatchet,1
hatful,1
hatikvah,1
hatim,1
hatoyama's,1
hatsumi,1
hatsuno,1
hatter,1
hatti,1
hattians,1
hattie,1
hattori,1
hattrick,1
hattuvaara,1
haudenosaunee,1
haugaard,1
haugen,1
haugesund,1
haughey,1
haughhh,1
haughley,1
haukkasalo,1
hauksson,1
haul,2
haurei,1
hausa,1
haut,1
haute,2
hava,1
havaianas,1
havana's,1
havasu,1
havel,1
havelock,1
haverstock,1
haverthwaite,1
haverty,1
havighurst,1
havre,1
hawazeen,1
hawes,1
hawkesbury,1
hawkeyes,1
hawkshead,1
hawksmoor,1
hawliyat,1
hax,1
hayat,1
hayate,1
haydn's,1
hayflick,1
hayle,1
hayler,1
hayles,1
haymes,1
haymitch,1
hayom,1
hayrapetyan,1
hayrenik,1
hazama,1
hazel's,1
hazelius,1
hazeltine,1
hazem,1
hazen,1
hazera,1
hazikaron,1
hazleton,1
he'll,1
headlam,1
headless,1
headphones,2
headrow,1
headteacher,1
healesville,1
heapsongs,1
heapsort,1
hearn,1
hearne,1
heartache,1
heartbeat,2
heartbreakers,1
hearthfire,1
hearths,1
heartsong,1
heather's,1
heatherpaw,1
heatherside,1
heathery,1
heaton,1
heatseekers,1
heaux,1
heaved,1
heavenly,1
hebe,1
hebei,1
hebel,1
hebenstreit,1
hebrews,1
hecate's,1
hechler,1
hecho,1
hecht,1
hecker,1
heckler,1
hedareb,1
hedayati,1
hedberg,1
hedda,1
hedgeland,1
hedin,1
hedison,1
hednesford,1
hedwig,1
hee,1
heebs,1
heechul,1
heechul's,1
heemskerck,1
heena,1
heenan,1
heene,1
heerdt,1
heerewaarden,1
heertje,1
heeswijk,1
hefei,1
hefferon,1
heflin,1
hefner,1
hefty,2
hegar,1
hegarty,1
hegyi,1
hei,1
heide,1
heidegger,1
heidenheim,1
heidorn,1
heidrek,1
heifetz,1
heihachiro,1
heilige,1
heim,1
heimskringla,1
heiner,1
heinkel,1
heinlein's,1
heisler,1
heisnam,1
heist,1
heitkamp,1
hej,1
hejduk,1
hek,1
hekmatyar,1
heksen,1
hektoen,1
hektor,1
hel,1
helander,1
heldenleben,1
helderse,1
helenehoms,1
helford,1
helfrich,1
helgeland,1
heliamphora,1
helices,2
heliobacteria,1
helions,1
helkat,1
hell's,1
hella,1
hellcats,1
hellenic,1
hellersdorf,1
hellertown,1
hellgoing,1
helliar,1
hellingly,1
hellman,1
hellmouth,1
hellmuth,1
hells,1
helm's,1
helmbold,1
helmeted,1
helms,2
helmunth,1
helper,2
helsetilstand,1
helsingius,1
helvetica,1
helvetii,1
hemadri,1
hemant,1
hembree,1
hemi,2
hemidactylus,1
hemilda,1
hemlock,1
hemming,1
hemorrhoidectomy,1
hemsley,1
hemsley's,1
hen's,1
hench,1
hendrick,1
hendricks,1
hendrickson,1
hendry,1
hendy,1
heneage,1
hengelo,1
hengwrt,1
henley,1
hennaarderadeel,1
hennagin,1
hennard,1
hennepin,1
hennessy,1
henny,1
henotheism,1
henricus,1
henriette,1
henriette's,1
henrique,1
henriques,1
hensarling,1
hensley,1
henson's,1
hentai,2
hentig,1
heo,1
hepburn,1
hephthalites,1
heppenheim,1
heqing,1
heraclius,1
herai,1
herat,1
herbarium,2
herbivorous,2
herbord,1
herbstnebel,1
herbstreit,1
hercher,1
hercle,1
hercule,1
herefordshire,1
herek,1
hereros,1
herides,1
herington,1
herlihy,1
herlong,1
herlovsen,1
herman's,1
hermangarde,1
hermanson,1
hermaphroditism,2
hermelin,1
herminia,1
hermits,1
hermopolis,1
hermosa,1
hermosillo,1
hernando,1
herndon,1
hernest,1
herodes,1
heron,2
herons,2
herr,1
herrera's,1
herrerasaurus,1
herriman,1
herrings,1
herriot,1
herschel's,1
herschell,1
herschend,1
herseth,1
hershel,1
hersholt,1
herterich,1
hertford,1
hertfordshire's,1
herveus,1
hervey,1
hervieu,1
herz,1
hesiod's,1
hessco's,1
hessentag,1
hetauda,1
heth,1
hethum,1
hetien,1
hetty,1
heure,1
heuristics,2
heute,1
heuvelrug,1
hevenor,1
hewanorra,1
hewett,1
hewlett,1
hewson,1
hexa,1
hexactinellida,1
hexe,1
hexmo,1
hextall,1
heydinger,1
heyer,1
heyman,1
heyman's,1
heythrop,1
heyuan,1
hezbollah,1
hg,1
hgo,1
hiashi,1
hiatt,1
hibaru,1
hibbert,1
hibiscus,1
hicayagua,1
hick,1
hick's,1
hickory,1
hicksian,1
hida,1
hidaka,1
hidan,1
hidayatullah,1
hiddenspring,1
hiddink,1
hidegkuti,1
hideki,1
hiden,1
hideyuki,1
hiedler,1
hielscher,1
hierodeacon,1
higatv,1
higaki,1
higashikata,1
higashima,1
higashine,1
higgenson,1
higginbotham,1
highperformanceengines,1
highberger,1
highbury,1
highcourt,1
highlanders,1
highspot,1
highwavis,1
hijli,1
hikianalia,1
hikki,1
hilari,1
hilbert,1
hilde,1
hildebrand,1
hildebrandt,1
hildegarde,1
hiler,1
hillah,1
hillar,1
hillbillies,1
hillcrest,1
hillersdon,1
hilltoppers,1
hilltops,2
hillview,1
hillzu,1
hilmar,1
hilsboro,1
hilscher,1
hiltzik,1
himalaya,1
himalayas,1
himera,1
himeyuri,1
himiko,1
himmler,1
himyar,1
hina,1
hinata,1
hindhede,1
hindko,1
hindmarsh,1
hindusthani,1
hindutva,1
hine,1
hingle,1
hingurakgoda,1
hinkley,1
hino,1
hinson,1
hiphop,1
hipolit,1
hipparcos,1
hippias,1
hippocrates,1
hippocratic,1
hippodameia,1
hippolyte's,1
hippolytus,1
hipsturbia,1
hiraizumi,1
hirano,1
hirem,1
hirnantian,1
hiroaki,1
hiroko,1
hironori,1
hiroshige's,1
hirsch,1
hirut,1
hiruzen's,1
hisae,1
hisarlik,1
hisashi,1
hisham,1
hisoka,1
hispana,1
hispanoamericano,1
hispar,1
hisper,1
hissar,1
hisss,1
histadrut,1
historie,1
historiographer,1
historische,1
historisches,1
historisk,1
historiske,1
history's,2
histrionics,1
hitchcock,1
hitchcock's,1
hitchhiker,1
hitchhiking,1
hitchings,1
hithenawanam,1
hitomi,1
hitoshi's,1
hittler,1
hively,1
hivjusubst,1
hizb,1
hjalmar,1
hjartarson,1
hjelmborg,1
hjeltt,1
hjortsberg,1
hjortspring,1
hluangruangdatanan,1
hmong,1
ho's,1
hoapili,1
hoatzins,1
hoax,2
hoban,1
hobart,1
hobbamock,1
hobbema,1
hobbit,2
hobbiton,1
hobbs,1
hobday,1
hobey,1
hobgoblins,1
hoboken's,1
hobunsha's,1
hochschue,1
hocken,1
hockenheim,1
hodder,1
hoddinott,1
hodel,1
hodge,1
hodgkinson,1
hodgman,1
hodogaya,1
hoe,1
hoeber,1
hoek,1
hoekse,1
hoekstra,1
hofer,1
hoffer,1
hoffmann,1
hofland,1
hofmann,1
hofoper,1
hofstede,1
hog,2
hogewood,1
hogtown,1
hogyoku,1
hohenasperg,1
hohenstaufen,1
hohenzollerns,1
hoherodskopf,1
hohman,1
hojae,1
hoje,1
hojo,1
holan,1
holanda,1
holborow,1
hold'em,1
holdich,1
holi,1
holiday's,1
holiest,1
holkerr,1
hollande,1
holler,1
hollerbach,1
holliday,1
hollies,1
hollingsworth,1
hollins,1
hollis,1
hollyleaf,1
hollypaw,1
hollywoo,1
holm,2
holmenkollen,1
holmes's,1
holmsund,1
holmwood,1
holness,1
hololens,1
hologram,2
holography,2
holojad,1
holomisa,1
holowesko,1
holst,1
holsteinische,1
holsteins,1
holstun,1
holsworthy,1
holtermann,1
holton,1
holtzbrinck,1
holwell,1
holyoke,1
holyrood,1
holywood,1
holzhauer,1
holzman,1
holzmeister,1
homalocephale,1
hombres,1
homebrew,1
homelands,1
homenetmen,1
homeric,1
homesafe,1
homesteader,1
homme,1
hommetol,1
homology,1
homotopy,1
homs,1
honfaib,1
honan,1
hondo,1
honecker's,1
honestgamers,1
honeycutt,1
honeycutt's,1
honeywell,1
hongdae,1
hongguang,1
hongji,1
hongjip,1
hongmei,1
hongre,1
hongwu,1
honjo,1
honkajoki,1
honno,1
honorius,1
hontiveros,1
honubo,1
honus,1
honus's,1
honye,1
hoob,1
hoobastank,1
hoobs,1
hoods,1
hooft,1
hookers,1
hooligans,2
hoon's,1
hooo,1
hooper,1
hoosick,1
hoot,2
hooters,1
hooterville,1
hooton,1
hoover's,1
hooverphonic,1
hopetoun,1
hopf,1
hopi,1
hopland,1
hoplites,1
hoppenberg,1
hopper,1
hora,1
horacio,1
horaks,1
horana,1
horch,1
hordern,1
horeb,1
hori,1
horioka,1
horkenbach,1
horlaville,1
horley's,1
hormigueros,1
hornby,1
hornchurch,1
hornfischer,1
hornish,1
hornpipe,1
hornussen,1
hornworts,2
horry,1
horsburgh,1
horsehead,1
horsens,1
horseplayer,1
horseradish,2
horsforth,1
horsham,1
horstenau,1
horstenau's,1
hort,1
horta,1
horta's,1
horton's,1
hortons,1
horus's,1
horvat,1
horwood,1
hory,1
hosanna,1
hoshika,1
hoshino,1
hoshino's,1
hosie,1
hosios,1
hoskyns,1
hosomichi,1
hospital's,1
hospitalization,2
hossa,1
hostels,1
hotjava,1
hotmovies,1
hotepsekhemwy,1
hotepsekhemwy's,1
hoth,1
hotham,1
hotline,1
hotmail,1
hoto,1
hotsync,1
hotz,1
hotzenplotz,1
hou,1
houde,1
houdet,1
houdin,1
houellebecq,1
houlgate,1
hounddog,1
hounsfield,1
housemaid,2
housewives,1
houston's,1
houten,1
hovedbladet,1
hovenia,1
howell's,1
howes,1
howie,1
howl,2
howlett,1
howletts,1
howlin,1
howson,1
hox,1
hoxne,1
hoy,1
hoysalas,1
hozonkai,1
hrad,1
hradec,1
hsiang,1
hsieh,1
hsin,1
hsing,1
hsu,1
huahine,1
huai,1
huaihai,1
huanan,1
huangci,1
huangpu,1
huanpei,1
huascar,1
huasos,1
huawei,1
huayangosaurus,1
hubbard,1
hubbel,1
hubei,1
hubertusburg,1
huchez,1
huck,1
huckenpahler,1
huckle,1
huda,1
huebsch,1
huehuetenango,1
huergo,1
huerta,1
huerva,1
huetar,1
huff,1
hug,2
hugelshofen,1
hugenholtz,1
huggett,1
hugh's,1
hughes's,1
hughie,1
hugogureo,1
huguenots,1
hugues,1
huidobro,1
huilliche,1
huish,1
huishan,1
huisman,1
huitzilopochtli,1
huiyin,1
huizinga,1
huldah,1
huldrych,1
hulking,1
hulman's,1
hulse,1
hulten,1
huluwu,1
humanely,2
humanidad,1
humanistic,1
humboldt's,1
humfrey's,1
humiliated,1
hummelo,1
hummels,1
humoresque,1
humpback,1
humphreys,1
humprey,1
humus,2
hun,1
hunault,1
hunchback,1
hundertwasser,1
hunes,1
hungarians,1
hungary's,1
hungate,1
hunico,1
huniepop,1
hunley,1
hunolt,1
huns,1
hunslet,1
hunterson,1
hunterston,1
huntress,1
hunza,1
huong,1
hupyeong,1
huq,1
hur,1
huracan,1
hurm's,1
hurons,1
hurree,1
hurrian,1
hurriganes,1
hurst,1
hurstbridge,1
hurtado,1
hurwiczs,1
husayn,1
huseynzade,1
hush,2
huskie,1
huskisson,1
hussain's,1
hussainia,1
husserl's,1
hussey,1
hussites,1
hustle,2
huta,1
hutch,1
hutchence,1
hutchings,1
hutchison's,1
hutsell,1
hutta,1
hutter's,1
hutts,1
huuh,2
huxley's,1
huygen,1
huysmans,1
hw,1
hwamunseok,1
hwang,1
hwanjae,1
hwarang,1
hwayanbgbuja,1
hwayangdongju,1
hwayoung,1
hyams,1
hydatid,1
hyde's,1
hydradephaga,1
hydroelectricity,2
hydrogenos,1
hydrogenophilaceae,1
hydrographic,2
hydrologic,1
hydrology,1
hydromantes,1
hydrophytes,1
hydroplaning,1
hydroponic,1
hydropotinae,1
hydrothermal,2
hygeia,1
hygiea,1
hyksos,1
hyland,1
hylobatidae,1
hyman,1
hynes,1
hyori,1
hyoryeong,1
hyouka,1
hyper,1
hypercourt,1
hyperthymesia,1
hypertonic,2
hyphae,1
hypnotic,1
hypocolius,1
hyppolyte,1
hyrule's,1
hysco,1
hyssop,2
hysteria,2
hystricidae,1
hyuga,1
ia,3
iaa,1
iaapa,1
iab,1
iaea,1
iai,1
iais,1
iar,1
ias,1
iata,1
iau,1
iban,1
ibf,1
ibiza,1
ibk,1
ibk's,1
ibma,1
ibo,1
iccd,1
icf,1
iciam,1
icl,1
icoca,1
icp,1
icpo,1
icsd,1
ictr,1
icu,1
icun,1
idc,1
idf,1
idsp,1
idsr,1
idta,1
idu,1
idx,1
ids,1
ies,1
if's,1
ifab,1
ifc,1
iffco,1
ifos,1
ifp,1
ifpri,1
ifr,1
igcp,1
igf,1
igs,1
ihop,1
iihf's,1
iihs,1
iipmf,1
iis,2
iit,1
iits,1
iixx,1
ijn,1
ijssel,1
ijsselmeer,1
ik,1
ikl,1
ili,1
imap,1
imdb,1
imei,1
img,1
imi,2
imoca,1
imps,1
ims,2
incospar,1
ind,1
indo,1
inef,1
inegi,1
infektion,1
infp,1
ing,1
injs,1
inprol,1
insead,1
intlab,1
ioa,1
ipah,1
ipcc's,1
ipn,1
ipo,1
ipos,1
ips,2
ipx,1
irgc,1
irms,1
irpp,1
isaf,1
isbns,1
isd,1
isdf,1
ishr,1
isi,2
isja,1
isme,1
isni,1
isp,1
isr,1
isscc,1
isu,1
it'z,1
ite,1
iter,1
itf,1
ith,1
itm,1
itns,1
itu,1
itv's,1
itzy,1
iust,1
iv's,1
iwa's,1
iwuf,1
iww,1
ixis,1
iacobus,1
iam,1
iambe,1
iarondaikina,1
iasus,1
ibaraki,1
iberians,1
ibid,1
ibmer,1
ibne,1
ibom,1
ibrihim,1
ibrox,1
icahn,1
icayagua,1
icebreaking,1
iced,1
icehawks,1
icelanders,1
icely,1
iceman's,1
iceni,1
icesheet,1
ichabod,1
ichi,1
ichiban,1
ichidai,1
ichigaya,1
ichilov,1
ichinose,1
ichinoseki,1
ichthyophthirius,1
ichthyosaurs,2
ichthyovenator's,1
ici,1
icicles,2
iclingas,1
icones,1
icosian,1
idavritt,1
iddo,1
iddon,1
idealism,2
ideally,1
identically,2
ideographs,1
ideonexus,1
idgie,1
idina,1
ido,1
idrettsgallaen,1
idrija,1
idris,1
idukki,1
iduna,1
iew,1
ifach,1
ifeanyichukwu,1
ifor,1
iftikharuddin,1
igawa,1
igawa's,1
iger,1
igga,1
igglybuff,1
igila,1
iginla,1
iglesias,1
ignat,1
ignatz,1
ignika,1
ignis,1
ignostics,1
iguanodon,1
iguaran,1
iguazu,1
iguchi,1
ihema,1
iino,1
iittala,1
ikai's,1
ikaw,1
ikebana,1
ikebukuro,1
ikebukuro's,1
ikedaya,1
ikee,1
ikeja,1
ikema,1
ikettes,1
iki,1
ikincikat,1
ikki,1
ikran,1
il'icha,1
ilamai,1
ilan,1
ilana,1
ilbo,1
ildefonso,1
ile,1
ilford,1
ilha,1
ilham,1
ilheu,1
ilia,1
ilie,1
iliescu,1
illacme,1
illas,1
illdisposed,1
illena,1
illiciales,1
illien,1
illiteracy,2
illuminations,1
illyria,1
illyrian,1
ilma,1
ilmatar,1
ilomets,1
iloprost,1
ilsanker,1
ilse,1
iltumish,1
ilyas,1
ilyich,1
ilyumzhinov,1
ilyushin,1
imageless,1
imagen,1
imager,1
imagery,2
imagi,1
imambara,1
imamura's,1
imangi,1
imanpa,1
imba,1
imber's,1
imdang,1
imereti,1
imjin,1
imlah,1
immaculate,1
immanuel's,1
immeasurably,1
immensee,1
immersion,1
immortals,2
immunization,2
immunogens,1
imogen,1
imparja,1
impatiens,1
imperatoris,1
implantable,1
implosive,2
imposter,2
impostor,1
impressionists,2
impressively,1
impsaktea,1
imsajae,1
imsety,1
imtiaz,1
inbev,1
infame,1
instyle,1
inada,1
inagaki,1
inambari,1
inamoto,1
inan,1
inanam,1
inari,1
inarticulata,1
incepta,1
inchelina,1
incheon's,1
incidentally,2
incitatus,1
inco,1
inconsequential,1
incubation,2
incubi,1
incubus,1
indahouse,1
indebted,2
indelicates,1
independenta,1
independet,1
independiente,1
indias,1
indic,1
indicatoridae,1
indielondon,1
indig,1
indios,1
indiski,1
indjanin,1
indorama,1
indraprastha,1
inductors,1
indulf,1
indulkana,1
industrialna,1
inejiro,1
inertial,2
inetrnational,1
infamy,1
infanta,1
infante,1
infanteriedivision,1
infantrymen,2
infers,1
infiernillo,1
infighting,1
infiniti,1
infiorata,1
infopath,1
informatiques,1
informel,1
informer's,1
infosource,1
inframan,1
infraspecific,1
ingalill,1
ingalsbe,1
ingas,1
ingelger's,1
ingerophrynus,1
ingersoll,1
ingfriar,1
ingle,1
inglewood,1
ingmar,1
ingrid's,1
ingushetia,1
inhambane,1
inhotep,1
inhumans,1
inhwa,1
inimdang,1
injecting,1
injun,1
ink's,1
inkki,1
inkscape,1
inkster,1
inkubo,1
inlet,2
inman,1
inman's,1
inna,1
innamaadhoo,1
innamincka,1
inness,1
innis,1
innotrans,1
innovator,1
innovator's,1
innovators,2
inojin,1
inoki,1
inola,1
inoue's,1
inquirer,1
insaniat,1
insarmuu,1
insatiable,1
insectorum,1
inseon,1
insepector,1
insider's,1
insiders,2
insolera,1
insolvency,1
insomniac,1
inspectorate,1
instagram,2
instaknow,1
institude,1
instructional,2
insula,1
insularity,1
insulars,1
insurance's,1
insurge,1
insurrection,1
int,1
inta,1
intamin,1
intcutwalipa,1
integrative,1
intel's,1
intellisafe's,1
intellivision,1
intemperance,1
intercaps,1
interhallier,1
interbank,1
intercepts,1
intercity,2
intercollegiate,2
interconnection,1
interferometric,1
intergalactic,2
intergovernmental,2
interlagos,1
interlayer,2
interleukin,1
interlingua,1
interlochen,1
interlude,2
intermarriage,2
intermissions,1
intermountain,1
internacional,2
international's,1
internists,1
interplay,2
interpretive,1
interrelationships,1
interrupts,2
interscope,1
interservice,1
intersubjectivity,1
intertropical,1
interwiew,1
interzonal,1
inthanon,1
intimacy,2
intimations,1
intimidad,1
intolerance,1
intouchables,1
intraspecific,1
intriguer,1
intro,2
introspection,1
introverts,2
introvoys,1
inugami,1
inuk,1
inukai,1
inverters,2
inverts,1
inverurie,1
invincibles,1
invisibility,2
inwood,1
inzai,1
io's,1
iod,1
ioannis,1
iodic,1
ioke's,1
iola,1
iolcus,1
iole,1
ionis,1
ioniveyem,1
ioseliani,1
iowa's,1
ioway,1
ipai,1
ipatinga,1
ipertermia,1
ipirus,1
ipsa,1
ipsus,1
iput,1
iqbal's,1
iquitos,1
irani,1
iraqis,1
irawan,1
irena,1
irfan,1
irintata,1
iriomote,1
irishmen,1
irkutsk,1
irkutslk,1
irob,1
irohabushi,1
iromuji,1
ironbox,1
ironmonger,1
ironstone,2
ironworks,1
iroquoian,1
irranca,1
irreplaceable,1
irritia,1
irrunytju,1
irsan,1
irsenovich,1
irukandji,1
irupathiyettam,1
irvin,1
isaacs,1
isagoras,1
isaias,1
isak,1
isaku,1
isami,1
isan,1
isangila,1
isbell,1
ischgl,1
ischigualasto,1
iseg,1
isela,1
isesaki,1
isfahan,1
isgendername,1
isha'a,1
ishak,1
ishara,1
ishemgulov,1
ishi's,1
ishibashi,1
ishigaki,1
ishimori,1
ishimura,1
ishkomen,1
ishkuman,1
ishmael,1
ishq,1
ishta,2
ishtar,1
isildur,1
iskar,1
islamicate,1
islamiyah,1
islamnagar,1
islampur,1
islington,1
ismailova,1
isobel,1
isocrates,1
isolda,1
isom,1
isonokami,1
isosceles,1
isostatic,1
isotonic,1
isotrema,1
isozaki,1
israelian,1
issam,1
isser,1
isserles's,1
isserlis,1
issik,1
issler,1
issoire,1
issoufou,1
issue's,1
istana,1
istanbull,1
istari,1
isthmus,1
istomin,1
istres,1
isurus,1
itagaki,1
ital,1
italiana,2
italiano,1
italie,1
italy's,1
ithil,1
itinerario,1
ittefaq,1
itula,1
iturbide's,1
iturra,1
iubdan,1
iuka,1
iulian,1
iunet,1
ivana,1
ivanka,1
ivanov,1
ivanovich,1
ivanovsky's,1
ivasyuk,1
iversens,1
ivica,1
ivko's,1
ivo,1
ivys,1
iwaki,1
iwamura,1
iwan,1
iwang,1
iwao,1
iwasawa,1
iwatobi,1
ixelles,1
ixobrychus,1
ixtoc,1
iya,1
iyasu,1
iyengar,1
iyer,1
iyoob,1
iyyanar,1
izakaya,1
izd,1
izembek,1
iznasen,1
izu,1
izuku's,1
izumi,1
j's,1
jakks,1
jal,1
jasdf,1
jbic,1
jcl,1
jcp,1
jcr,1
jfa,1
jfk,1
jfx,1
jgsdf,1
jhp,1
jic,1
jinr,1
jk,1
jk's,1
jklf,1
jl,1
jll,1
jltv,1
jnco,1
jnoc,1
jns,1
jpeg,1
jrl,1
jrm,1
jsdf,1
jsiam,1
jsl,1
jst,1
jscript,1
jvc,1
jyd,1
jyj,1
ja'afar,1
ja'faris,1
jaan,1
jaana,1
jaap,1
jaat,1
jab,1
jabbar,1
jabberwocky,1
jabbi,1
jabhat,1
jabirian,1
jablanica,1
jablonski,1
jabodetabek,1
jabouin,1
jabrail,1
jabuti,1
jacarandas,1
jacinta,1
jacinto,1
jackanory,1
jacketed,1
jackey,1
jackman's,1
jacksonian,1
jacobabad,1
jacobethan,1
jacobi,1
jacobins,1
jacobiparochie,1
jacobs's,1
jacobson,1
jacome,1
jacopone,1
jadakiss,1
jadaliyya,1
jaden,1
jadoons,1
jaeg,1
jaejoong,1
jaen,1
jaffe,1
jaffer,1
jagadhatri,1
jagannathpur,1
jagdish,1
jagex,1
jaggan,1
jagged,2
jagger,1
jagiellonian,1
jagirdar,1
jagjaguwar,1
jaglot,1
jagmeet,1
jagmin,1
jagongan,1
jagsthausen,1
jaguar's,1
jaguars,2
jahanara,1
jahandari,1
jahangir,1
jahres,1
jaichand,1
jaikas,1
jailend,1
jains,1
jaiprakash,1
jaipur,1
jair,1
jaishankar,1
jak's,1
jakata,1
jake's,1
jakobsberg,1
jakup,1
jalagandeeswar,1
jalagandeeswarar,1
jalali,1
jalbert,1
jalil,1
jalina,1
jalisco,1
jaljulia,1
jaller's,1
jallianwala,1
jalte,1
jamaa,1
jamadagni,1
jamakkalam,1
jamal,1
jamao,1
jamath,1
jambalaya,1
jambi,1
jambrek,1
jameel,1
jamerican,1
jameson,1
jamling,1
jamra,1
jamtara,1
jamuguri,1
jamuna,1
jamyang,1
janak,1
janakpur,1
janale,1
janapao,1
janazah,1
janel,1
janelle,1
janey,1
janghun,1
janglote,1
janick,1
janiculum,1
janil,1
janio,1
jann,1
janne,1
jansch,1
jansema,1
jansen,1
janson,1
janssen,1
janssens,1
jantz's,1
janusz,1
japa,1
japon,1
japonic,1
jappening,1
jaq,1
jara,1
jaragua,1
jarama,1
jardel,1
jardin,1
jardine's,1
jarecki,1
jargon,2
jarnac,1
jarnach,1
jarobi,1
jarome,1
jaroslav,1
jarral,1
jarred,1
jarron,1
jascha,1
jasgam,1
jashin,1
jashwanta,1
jasmine's,1
jaspur,1
jaswant,1
jati,1
jatra,1
jaume,1
jaunt,1
javascript,2
javanbakht,1
javaris,1
javid,1
jawahar,1
jawaharlal,1
jawi,1
jawo,1
jaxon,1
jayaco,1
jayadrathindraniladitya,1
jayantilal,1
jayaraj,1
jaybee,1
jayco,1
jayden,1
jayendra,1
jayewardene,1
jayhawk,1
jayma,1
jaz,1
jaziya,1
jazzy,1
jeckle,1
jedinstvo,1
jee,1
jeet,1
jeeva,1
jeevitha,1
jeewithe,1
jefe,1
jefferies,1
jefferson's,1
jeffries,1
jegar,1
jehanabad,1
jehol,1
jehoshaphat,1
jehovah's,1
jejenese,1
jelaska,1
jelckama,1
jelks,1
jellicoe,1
jellies,2
jemaah,1
jemima,1
jemison,1
jen,1
jenapharm,1
jenas,1
jenkem,1
jenkinson,1
jenn,1
jenna,1
jenneke,1
jennet's,1
jennifer's,1
jens,1
jensen's,1
jeonju,1
jepsen,1
jerada,1
jerai,1
jerash,1
jerell,1
jeremias,1
jerilderie,1
jerne,1
jerne's,1
jeroboam,1
jerte,1
jerzy,1
jesch,1
jesper,1
jessika,1
jessiman,1
jessy,1
jesty's,1
jesy,1
jetblue,1
jethalal,1
jethalal's,1
jethmalani,1
jetsam,1
jetset,1
jett,1
jetta,1
jettingen,1
jeu,1
jeux,1
jewell,1
jeweller,1
jewett,1
jey,1
jeyakumar,1
jezek,1
jezus's,1
jezzine,1
jhal,1
jhangra,1
jhangvi,1
jhao,1
jhapa,1
jharoka,1
jhelum,1
jhongli,1
jhoon,1
jhumkay,1
jia,1
jiae,1
jiangbei,1
jiange,1
jiangnan,1
jianwei,1
jianwen,1
jiaqing,1
jibolba,1
jie's,1
jien,1
jigardhanda,1
jigglypuff,1
jigsaw,1
jihea,1
jihen,1
jijitsujo,1
jikji,1
jikuu,1
jilani,1
jillian,1
jim's,1
jiminez,1
jiming,1
jimmie,1
jin's,1
jinan,1
jindabyne,1
jineth,1
jingu,1
jinichi,1
jinnah's,1
jinotega,1
jinpachi,1
jintao,1
jinyoung,1
jiraiya,1
jiraiya's,1
jirga,1
jiroemon,1
jitterbug,1
jiufotang,1
jiuxiao,1
jiwan,1
jiwon,1
jiyoung,1
jn,1
jnana,1
jnanpith,1
joakim,1
joannie,1
joany,1
joaquin,1
job's,1
joba,1
jobim,1
jobim's,1
jobson,1
joc,1
jochen,1
jocz,1
jodeci's,1
jodhra,1
jodi,1
jodoco,1
jody,1
joffre,1
jogeon,1
johannesburg's,1
johannsen,1
johith,1
johnnys,1
johnson's,1
johnstone,1
johnta,1
johsai,1
joichi,1
joichiro,1
joinville,1
jojo,1
jokerit,1
joking,1
jol,1
jola,1
jolo,1
jolson,1
joltin,1
jomfruland,1
jonaka,1
jonathon,1
joncourt,1
jondrette,1
jonesborough,1
jongdari,1
jongji,1
jongleurs,1
jongli,1
joni,1
jonze,1
jools,1
joost,1
joplin,1
joppa,1
joran,1
jordaens,1
jordana,1
jordison,1
jorgensen,1
jorgenson's,1
jory,1
jos,1
jose's,1
josefumi,1
josei,1
josen,1
josenid,1
joseon's,1
josias,1
joson,1
josselin,1
jouanne,1
joukahainen,1
journalist's,2
journey's,1
joutsan,1
jovanka,1
jovi's,1
jovian,1
jovians,1
jovovich's,1
jowhar,1
joycon,1
joyette,1
joyfully,2
jozef,1
jr's,1
juani,1
juanita,1
juarez,1
jubalander,1
jubba,1
jubber,1
juchli,1
judaea,1
judaean,1
judd,1
judd's,1
judds,1
jude,1
judea,1
judgement,2
judging,2
judinsalo,1
judith's,1
judo,1
jue,1
juergens,1
jugend,1
jugenheim,1
jugnauth,1
jugs,1
jugulator,1
juhani,1
juiced,1
juidiciary,1
juifs,1
jukebox,2
juko,1
jul,1
jules's,1
juliana,1
juliannes,1
julianus,1
julienne,1
juliomagus,1
julita,1
jullien,1
juluka,1
july's,1
julyen,1
juma,1
jumba,1
jumeaux,1
jumeken,1
jung,1
jung's,1
jungers,1
jungshim,1
junichi,1
junipero,1
junker,1
junkers,1
junkies,1
junod,1
junoon,1
jur,1
jurgensen,1
jurong,1
justicialist,1
justiciar,1
justinian,1
justos,1
justs,1
jut,1
juta,1
jutrosin,1
juxta,1
jyoti,1
jyotindra,1
jyotirlinga,1
k'abeena,1
k'halacha,1
kadr,1
kanup,1
kaos,1
kca,1
kcb,1
kcra,1
kcur,1
kde,1
kdgl,1
kdnp,1
kdp,1
kem,1
kfum,1
kfuo,1
kgn,1
khl,1
kiis,1
kkk,1
klfa,1
kli,1
klm's,1
kmml,1
kmn,1
kotesol,1
kovr,1
kp,1
kpi,1
kpqi,1
kpts,1
kr,2
krct,1
kro,1
kroq,1
kru,1
ksbr,1
kshsaa,1
ksrtc,1
ktx,1
kuci,1
kuis,1
kv,2
kvps,1
kws,1
kz,1
kaba,1
kabaa,1
kabaka,1
kaballist,1
kabat,1
kabila,1
kabinet,1
kabir,1
kacchu,1
kachadd,1
kacharis,1
kachikally,1
kaczorowski,1
kad,1
kadal,1
kadammanitta,1
kadampa,1
kadapa,1
kadath,1
kaden,1
kadi,1
kadokawa,1
kadomatsu,1
kadyrov,1
kae,1
kaede,1
kaeden,1
kaeo,1
kafan,1
kagaku,1
kagan,1
kaganovich,1
kageyasu,1
kaghan,1
kagin's,1
kagome,1
kaguya,1
kahaiali'i,1
kahar,1
kahara,1
kaharoa,1
kahele,1
kahin,1
kahl,1
kahlan,1
kahlo,1
kahlo's,1
kahmiri,1
kahn's,1
kahne's,1
kahneman,1
kahuna,1
kahuta,1
kaiho,1
kaiji,1
kaiju,1
kaiko,1
kailash,1
kaileena,1
kaili,1
kain,1
kaine's,1
kaing,1
kainuu,1
kaioh,1
kaiparasoft,1
kaironk,1
kaisen,1
kaiser's,1
kaiserslautern,1
kaiserswerth,1
kajii's,1
kajioka,1
kajiro,1
kajzer,1
kakapo,1
kakar,1
kakatiya,1
kakava,1
kakazu,1
kakheti,1
kakihara,1
kakkuka,1
kakuni,1
kakuranger,1
kalafat,1
kalagad,1
kalam,1
kalamazoo,1
kalas,1
kalasipalyam,1
kalawao,1
kalember's,1
kalfon,1
kalia,1
kalikata,1
kalimantan,1
kaling,1
kalinga,2
kalinin,1
kalispell,1
kalju,1
kalleli,1
kallicharan,1
kalliope,1
kallista,1
kalman,1
kalmana,1
kalmasa,1
kalmykia,1
kalomo,1
kalozhskaya,1
kalpi,1
kalpoe,1
kaltag,1
kaluthara,1
kalverstraat,1
kalyeserye,1
kam,1
kamadhenu,1
kamakshi,1
kamala,1
kamalaranjan,1
kamanakapu,1
kamath,1
kambiz,1
kambojas,1
kamei,1
kamen's,1
kamenetz,1
kamerhe,1
kameyama's,1
kami,2
kamikazee,1
kamil,1
kamila,1
kamilaroi,1
kamillova,1
kamimbo,1
kamloops,1
kammerphilharmonie,1
kammerud,1
kammu,1
kamo,1
kamondi,1
kampe,1
kampf,1
kampong,2
kamtapuri,1
kanagal,1
kanak's,1
kanamori,1
kanapa,1
kanazawa,1
kancheepuram,1
kanchendzonga,1
kanchi,1
kandace,1
kandachira,1
kandahar,1
kandalakshsky,1
kandasamy,1
kandel,1
kandiaro,1
kandinsky,1
kandju,1
kandor,1
kandxan,1
kaneda,1
kaneko,1
kanemitsu,1
kanemoto,1
kaneria,1
kanesada,1
kanetsugu,1
kaneuji,1
kangas,1
kangeyam,1
kanglei,1
kangleirol,1
kango,1
kangrinboqe,1
kangta,1
kanika,1
kankan,1
kankapankatja,1
kannadigas,1
kannanthanam,1
kannappa,1
kannauj,1
kanni,1
kanodia,1
kanorado,1
kansan,1
kansans,1
kansas's,1
kanta,1
kanto,1
kantor,1
kantoudaki,1
kanwaka,1
kanyakubj,1
kanye,1
kanzasu,1
kaolinite,1
kapany,1
kapda,1
kapelle,1
kapellmeisters,1
kapiling,1
kapitanets,1
kaplan,1
kaplow,1
kapo,1
kapoor's,1
kapp,1
kappalottiya,1
kaptain,1
kapustin's,1
karabinerhaken,1
karaca,1
karacahisar,1
karachay,1
karaiskakis,1
karaite,1
karakoram,1
karam,1
karamaneh,1
karambunai,1
karamzin,1
karanta,1
karas,1
karasuma,1
karasuno,1
karatedo,1
karbala,1
karda,1
kardo,1
kareena,1
karel,1
karem,1
karenga,1
karenin,1
karenina,1
karezath,1
karezi,1
kari,1
kariapatti,1
kariera,1
karikucha,1
karin,1
karina,1
karkaki,1
karl's,1
karla's,1
karlal,1
karlof's,1
karlovy,1
karlson,1
karlsson,1
karman,1
karna,1
karnak,1
karoli,1
karolinska,1
karragarra,1
karras,1
karrasaa,1
karres,1
karry,1
kars,1
kars's,1
kartal,1
kartavirya,1
karthigai,1
kartik,1
karting,1
kartli,1
karttikeya,1
karttunen,1
karuizawa,1
karunagappally,1
karuta,1
karvi,1
karya,1
karyzna,1
kasakela,1
kasam,1
kaseba,1
kasem,1
kasey,1
kasher,1
kashgar,1
kashgari,1
kashmore,1
kasia,1
kasica,1
kasimdzhanov,1
kaska,1
kaskasia,1
kasnudeln,1
kaspa,1
kass,1
kassabaum,1
kassal,1
kassidy,1
kassila,1
kassius,1
kastendiek,1
kaston,1
kastoria,1
kata'ib,1
kataga,1
katani,1
katara's,1
katastrophy,1
katekizmas,1
katella,1
kath,1
katharina,1
katharine,1
katherine's,1
kathikas,1
kathy's,1
kati,1
katipunan,1
katiti,1
katnik,1
katniss,1
katrakis,1
katsoudas,1
katsuma,1
katsumoto,1
katsura,1
katsuyuki,1
kattabomman,1
kattakkada,1
kattassery,1
katwe,1
katy,1
kauai,1
kaufner,1
kauket,1
kaulaulaokalani,1
kaulhausen,1
kaumodaki,1
kaumudi,1
kaun,1
kaunas,1
kaunda,1
kaupang,1
kaupanger,1
kaur,1
kaushal,1
kausler,1
kavan's,1
kavanaugh,1
kavelaars,1
kavitavali,1
kavithaalaya,1
kavka,1
kawai,1
kawakami,1
kawanabe,1
kawanishi,1
kawaramachi,1
kawase,1
kawasumi,1
kawate,1
kayleigh,1
kazaam,1
kazak,1
kazan,1
kazantzidu,1
kazazic,1
kaze,1
kaziranga,1
kazuhiro,1
kazuki,1
kazusa,1
keane's,1
keanu,1
kearney,1
keating,1
keatings,1
keay,1
kebbi,1
keble,1
kedah,1
kedington,1
kedwaii,1
kedward,1
kee,1
keeling,1
keels,1
keelung,1
keenan's,1
keerthy,1
keeslar,1
keg,1
kegworth,1
kehar,1
kehna,1
keighley,1
keikaku,1
keilin's,1
keine,1
keir,1
keira,1
keisha,1
keitai,1
keizai,1
kek,1
kek's,1
kekau,1
kekaulike,1
kekwick,1
kelantan,1
kelcy's,1
kelegama,1
kelesi,1
keleti,1
kelheim,1
kelis,1
kellan,1
kellenberger,1
kellersee,1
kellert,1
kellie,1
kellor,1
kells,1
kelly's,1
kelm,1
kelman,1
kelowna,1
kelsi,1
kelso,1
kemal,1
kemele,1
kemna,1
kemosabe,1
kempa,1
kempapura,1
kempelen,1
kemper,1
kempo,1
kempston,1
kemptville,1
kemsing,1
kenai,1
kenai's,1
kenan,1
kenchogokuryu,1
kenderdine,1
kendrick's,1
kenesaw,1
keng,1
kenith,1
kenji,1
kenkyuu,1
kenkyuusei,1
kenmare,1
kenna,1
kennack,1
kennan,1
kennard,1
kenneth's,1
kenney,1
kenniebrew,1
kennikat,1
kent's,1
kenta,1
kenting,1
kentish,1
kentucky's,1
kentwood,1
kenty,1
kenya's,1
kenyan,1
kenyon,1
kenzie,1
keopuolani,1
kepayan,1
kepi,1
kepiro,1
keppel,1
kerchak,1
kerckhoffs's,1
kerenyi,1
kereta,1
kerewan,1
kerferd,1
kerisu,1
kerkorian,1
kerlinger,1
kerma,1
kermanshahan,1
kermesse,1
kermeur,1
kermur,1
kernan,1
kernstown,1
kero,1
kerobokan,1
keroppi,1
kerplunk,1
kerridge,1
kerrigans,1
kerrsland,1
kerry,2
kersey,1
kersner,1
keryneian,1
kerzner,1
keselowski,1
kesen,1
kesha,1
kesha's,1
keshavrao,1
kesrwan,1
kessel,1
kesteven,1
kestrels,1
ketchem,1
ketchikan,1
ketkuthamma,1
ketron,1
kettlebarston,1
keturah,1
kev,1
keverbaan,1
kevin's,1
kevorkian,1
keyana,1
keywell,1
khabul,1
khachatoruv,1
khader's,1
khadi,2
khadjibey,1
khadjuli,1
khadka,1
khairallah,1
khaitar,1
khaji,1
khajuri,1
khakhina,1
khaki,1
khaldun,1
khaled,1
khaleda,1
khalfallah,1
khali,1
khalil,1
khalistan,1
khalsa,1
khaltse,1
khamas,1
khamse,1
khana,2
khanates,1
khanda,1
khandoba's,1
khanh,1
khanpur,1
khanzada,1
khapa,1
khapatari,1
khar,1
kharagiin,1
kharal,1
khardong,1
khardzong,1
khariboli,1
kharkai,1
kharkiv,1
khasawneh,1
khaskura,1
khatib,1
khattab,1
khatukhov,1
khatun,1
khawaja,1
khedrup,1
khemenu,1
khemis,1
khenpo,1
kher,1
khetag,1
khil,1
khirlep,1
khitekooshkan,1
khizr,1
khloe,1
khloung,1
khlyst,1
khmunu,1
khoa,1
khoi,1
khoisan,1
khokana,1
kholbekova,1
khomyuk,1
khong,1
khonj's,1
khonsu,1
khoo,1
khor,1
khoravary,1
khordeh,1
khorramdin,1
khoshi,1
khoshtaria,1
khotan,1
khotipuron,1
khovd,1
khowar,1
khuang,1
khuangnung,1
khulal,1
khunzakhsky,1
khura'in,1
khurda,1
khurram,1
khusan,1
khushab,1
khushboo,1
khusrau,1
khutse,1
khutsuri,1
khwae,1
khwarizm,1
khwendo,1
khyenpa,1
khyentse,1
kika,1
kia,1
kialapain,1
kiama,1
kiangsak,1
kiara,1
kibaki's,1
kibble,1
kibera,1
kibum,1
kichka,1
kickstarter,1
kidd,1
kiddush,1
kiddy,1
kidger,1
kidsworld,1
kidscreen,1
kidz,1
kiedis,1
kief,1
kiefer,1
kieran,1
kierinki,1
kiernan,1
kiersey,1
kieu,1
kigensetsu,1
kiger,1
kigoma,1
kigwena,1
kijiji,1
kikoski,1
kikuchi,1
kikyo's,1
kilauea,1
kilbane's,1
kilbroney,1
kilby,1
kilcoy,1
kildin,1
kilimanjaro,1
kilinochchi,1
kilkenny,1
kilkhorthang,1
kilkis,1
killbuck,1
killebrew,1
killerich,1
killin,1
killua,1
killua's,1
kilmainham,1
kilmichael,1
kilmore,1
kiloware,2
kilsheimer,1
kilyos,1
kimba,1
kimbal,1
kimbangu,1
kimbanguism,1
kimble,1
kimiai,1
kimiko,1
kimimasa,1
kimmy,1
kimpton,1
kimse,1
kinabalu,1
kincardine,1
kincheloe,1
kinderhook,1
kindheit,1
kindrachuk,1
kinema,1
kinen,1
kingda,1
kingdome,1
kingi,1
kingston's,1
kingsway,1
kingz,1
kinima,1
kiniski,1
kinkaid,1
kinkeri,1
kinks,1
kinne,1
kinneret's,1
kinney,1
kinnickinnic,1
kinnie,1
kino,1
kinoiki,1
kinorhynchans,1
kinsky,1
kinsley,1
kinston,1
kintaro,1
kintore,1
kinugawa,1
kinuta,1
kinzcash,1
kiosk,1
kiosks,2
kipling,1
kipp,1
kippax,1
kir,1
kirant,1
kirara,1
kirats,1
kirchberg,1
kircher,1
kirchheim,1
kirchhoff's,1
kirchner,1
kirchners,1
kirdahy,1
kirgut,1
kiribati,1
kirilenko,1
kirishima,1
kirkbampton,1
kirkbrae,1
kirkbride,1
kirkby,1
kirketorget,1
kirkfieldbank,1
kirkland,1
kirkoswald,1
kirkpatrick,1
kirksey,1
kirkus,1
kirkwall,1
kirmanshani,1
kirner,1
kiroku,1
kirot,1
kirsan,1
kirschner,1
kirshner,1
kirtley,1
kirwin,1
kiryuin,1
kirzner,1
kisame,1
kisame's,1
kisarazu,1
kisen,1
kishanpur,1
kishigawa,1
kishtim,1
kishuu,1
kiste,1
kisuke,1
kitahara,1
kitano,1
kitchener,1
kitee,1
kithsiri,1
kitoko,1
kittel,1
kittelsen,1
kittinger,1
kitto,1
kitty's,1
kitz,1
kitzhaber,1
kiva,1
kivengere,1
kiviniemi,1
kiwano,1
kiyo,1
kiyomaro,1
kizziar,1
kjeld,1
kjellberg,1
kjeller,1
kjelsberg,1
kkoto,1
klaatu's,1
klain,1
klallam,1
klamath,1
klang,1
klara,1
klare,1
klare's,1
klasies,1
klassiek,1
klauss,1
klaww,1
klee,1
kleff,1
klei,1
kleiber,1
kleinbrod,1
kleiner,1
kleinmacher,1
kleiss,1
kleitman,1
klempner,1
klenord,1
kleopatra,1
klepp,1
kleptomaniacs,1
klerksdorp,1
klevenow,1
kleyber,1
klimov,1
klimova's,1
klinck,1
klinghoffer,1
klingsor,1
klinowska,1
klinsmann,1
klippel's,1
kloden,1
klondike,1
klong,1
klose,1
klub,1
klux,1
klyazma,1
klytaimnestra,1
klyuch,1
knaben,1
knapsack,1
knebworth,1
kngwarreye,1
knickerbocker,1
knickerbockers,1
knickknacks,1
knicks,1
knievel,1
knightbrace,1
knightley,1
knill,1
knin,1
knochen,1
knolls,1
knopp's,1
knoppix,1
knothe,1
knothead,1
knott's,1
knotts,1
knotty,1
knowland,1
knowlton,1
knox's,1
knudson,1
knute,1
knutsen,1
knyazhna,1
knyszyn,1
knyvet,1
koalas,2
koan,1
kobashi,1
kobashigawa's,1
koberger,1
koch's,1
kochan,1
kochanowski,1
kochenyovsky,1
kocher,1
kocur,1
kodama,1
kodansha,1
kodumthara,1
kodungallur,1
koenemann,1
koeppel,1
koersner,1
koetong,1
koffler,1
kofi,1
koga,1
kogan,1
kogler,1
kogoro,1
koguryo,1
kohistan,1
kohl,2
kohli's,1
kohout,1
kohut,1
koi,1
koichi,1
koike,1
koirala,1
koisuru,1
koivisto,1
koizora,1
kojak,1
kojiki,1
kojong,1
kok,1
kokawa,1
koken,1
kokila,1
kokkina,1
kokoschka,1
kokuka,1
kol,1
kolakowski,1
kolay,1
kolb,1
kolchak,1
kolesnichenko,1
kolfflaan,1
kolhapur,1
kolhatkar,1
kolisch,1
kolk,1
kolkata,1
kolkoutine,1
kolkoutines,1
kollektsioner,1
koller,1
koller's,1
kollidam,1
kolomyia,1
kolonia,1
kolsky,1
kolstad,1
koltai,1
kolubara,1
komae,1
komati,1
komazawadori,1
kombat,1
komitas,1
kommandant,1
kommercheskiy,1
kompromisse,1
kona,1
konarski,1
kondana,1
kongl,1
kongregate,1
kongu,1
kongzi,1
koniecpolski,1
koning,1
koninklijke,1
konishi,1
koniuch,1
konjuh,1
konnevesi,1
konoe,1
konohagakure,1
konohamaru,1
konosuke,1
konqueror,1
konsh,1
konstantin,1
konstantinos,1
konstanze,1
kontact,1
kontakte,1
konuk,1
kony's,1
konyang,1
konzertmeister,1
konzum,1
koobi,1
kookaburras,2
koolau,1
koolhaas,1
koolskamp,1
koon,1
koondukkili,1
koop's,1
kooperation,1
kootanai,1
kopaida,1
kopec,1
kopineck,1
koplemen,1
koppal,1
kops,1
kora,1
korail,1
koramangala,1
koraru,1
korat,1
korats,1
korchnoi,1
korchnoi's,1
koreas,1
koriakine,1
koriki,1
korinka,1
koriyaa,1
kornberg,1
korner,1
kornfeld,1
korobeiniki,1
koror,1
korotan,1
korps,1
korrect,1
korumburra,1
koryak,1
koryo,1
kosala,1
kose,1
koshka,1
kosice,1
kosmos,1
kosovan,1
kosovar,1
kossoff,1
kossou,1
kosta,1
kostel,1
koster,1
kosteskiy,1
kosuth,1
kotarpur,1
kote,1
kotha,1
kothari,1
kothiala,1
kotik,1
kotoko,1
kotor,1
kotorska,1
kotri,1
kotta,1
kottanad,1
koudansha,1
koundamani,1
kounodai,1
kountry,1
kovac,1
kovarian,1
kovdorsky,1
kovind,1
kovpak,1
koweta,1
kowhainui,1
koyasana,1
koyoharu,1
koyra,1
kozak,1
kozelek,1
kozhikode,1
kozmich,1
kozo,1
kpando,1
kquoja,1
kra,1
krab,1
krabby,1
kraepelin,1
krafft,1
krafla,1
krakenthorp,1
krakow,1
krakowski,1
kral,1
kralj,1
kramer's,1
kramp,1
krampus,1
kramrisch,1
krang,1
kranji,1
kranjska,1
krankl,1
kranti,1
kras,1
krasnaya,1
krasner,1
krasniqi,1
krasnochetaisky,1
krasnogorsk,1
krasny,1
krate,1
kraus,1
krause,1
krauss,1
krautrock,1
kreese,1
kregel,1
kreisler,1
kreisleriana,1
kreislers,1
kreistag,1
kreizberg,1
kreme,1
kremlin,1
kremling,1
krenek,1
kress,1
kressman,1
kretzschmar,1
krew,1
krew's,1
krewella's,1
krieg,1
kriegsgefangen,1
krige,1
krikalev,1
krikunov,1
kriminalist,1
kring,1
kriol,1
krios,1
kripalani,1
kriplani,1
kripzy,1
krishaka,1
krishna's,1
krishnachandra,1
krishnadevaraya,1
krishnagiri,1
krishnamurti,1
krishnappa,1
krishnappa's,1
krisma,1
krispies,1
krispy,1
kriss,1
kristal,1
kristang,1
kristensen,1
krister,1
kristiania,1
kristiansen,1
kristine,1
kristyn,1
kroc,1
kroeber,1
kroesen,1
krol,1
kroll,1
krone,1
kronk's,1
kronoberg,1
krosigk,1
krotoa,1
kruger,1
krull,1
krumlov,1
krupij,1
krutorogov,1
kryl,1
krypton,1
krystallis,1
krystle,1
krystyna,1
kshatrapas,1
kshatri,1
kshatriya,2
kshatriyas,1
kshetri,1
kshira,1
kt,1
ktown,1
kuan,1
kubeka,1
kubica's,1
kubrick's,1
kucha,1
kuchenberg,1
kuchibhotla,1
kudlow,1
kuerten,1
kugane,1
kuhl,1
kuiper,1
kujo,1
kuk,1
kuki,1
kuklinski,1
kukmang,1
kulitja,1
kulitja's,1
kull,1
kullar,1
kulle,1
kultida,1
kultura,1
kulul,1
kulun,1
kulwicki,1
kumamoto,1
kumaricho,1
kumaris,1
kumasi,1
kumaun,1
kumbazha,1
kumbh,1
kumbia,1
kumeyaay,1
kumho,1
kummannoor,1
kummannor,1
kumrije,1
kumyks,1
kun,1
kunapula,1
kundara,1
kunde,1
kundry,1
kundu,1
kunduz,1
kungsholmen,1
kunigami,1
kunigunde,1
kuniichi,1
kunio,1
kuniyoshi's,1
kunlun,1
kunnamkulam,1
kunnas,1
kunstel,1
kunstgewerbeschule,1
kunsthistorische,1
kunti,1
kunyu,1
kuorevesi,1
kupang,2
kupfer,1
kupferhof,1
kupienin,1
kupreanof,1
kupwara,1
kura,1
kurama,1
kurama's,1
kurangumala,1
kurenniemi,1
kuri,1
kuribayashi,1
kuribayashi's,1
kurier,1
kurkijoki,1
kurlander,1
kurobara,1
kurohime's,1
kurosawa,1
kurrat,1
kurstin,1
kurtis,1
kurtlar,1
kurtz,1
kurufa,1
kurup,1
kurushima,1
kurutziaga,1
kurzaal,1
kurzanov,1
kurzrickenbach,1
kusaka,1
kusha,1
kushal,1
kushiro,1
kushnareva,1
kushner,1
kuso,1
kussa,1
kuster,1
kustra,1
kusunoki's,1
kut,1
kutchi,1
kutikov,1
kutzelnigg,1
kuusamo,1
kuvasz,1
kuwait's,1
kuwaiti,1
kuyil,1
kuznetsova,1
kvar,1
kwa,1
kwazulu,1
kwaan,1
kwaash,1
kwame,1
kwango,1
kwanzaa,1
kwei,1
kwilu,1
kwok,1
kwon,1
kwong,1
kwouk,1
kyanka,1
kyauktawgyi,1
kyburger,1
kyeongdeok,1
kyin,1
kylian,1
kym,1
kymenlaakso,1
kyneton,1
kyocera,1
kyoju,1
kyokai,1
kyoko,1
kyrgyzstan,1
kysuca,1
kyungsa,1
l'aigle,1
l'aquila,1
l'armata,1
l'avion,1
l'express,1
l'histoire,2
l'hospitalet,1
l'huisserie,1
l'inter,1
l'oasis,1
l'orfeo,1
l'uomo,1
l'art,1
l'ascenceur,1
l'ecole,1
l'envers,1
l'estro,1
la's,1
lasalle,1
lav,1
lbv,1
lcc,1
lcms,1
ldh,1
ldk,1
ldpe,1
ldu,1
leb,1
lente,1
lgcm,1
lgpa,1
lgv,1
lh,1
liat,1
lightinium,1
linac,1
lirr,1
lj,1
lksmu,1
llb,1
lmg,1
lnbp,1
lonza,1
lor,1
loveradiant,2
lpga,1
lpm,1
lpo,1
lprp,1
lps,2
lr,1
lru,1
lsn,1
lso,1
lsu,1
lta's,1
ltc,1
ltmp,1
lugia,1
lumo,1
lvf,1
lvmh,1
lvrs,1
lvs,1
lx,1
lxxvii,1
labamba,1
labelle's,1
labeouf,1
laberge,1
labette,1
lafave,1
lafollette,1
laforce,1
laguardia,1
larue,1
latasha,1
laturner,1
laal,1
labasa,1
labberton,1
lablae,1
labonte,1
laborde,1
labore,1
laboriel,1
labors,2
laboulaye,1
labourdonnais,1
labra,1
labuan,1
lac,2
lacalle,1
lacedelli,1
lacey,2
lachaise,1
lachesis,1
lachey,1
lachman,1
lachrymae,1
lackawanna,1
lackey,1
lacluta,1
lacombe,1
laconophilia,1
lacroix,1
lactodurum,1
lactose,1
lacusta,1
lad,2
ladakh's,1
ladan,1
ladd,1
laden's,1
ladislaus,1
ladner,1
ladouceur,1
lady's,2
ladybrille,1
lae,1
laetoli,1
laevicardium,1
lafferty,1
lafontaine,1
lafourche,1
lag,2
lagaan,1
lagace,1
lage,1
lagenda,1
lagergren,1
lagonda,1
lagrange,1
lagta,1
lahai,1
lahna,1
lahor,1
lahoti,1
laihia,1
laika's,1
lailkase,1
laira,1
lairen,1
laisvalls,1
laitman,1
lajas,1
lak,1
lakamha,1
lakas,1
lakdim,1
lakefield,1
lakehurst,1
lakeview,1
lakhs,2
lakoff,1
lakshmanasen,1
lakshmipur,1
laksmipur,1
lalan,1
lalbaugcha,1
laleh,1
lali,1
lallans,1
lalonde,1
laloo,1
lam's,1
lamanites,1
lamar,1
lamarck's,1
lamb's,1
lambarde,1
lambe,1
lambert's,1
lambiel,1
lament,1
lamentations,1
lamerd,1
lamichhane,1
lamizana,1
lammert,1
lammtarra,1
lamond,1
lamothe,1
lampak,1
lampi,1
lampo,1
lamponidae,1
lampron,1
lampwick,1
lampy,2
lamu,1
lanai,1
lanao,1
lanark,1
lancastrians,1
lancet,2
lanckorona,1
lancs,1
landa,1
landaez,1
landers,2
landesarbeitsgerichte,1
landeskog,1
landewednack,1
landgrafenhaus,1
landgrave,1
landgravine,1
landham,1
landi,1
landless,1
landlord's,2
lando,1
landolfi,1
landrat,1
landrieu,1
langh,1
langland,1
langli,1
langres,1
langrial,1
langsat,1
langston's,1
lanham,1
lankaran,1
lankesh,1
lanning,1
lannoy,1
lanqing,1
lanti,1
lanti's,1
lantra,1
lantz,1
lantz's,1
lanuvio,1
lanza,1
lao,1
laotsun,1
laoag,1
laois,1
laon,1
lapa,1
lapidot,1
lapierre,1
lapinig,1
laplace's,1
laplacian,1
lapland,2
lapp,1
lappeenranta,1
lapps,1
laranja,1
larapinta,1
lardent,1
laredo,1
laree,1
larestan,1
largo,1
laris,1
larisa,1
larissa,1
lariviere,1
larix,1
larkin,1
larkins,1
larned,1
larousse,1
larrasket,1
larsson,1
larus,1
laryngeal,2
lascelles,1
laserfire,1
lashkar,1
lasky,1
laslett,1
laslett's,1
lassan,1
lassard,1
lassie,1
latacunga,1
lateline,1
lateran,1
latgalian,1
lather,1
lathitila,1
lathrop,1
latias,1
latii,1
latimer,1
latimore,1
latins,1
latrobe,1
latvians,1
lauba,1
laubach,1
laubscher,1
lauder,1
laudiceia,1
laughs,2
laughton,1
launchpad,1
lauper,1
laura's,1
laureano,1
laurel's,1
laurencia,1
laurens,1
laurenti,1
laurenz,2
laureshamenses,1
lauri,1
laurier,1
laurleen,1
lauro,1
lausanne,1
lausitzer,1
lautenberg,1
lautenberg's,1
lavalin,1
lavapuri,1
lavarreda,1
lavaud,1
lavazza,1
laverdure,1
laverne,1
lavers,1
lavhur,1
lavigne,1
laviolette,1
lavrillier,1
lavsund,1
lawauthor,1
lawan,1
lawon,1
lawrenceville,1
lawry's,1
lawton,1
laxey,1
laxfield,1
laxmangarh,1
layac,1
layered,2
laygani,1
laylat,1
layne,1
laysan,1
layton,1
lazard,1
lazarenko,1
lazarevic,1
lazarian,1
lazaro,1
lazarro,1
lazarus,1
lazcano,1
lazer,1
lazette,1
lebrock,1
lebron,1
leclaire,1
lecompt,1
lefevre,1
lefou,1
leguin,1
leparmentier,1
leroi,1
levon,2
leach,1
leadville,1
leadworth,1
leafpaw,1
leafpool,1
leahy,1
leakee,1
lean's,1
leander,1
leaning,1
leapfrog,1
learjet,1
learnnavi,1
leary,1
leatherface,1
leatherjackets,1
leathermouth,1
leavelle,1
leaven,2
leavill,1
lebeau,1
leben,2
lebensraum,1
lebong,1
lebor,1
lebrija,1
lebrun,1
lebus,1
lechia,1
leckie,1
leclerc,1
leczinska,1
leda,1
ledbetter,1
ledger's,1
ledlie,1
leedon,1
leenhoff,1
leeper,1
leesa,1
leesaar,1
leeson,1
leete,1
leeward,1
lefebvre's,1
lefkofsky,1
lefkos,1
leflore,1
leftheris,1
legace,1
legarda,1
legat,1
legba,1
legio,1
legislators,2
legit,2
legnica,1
legolas,1
legouve,1
leguminosae,1
lehen,1
leher,1
lehi,1
lehigh,1
lehmden's,1
lehrman,1
lehto,1
lei,1
leia,2
leiber,1
leibesubungen,1
leibler,1
leibniz,1
leibniz's,1
leibstandarte,1
leidorf,1
leie,1
leif's,1
leikvoll,1
leima,1
leimacomyinae,1
lein,1
leine,1
leinenweber,1
leiopelmatid,1
leir,1
leith,1
leitner,1
lejeune,1
lekhraj,1
leknes,1
leksands,1
lelio,1
lelouch,1
lely,1
lembeh,1
lember,1
lemieux,1
lemke,1
lemming,1
lemmings,2
lemonnier,1
lemony,1
lemos,1
lemoyne,1
lemuel,1
lemurs,1
lenaghan,1
lendl,1
leng,1
lengenbach,1
lenguaje,1
lengyel,1
leni's,1
leningradka,1
leninism,1
lennart,1
lennie,1
leno,1
lenoir,1
lenore,1
lenox,1
lensa,1
lenski,1
lensky,1
lenten,1
lentera,1
lentigny,1
lenton,1
lenz's,1
lenzburg,1
lenzspitze,1
leoben,1
leonard's,1
leone's,1
leonetti,1
leong,1
leonid,1
leonidovich,1
leonov,1
leontes,1
leontes's,1
leontine,1
leontyne,1
leopold's,1
leopoldina,1
leopoldo,1
leopoldville,1
leora,1
leorio,1
lepage,1
lepchas,1
lepidus,1
leppilampi,1
leprosy,1
leptanilloidinae,1
lerambert,1
lerdo,1
lerdorff,1
lerman's,1
lermontov,1
lerner's,1
lescott,1
leser,1
leshkowich,1
leslie's,1
lesnar's,1
lesnes,1
lessing's,1
lestrade,1
leth,1
lethbridge,1
lethe,1
lethpora,1
letitia,1
letizia,1
letourneau,1
letran,1
letterbox,1
lettermen,1
lettre,1
lettres,1
letzte,1
leuninger,1
leuven,1
leuvu,1
lev,1
levallois,1
levend,1
levenot,1
levenson,1
leventhal,1
leventritt,1
leveque,1
leveraged,1
leveraging,2
leverhulme,1
levi's,1
levite,1
levitow,1
levu,1
lew,1
lewin,1
lewisham,1
lewisite,1
lewisohn,1
lewy,1
lexicon,2
lexikon,1
lexington's,1
ley's,1
leyden,1
leyla,1
leyli,1
lhasa,1
lhikan,1
li'l,1
liadan,1
liadan's,1
liadian,1
liaisons,1
lian,1
lianxin,1
liana,1
liane,1
liangshan,1
liangying,1
liao,1
liaquat,1
lias,1
lib,1
liban,1
libba,1
libby,1
libellulidae,1
liber,1
liberalis,1
liberator,1
liberland's,1
libertadores,1
libertas,1
libertine,1
libertines,1
liberto,1
liberty's,1
libido,1
libiya,1
libreria,1
libro,1
libya's,1
libyssa,1
lichtenberger,1
lichtenburg,1
lichtenstein,1
lickerish,1
lickle,1
licks,1
liddle,1
lidgbird,1
lidl,1
liebe,1
liebenwerda,1
liebesman,1
liefering,1
lienig,1
liepa,1
lieutentant,1
liev,1
liezele,1
lifar,1
lifebox,1
lifeline,1
lifeson,1
lifshitz,1
ligeia,1
ligeti,1
liggy,1
lightbox,1
lightening,1
lightner,1
lightyear,1
ligier,1
ligonier,1
lih,1
lijn,1
lika,1
likas,1
lil'ray,1
lila,1
lilacs,1
lilian,1
lilienfeld,1
lilja's,1
lilla,1
lillegraven,1
lillehammer,1
lilli's,1
lillie,1
lillith's,1
lillo,1
limbaugh,1
limboo,1
limburg,1
limburger,1
limburgian,1
limehead,1
limehouse,1
limelight,2
limes,1
liminal,1
limited's,1
limnologists,1
limnology,1
limnoria,1
limoux,1
limpus,1
linares,1
lincecum,1
lincei,1
lincroft,1
lindbergh,1
lindbergh's,1
lindberghs,1
linde,1
lindeberg,1
lindfors,1
lindholm,1
lindin,1
lindman,1
lindsay's,1
lindsborg,1
lindy,1
linego,1
lineman,2
lingam,1
lingams,1
lingard,1
lingat,1
linghui,1
lingua,1
linguasphere,1
lingulida,1
linguliformea,1
lingvo,1
link's,1
linke,1
linkshire,1
linley,1
linndrum,1
linnaean,1
linney,1
linnhe,1
lino,1
linqu,1
linstone,1
linus,1
linux's,1
linwood,1
lion's,2
lionblaze,1
lioness,1
lionhearted,1
lionpaw,1
liopleurodon's,1
lipetsk,1
lipljan,1
lipman,1
lippard,1
lippe,1
lippi,1
lippoldswilen,1
lipsius,1
lipstick,2
liqueurs,1
liquorice,1
lisbet,1
liseberg,1
lisel,1
liskamm,1
lismanaapa,1
lissitzky,1
lissy,1
lister,1
lister's,1
litani,1
litas,1
liteace,1
literackie,1
literatures,2
litherland,1
lithuanians,1
lititz,1
litmus,1
lito,1
litt,1
littlefield,1
littlest,1
littleton,1
litton,1
littoria's,1
liturgie,1
litvak,1
liu's,1
liudmila,1
liva,1
livadeia,1
livejournal,1
livermere,1
livermore,1
livermore's,1
livin,1
livingston,1
livingstones,1
livonian,1
livy,1
liwaa,1
liwayway,1
lizewski,1
lizzo,1
ljig,1
ljubicic,1
ljubo,1
ljusnan,1
llagostera,1
llamas,1
llandaff,1
llanddewi,1
llanfairpwllgwyngyllgogerychwyrndrobwllllantysiliogogogoch,1
llangollen,1
llanos,1
llantwit,1
llap,1
llaw,1
lleu,1
llewellyn,1
llorente,1
llorona,1
lloyd's,1
llubera,1
llueve,1
lluta,1
llwyth,1
llywelyn,1
lof,1
lopresti,1
loa,1
loach's,1
loachapoka,1
loammi,1
loar,1
lobachevsky,1
lobato,1
lobbying,1
lobdell,1
lobera,1
lobina,1
lobkowitz,1
lobos,1
lobsang,1
lobsgows,1
lobster,2
locacaca,1
lochaber,1
lochee,1
loches,1
locke's,1
lockerbie,1
lockerud,1
locksmiths,1
loco,2
locutus,1
lodewijk,1
lodha,1
lodi,1
loeffler,1
loehr,1
lofton,1
loftus,1
loganadhan,1
loganathan,1
logar,1
loge,1
logentradition,1
logic's,1
logone,1
logosarda,1
lohan,1
lohengrin,1
lohman's,1
lohri,1
loir,1
lois's,1
loishangs,1
loitering,1
lojban,1
lokhande,1
loki,1
lokkanat,1
lokomotiva,1
lokossa,1
lokpal,1
loli,1
lolita,1
lollie,1
lolyne,1
lomas,1
lomax,1
lombard,1
lombardi,1
lombardy,1
lombax,1
lome,1
lomnice,1
lomonosov,1
lona,1
londe,2
londoner,1
loney,1
longfellow,1
longfellow's,1
longfin,1
longford,1
longhair,1
longinus,1
longji,1
longman,1
longmans,1
longmont,1
longmore,1
longplay,1
longrich,1
longships,1
longstreet's,1
longsword,1
longueira,1
longueville,1
longus,1
longview,1
lonsdale's,1
loo,1
looe,1
looksmart,1
lookingglass,1
loomis,1
looney,2
looniverse,1
looptroop,1
loos,1
loosed,1
loot,1
lopes,1
lophornis,1
lophozonia,1
lopota,1
loppy,1
lora,1
lorand,1
loranthaceae,1
lorca,1
lorcas,1
lorch,1
lordi,1
lordiphosa,1
lorelai,1
lorelei,1
lorenz,1
lorenzetti,1
lorenzo's,1
loreto,1
loretti,1
loretto,1
lorimar,1
lorrain,1
lorre,1
lorrie,1
lorsch,1
lorule,1
losey,1
loski,1
losser,1
lotfi,1
loth,1
lothar's,1
lotharingia,1
lott,1
lottia,1
lotto,1
lotz,1
louco,1
loudest,2
loudon,1
loudy,1
loue,1
louella,1
loufrani,1
loughnan,1
loughner,1
louisa's,1
loukas,1
loula,1
lounsbery,1
louth,1
louvinia,1
lovaas,1
lovat,1
lovato's,1
lovatt,1
lovecats,1
lovecraft,1
lovecraft's,1
lovejoy,1
loveland,1
loveline,1
lovells,1
lovelock,1
lovelyz's,1
lovemaster,1
lovens,1
loverboy,1
lovie,1
loviisa,1
lovin,1
lovine,1
lovins,1
lovo,1
lovozersky,1
lovrek,1
lowari,1
lowe's,1
lowell's,1
lowerarchy,1
lowes,1
lowis,1
lown,1
lowndes,1
lowry,1
lowtax,1
loxahatchee,1
loyola,1
loza,1
lrrr,1
ltda,1
luaine,1
luapula,1
luara,1
lubanki,1
lubasha,1
lubbock,1
lubeck,1
lubinszky,1
lubitsch,1
lubomirski,1
lubonja,1
lubwa,1
luby,1
lucan,1
lucasfilm,1
lucasta,1
lucayan,1
lucchese,1
lucchetti,1
lucci,1
lucea,1
lucena,1
lucero,1
luchas,1
luche,1
lucho,1
luci,1
luciamorgon,1
lucian,1
lucic,1
lucifer,1
lucilfer,1
lucilio,1
lucilius,1
lucille,1
lucinda,1
lucio,1
ludacris,1
ludgate,1
ludlow,1
ludovic,1
ludovico,1
ludowe,1
ludvig,1
lue,1
luermen,1
luffield,1
luffy,1
lufkin,1
luftballons,1
lugalbanda,1
lugano,1
lugar,1
luger,1
lughnasa,1
lugo's,1
lugosi,1
lugus,1
luhansk,1
luhanske,1
luichart,1
luigi's,1
luisa,1
luise,1
luk,1
lukang,1
luken,1
luks,1
lulusar,1
lumbini,1
lumen,1
lumia,1
lumialani,1
luminiferous,1
luminol,1
lumpur,1
lumumba,1
luna's,1
lunala,1
lunan,1
lunatic,1
lunceford's,1
lundberg,1
lundbohm,1
lundell,1
lundergren,1
lundquist,1
lundsbergs,1
lundstrema's,1
lungless,1
lungu,1
lunice,1
lunsford,1
lunstrom,1
luo,1
luongo,1
luosto,1
lupe,1
lupo,1
lupoff,1
lupu's,1
luri,1
luria,1
luritja,1
lurye,1
lusaka,1
lusamine,1
luscinus,1
lushniak,1
lusitania,1
luske,1
lussier,1
lust's,1
lustra,1
lutang,1
lutherans,1
lutte,1
luttig,1
luv,1
luvli,1
lux,1
luxford,1
luxor,1
luyan,1
luyang,1
luyken,1
luynes,1
luz,1
lv,1
lvivkholod,1
lvov,1
ly,1
lyadska,1
lyallpur,1
lyapunov,1
lycaon,1
lycee,1
lychees,2
lycosa,1
lycosidae,1
lyell's,1
lykov,1
lympany,1
lyn,1
lynbrook's,1
lynden,1
lyngea,1
lyngstad,1
lynnhaven,1
lyon's,1
lys,1
lysimachus,1
lyslo,1
lyssavirus,1
lystrom,1
lythgoe,1
lytton,1
m'sila,1
m'ba,1
m'baye,1
m'n,1
mabs,1
mag,1
magix,2
mal,1
mappa,1
marez,1
mbbs,1
mbco,1
mbna,1
mbta's,1
mbts,2
mbw,1
mbasogo,1
mbits,1
mc's,1
mca,1
mchl,1
mcn,1
mcp,1
mcs,1
mdc,1
mdi,1
mdma,1
mea,2
measat,1
mec,1
medc's,1
mefs,1
memri,1
mems,1
mepis's,1
meps,1
mevtv,1
mewr,1
mexsiam,1
mfdp,1
mga,1
mgb,1
mgc,1
mgimo,1
mgk,1
mgm's,1
mgr,1
mgs,1
mhc,1
mhi,1
mhp,1
mii's,1
milf,1
mit's,1
miti,1
miui,1
mki,1
mks,1
mkx,1
mkz,1
mlas,1
mli,1
mlv,1
mmaj,1
mmc,1
mmm,1
mmt,1
mna,1
moap,1
moba,1
mobo,1
moca,1
mofs,1
moniac,1
mop,1
mose,1
mosfet,1
mosfets,1
mpa,1
mpdostip,1
mpn,1
mpt,1
mpv,1
mphil,1
mra,1
mrb,1
mrdo,1
mri,1
mrsa,1
mrtr,1
mroth,1
mse,1
msv,1
mtbi,1
mtdc,1
mtf,1
mtk,1
mtm,1
mtow,1
mtrcb,1
mvc's,1
mvg,1
mviaa's,1
mvps,1
mwa,1
mwe,1
mybp,1
ma'an,1
ma'anshan,1
ma'at's,1
mangadi,1
maachhis,1
maailma,1
maakhir,1
maamobi,1
maap,1
maasai,1
maasi,1
maawa,1
mabechi,1
mabilon,1
mabinogi,1
mable,1
maccallum,1
macdonagh,1
macevoy's,1
macfarlane,2
macgowan,1
macguffins,1
macilwraith,1
macinnis,1
mackaye,1
mackinnon,1
mackintosh,1
maclea,1
maclennan,1
macneil,1
macnicol,1
macpherson,2
macquarrie,1
macquillans,1
macabre,2
macal,1
macaroni,1
macarthagail,1
macbeth's,1
maccabaeus,1
maccabi,1
maccabiah,1
macclesfield,1
macduff,1
macduff's,1
macedonians,1
macha,1
machairitsas,1
machalilla,1
macher,1
machern,1
machete,2
machias,1
machico,1
machida,1
machiko,1
machinima,2
macho,1
machowski,1
machteld,1
machtergreifung,1
macias,1
maciel,1
macintosh,1
mackie,1
mackinaw,1
macklin,1
mackye,1
maclachlan,1
maclagan,1
maclaurin,1
macleans,1
macleay,1
macleod,1
maclou,1
macro,1
macromanagement,1
macroom,1
macropaedia,1
macs,1
macular,1
macworld,1
mada,1
madalena,1
madama,1
madanapala,1
madang,1
madara's,1
madarasz,1
madarsha,1
madasani,1
madda,1
maddie's,1
madding,1
maddingham,1
maddison's,1
maddock,1
maddux,1
maddy,1
madeleine's,1
madgulkar's,1
madhouse,1
madhubala,1
madhumita,1
madhusoodanan,1
madhvacharya,1
madhvacharya's,1
madiba,1
madidi,1
madigan,1
madina,1
madiot,1
madison's,1
madiwala,1
madlax,1
madly,2
madness,1
madonna's,1
madre,1
madrigal,2
madruzzo,1
mads,1
madsen's,1
madureira,1
maebashi,1
maelgualai,1
maelo,1
maenads,1
maffay,1
mafikeng,1
mafli,1
mafraq,1
mag's,1
magaguadavic,1
magan,1
magarsaa,1
magasiva,1
magda,1
magdeburg,1
magdelena,1
magela,1
magellan,1
maggia,1
maggio,1
maggots,2
maghfoor,1
maghnia,1
maghreb,1
maghrib,1
magician's,1
magick,1
magister,1
magisters,1
magmas,2
magnesia,1
magneta,1
magnetoresistive,2
magnetospheric,2
magnificat,1
magnone,1
magnuson,1
magowan,1
magri,1
magruder's,1
maguindanao,1
magura,1
mahabodhi,2
mahabad,1
mahabat,1
mahabharta,1
mahadevi,1
mahakala,1
mahakali,1
mahalakshmi,1
mahamuni,1
mahanagara,1
maharaj,1
maharajahs,1
maharasa,1
maharbal,1
mahasangam,1
mahasweta,1
mahbub,1
mahdi,1
mahdism,1
mahdists,1
mahdiyya,1
mahehi,1
mahendragiri,1
mahendravarman,1
mahendravarman's,1
mahesh,1
maheshwari,1
mahfuzur,1
mahila,1
mahilyow,1
mahinda,1
mahindra,1
mahinulani,1
mahiwal,1
mahjong,1
mahler's,1
mahmudullah,1
mahomed,1
mahomet,1
mahon,1
mahoning,1
mahratta,1
mahuevo,1
mahwah,1
maia,1
maidan,1
maidenhair,1
maids,1
maihar,1
mailer,1
mailhot,1
mailing,2
maimed,1
mainliner,1
mainpuri,1
maintiendrai,1
maio,1
mairead,1
mairie,1
maitland,1
maiya,1
maizono,1
maj,1
maja,1
majah,1
majd,1
majene,1
majerus,1
majestic,2
majhi,1
majid,1
majlish,1
majorie,1
majursahi,1
mak,1
makaan,1
makabe,1
makaira,1
makalani,1
makani,1
makar,1
makarevich,1
makarrata,1
makassar,1
makassars,1
makemytrip,1
makerere,1
maki,1
makishi,1
makizushi,1
makkah,1
makke,1
makra,1
makran,1
maksymilian,1
maktoub,1
makuleke,1
makushin,1
mala,2
malachowsky,1
malachy's,1
malaclemys,1
malacologia,1
malacology,1
malaga,1
malaichami,1
malaipattu,1
malak,1
malakian,1
malamel,1
malaparamba,1
malappuram,1
malarchuk,1
malarvizhi,1
malate,1
malawian,1
malaysia's,1
malaysian,1
malaysians,1
malazgirt,1
malbone,1
malcontent,1
malda,1
malden,1
maldivians,1
maldonado,1
malea,1
malear,1
maleficent,1
maleficient,1
malefor,1
malek,1
malekandathil,1
malenkaya,1
malenko,1
maleny,1
maleshevo,1
maletin,1
malevich,1
maleville,1
malharo,1
mali's,1
malia,1
malikis,1
maliku,1
malina,1
malintrat,1
malka,1
malkot,1
malla,1
malleswari,1
mallika,1
mallinson,1
mallite,1
mallophaga,1
mallott,1
malloy,1
mallya,1
malmedy,1
malmeneich,1
malolos,1
maloney,1
malory,1
malott,1
malpighi,1
malpighiaceae,1
maltbie,1
malthusian,2
malting,1
maltings,1
maltreating,1
maltseva,1
maluf,1
maluma,1
malvern,1
malvo,1
malvolio,1
maly,1
mamaroneck,1
mamasanis,1
mamba's,1
mamdouh,1
mame,1
mamertinus,1
mamieru,1
mamikonian,1
mamillus,1
mamlakat,1
mamluk,1
mammalia,1
mammalogy,1
mammas,1
mammy,1
mamu,1
mamye,1
manacles,1
manafort,1
manager's,2
manahactanienk,1
manali,1
manampuzha,1
manantial,1
mananya,1
manasseh,1
manatee,2
manaus,1
manber,1
manchester's,1
manchukuo,1
manchurian,1
mandahu,1
mandalorians,1
mandarin's,2
mandaue,1
mande,1
mandela's,1
mandelbaum,1
manden,1
mander,1
mandie,1
manding,1
mandip,1
mando,1
mandrake,1
mandrakelinux,1
mandrills,1
mandui,1
mandurah,1
mandy,1
manege,1
manelli,1
manero,1
maneuvering,2
manex,1
mangalore,1
mangalsutra,1
manganhars,1
mangani,1
mangano,1
mange,1
mangere,1
mangeshkar,1
mangla,1
mangu,1
mangum,1
manhart,1
manhattanville,1
manhunter,1
manicad,1
manicouagan,1
manifestations,2
manigault,1
manik,1
manikongo,1
manimal,1
manimangalam,1
manisa,1
manisaspor,1
manisha,1
manivannan's,1
maniwaki,1
manjal,1
manjia,1
mankara,1
manlius,1
manna,2
mannargudi,1
mannaru,1
mannerla,1
manningham,1
mannlicher,1
mannoni,1
manoe,1
manoel,1
manoel's,1
manoeuvring,1
manon,1
manor's,1
manorom's,1
manos,1
manotte,1
manpreet,1
mansaram,1
mansehra,1
mansfeld,1
manshankar,1
manso,1
mansoor,1
manspura,1
manstein,1
mansur,1
mantaray,1
mantas,1
mantelpiece,1
manthan,1
manthorpe,1
mantibovu,1
mantidea,1
mantids,1
manto's,1
manuae,1
manuela,1
manus,1
manxome,1
manzanillo,1
manzikert,1
maoist,1
maoris,1
maplestory,1
maplewood,1
mapoon,1
mapuche,1
mapuches,1
maputo,1
maqsood,1
maradi,1
maradona,1
maramuresh,1
marand's,1
marapinti,1
marathahalli,1
marathas,1
marauder's,1
marazion,1
marbaq,1
marbella,1
marber,1
marber's,1
marberger,1
marburg,1
marcella,1
marcello,1
marchand,1
marche,1
marcheline,1
marchell,1
marchesi,1
marchesvan,1
marci,1
marciano,1
marciano's,1
marcianople,1
marcille,1
marcin,1
marcinelle,1
marco's,1
marcos's,1
mardonius,1
marduk,1
mare's,1
maremma,1
marennes,1
maresuke's,1
marfil,1
margarethe,1
margarita's,1
margaritas,1
marge's,1
margery,1
margery's,1
margherita's,1
margiana,1
margit,1
margitta,1
margu,1
mariachi,1
mariah's,1
mariam,1
mariamman,1
mariandel,1
marianettes,1
marias,1
maribor,1
maricopa,1
marie's,1
mariehamn,1
mariella,1
marienkirche,1
mariental,1
mariette,1
marigot,1
marija,1
marikkar,1
mariloup,1
marina's,1
mariner's,1
mariners,2
marini,1
marinus,1
mariono,1
maris,1
marischal,1
marissa,1
marist,1
marist's,1
marita,1
maritsa,1
marittima,1
marix,1
mariyam,1
marja,1
marjeyoun,1
marjolein,1
marke,1
markham,1
markina,1
markku,1
marklund,1
marko,1
markoe,1
markus,1
markussen,1
marky,1
marlesford,1
marlow,1
marlowe's,1
marmande,1
marmara,1
marmontel,1
marmoset,2
marmotini,1
marmots,2
marn,1
marner,1
marnie,1
maroc,1
marois,1
maron,1
maroons,1
marpa,1
marquand,1
marquesses,1
marqueyssac,1
marrakesh,1
marrapinti,1
marree,1
marrenner,1
marriott,1
marritt,1
marron,1
marrubium,1
marruwa,1
marryon,1
marsa,1
marschallin,1
marsciano,1
marseilles,1
marshals,2
marsiling,1
marston,1
marston's,1
marsy,1
martelli's,1
martens,1
martha's,1
marthaguy,1
marthasville,1
martina,1
martinair,1
martinice,1
martinique,1
martinis,1
martins,1
martinsburg,1
martinus,1
marto,1
marttinen,1
martyn,1
martynas,1
martyr's,1
marudanadi,1
maruja,1
marulanda,1
marumo's,1
maruoka,1
maruri,1
maruyama,1
maruyama's,1
marvi,1
marvolo,1
marx's,1
maryada,1
marybeth,1
maryborough,1
maryland's,1
maryna,1
maryon,1
marys,1
maryse,1
marzahn,1
marzelline,1
masaaki,1
masada,1
masafumi,1
masako,1
masala,1
masamune,1
masaryk,1
masatoshi,1
masbate,1
mascall,1
maschka,1
mascolo,1
mascouche,1
mase,1
maserati,1
maserfield,1
masetto,1
masherbrum,1
mashina,1
mashiro,1
masi,1
masina,1
masjed,1
maskarade,1
maskin,1
maslach,1
maslow,1
mason's,1
masood,1
masoretes,1
masos,1
masry,1
massmutual,1
massachussetts,1
massages,1
massaker,1
massalia,1
massapequa,1
massaro,1
massey,1
massialot,1
massiani,1
massinger,1
masson,1
massot,1
massu,1
masterchef,1
masterplan,2
mastersingers,1
masti,1
mastichochoria,1
mastkhel,1
masto,1
mastodon,1
mastoer,1
mastrilli,1
masurian,1
matale,1
matalin,1
matamoros,1
matan,1
matangini,1
matar,1
mataram,1
matatoba,1
matawan,1
matawinie,1
matchbox,1
matchstick,1
mateen,1
matej,1
matejko,1
mateos,1
maternity,2
mateschitz,1
mathavia,1
mathematicae,1
matheos,1
mather,1
mathewson,1
mathieu,1
mathilda,1
mathison,1
mathivathani,1
mathonwy,1
mathurin,1
mathurine,1
mathus,1
matignon,1
matkal,1
matlow,1
mato,1
matoro,1
matoshi,1
matriarchs,1
matrilineal,2
matron,1
matsubayashi,1
matsudaira,1
matsui,1
matsunaga,1
matsuo,1
matsuri,1
matsusaka,1
matsuura,1
matsuyama,1
matsuzaka,1
matt's,1
mattannur,1
matterhorn,1
mattingly,1
mattis,1
mattsson,1
matuidi,1
maugrim,1
mauisaurus,1
maules,1
maungatautari,1
maupertuis,1
maurais,1
maure,1
maurer,1
mauretania,1
mauriac,1
maurine,1
mauritanian,1
maurits,1
mauron,1
maurya,1
mauryan,1
maus,1
mausoleums,1
maute,1
maveric,1
mavericks,1
mavis,1
mavor,1
mavulis,1
max's,1
maxene,1
maxentius,1
maxhuni,1
maxi,1
maxie,1
maxim,1
maxima,1
maxime,1
maximi,1
maximian,1
maximianus,1
maximiliaan,1
maximiliano,1
maxims,1
maximuscle,1
maxine,1
maxinquaye,1
maxwell's,1
maxxie,1
may's,1
mayak,1
mayall's,1
mayan,1
mayana,1
maybellene,1
mayda,1
mayennais,1
mayetta,1
maylay,1
mayonnaise,1
mayotte,1
mayr's,1
mayrink,1
mays,1
mayura,1
mazama,1
mazari,1
mazarin,1
mazeline,1
mazelle,1
mazo,1
mazowsze,1
mazu,1
mazzanti,1
mazzara,1
mazzini,1
mazzola,1
mazzoleni,1
mbabane,1
mbam,1
mbasonga,1
mbayiyane,1
mbekelweni,1
mbhuleni,1
mbit,1
mbomou,1
mbps,1
mbuti,1
mcadam,1
mcallister's,1
mcalpine,1
mcanally,1
mcaulay,1
mcbain,1
mccahon,1
mccallisters,1
mccalls,1
mccandless,1
mccann,1
mccann's,1
mccarthyism,1
mccary,1
mccaskill,1
mccaughan,1
mccauley,1
mcclane's,1
mcclelland,1
mcclernand,1
mcclintock's,1
mcclinton,1
mccloy,1
mcclure,1
mccollum,1
mccombs,1
mcconaughey,1
mcconnell,1
mccormick,1
mccormicks,1
mccotter,1
mccoy,1
mccrae,1
mccready,1
mccredie,1
mccreery,1
mccullers,1
mcculloch,1
mcculloch's,1
mccuskey,1
mccutcheon,1
mcdade,1
mcdaniels,1
mcdonaldland,1
mcdowell's,1
mcduff,1
mceathron,1
mcelhinney,1
mcelhone,1
mcevilley,1
mcfeast,1
mcgahan,1
mcgahon,1
mcgauley,1
mcgillycuddy's,1
mcginley,1
mcginnis,1
mcglynn,1
mcgolpin,1
mcgonagall,1
mcgowan,1
mcgrady,1
mcgreevey,1
mcgriff,1
mcgrillen,1
mcguire,1
mcilrath,1
mckean,1
mckegney,1
mckenzie,2
mckenzies,1
mckeown,1
mckeown's,1
mckernan,1
mckillop,1
mckillops,1
mckinney,1
mckinney's,1
mckissack,1
mclaren's,1
mclarty,1
mclaughlin,1
mclear,1
mclemore,1
mclennan,1
mcleod,1
mcloon,1
mcluhan,1
mcmahon's,1
mcmain,1
mcmanarney,1
mcmichael,1
mcmichaels,1
mcmillan's,1
mcminn,1
mcnally,1
mcneal,1
mcneil,1
mcneill,1
mcnish,1
mcpake,1
mcquay,1
mcqueen,1
mcquillan,1
mcreynolds,1
mcspadden,1
mcteer,1
mctiernan,1
mctigue,1
mcturnan,1
mcwhinney's,1
mcasso,1
mea'ole,1
meadow,2
meadowbrook,1
meander,1
meanies,1
mears,1
meathead,1
meatplow,1
meaty,1
mebarak,1
mebius,1
mecbursun,1
meccans,1
mechanus,1
mechelen,1
mecher,1
mechnikov,1
mechsonic,1
mecnun,1
mecodema,1
mecosta,1
med,1
medawar,1
medeho,1
medenine,1
medes,1
mediamate,1
medianews,1
mediashift,1
mediacrest,1
mediation,2
mediazona,1
medic,2
medicean,1
medici's,1
medicis,1
medico,1
medicum,1
medora,1
meds,1
medusa's,1
medwick,1
mee,1
meek,1
meeks,1
meenad,1
meenakshi,1
meerkats,2
meerut,1
megabats,1
megachilidae,1
megachiroptera,1
megafaunal,1
megaflooding,1
megaherbivores,1
megalodon,2
megalopolis,1
meganesia,1
meganyctiphanes,1
megascopic,1
megatherium's,1
megatrons,1
meggitt,1
meghraj,1
megiddo,1
megyn,1
mehboob,1
mehinwal,1
mehler,1
mehmet,1
mehndi,1
mehndi's,1
mehojah,1
mehr,1
mehrapur,1
mehrauli,1
mehtab,1
meig,1
meijer,1
meikle,1
meilani,1
meinecke,1
meinhart,1
meintjies,1
meir,1
meisling,1
meissner,1
meissner's,1
meister,1
meiteis,1
mekemeke,1
mekfoula,1
mekuria,1
melaleuca,1
melancholic,1
melancholics,1
melanoma,2
melanson,1
melbourne's,1
melchior,1
melchizedek,1
melendi,1
melford,1
melgarejo,1
melipoma,1
melisande,1
melitauri,1
melkite,1
melksham,1
mell,1
mellifont,1
melling,1
mellini,1
mellink,1
mello,1
mellotron,1
melman,1
melodifestival,1
melodiya,1
melodrama,1
melora,1
melosa,1
melot,1
melquiades,1
melrose,1
melson,1
melton,1
meltzer,1
meltzer's,1
melvill,1
melville,1
melvin,1
melvyn,1
memo,2
memoization,1
memrise,1
memristors,1
mena,1
menachem,1
menagarie,1
menagement,1
menagerie,1
menard,1
mencius,1
mendel,1
mendel's,1
mendelsohn,1
mendelson,1
mendelssohn,1
menderes,1
mendez,1
mendoza's,1
menem,1
menen,1
meneses,1
menestheus's,1
mengering,1
menghwaars,1
meninas,1
menken,1
menlo,1
mennell,1
menno,1
mennonites,1
menomonee,1
menopause,2
menor,1
menorca,1
mensajera,1
mensheviks,1
mensuration,1
menteri,1
menthe,1
menuhin,1
meowingtons,1
meppel,1
merah,1
merak,1
merangulyan,1
merate,1
mercantile,1
merchant's,1
merci,1
mercians,1
mercier,1
mercouri,1
mercyful,1
merdeka,1
mere's,1
mereczowszczyzna,1
meredith's,1
merel,1
merenre,1
mereschkowsky,1
merian,1
meriden,1
meridiani,1
merinda,1
merino,1
merion,1
merionethshire,1
meristematic,1
merit's,1
meritorious,1
merkerson,1
merkey,1
merkulov,1
merlischachen,1
merloni,1
merlotte,1
merlotte's,1
mermaids,1
merman,1
merope,1
merovech,1
merovingians,1
merrell,1
merrie,1
merrill's,1
merrimack,1
merrionette,1
merseburg,1
mersey,1
merseyrail,1
merseyside,1
merthyr,1
meruswamy,1
merveilleuse,1
merwe,1
merzak,1
mesabi,1
mescalero,1
meselson,1
mesenian,1
mesereau,1
meseta,1
meshech,1
meshida,1
meshkov,1
meskhetian,1
mesohyl,1
mesorogiwi,1
mesoscale,1
mesozoa,1
mesprit,1
mesquida,1
messam,1
messengers,1
messerschmitts,1
messi,1
messi's,1
messias,1
messick,1
messier,1
messinian,1
messy,2
mestach,1
mestizo,2
metlife,1
metairie,1
metallica,1
metalloinvest,1
metallurgical,1
metamorphoses,1
metaphilosophers,1
metastasio,1
metatron,1
metaxas,1
metazoa,1
metcalf,1
metcalfe,1
metecritic,1
metformin,1
methadone,1
methana,1
methge's,1
methven,1
metinaro,1
metrostars,1
metrodome,1
metroids,1
metrolink's,1
metronome,1
metropolitano,1
metropolitans,1
metropoliteni,1
metrorail,1
metta,1
metternich's,1
mettetal,1
mettingen,1
metuje,1
metz,1
metzenmacher,1
meudon,1
meurer,1
meursault,1
meurthe,1
meuse,1
mewshaw,1
mex,1
mexica,1
mexicain,1
mexicano,1
meye,1
meyerhold,1
meyers,1
meylan,1
mezmerize,1
mezuzahs,1
mezzogiorno,1
mi'kmaq,1
mia's,1
miacoidea,1
miagao,1
mianwali,1
miasnikyan,1
miastkowska,1
micah,1
micaiah,1
mich,1
michaela,1
michaelmas,1
michalchewski,1
michalka,1
micheaux's,1
michelettes,1
michelina,1
michell,1
michelson,1
michetti,1
michif,1
michihira,1
michiko,1
michiru,1
michoohall,1
michyeo,1
mickiewicz,1
miconia,1
microaerophiles,1
microbial,2
microbiology,2
microbiome,1
microchiroptera,1
micrographia,1
micrographica,1
micropachycephalosaurus,1
micropolitan,1
microprogramming,1
microprose,1
microservices,1
microtransaction,1
midatlantic,1
midband,1
middenveld,1
middes,1
middleborough,1
middlebury,1
middleditch,1
middlehaven,1
middleman,1
midgar,1
midgard,1
midgets,1
midgigoroo,1
midhurst,1
midowei,1
midshipmen's,1
midshires,1
midsomer,1
midwives,1
miedzylesie,1
miel,1
mieminger,1
miep,1
mierce,1
mierlo,1
miggi,1
might's,1
migrations,2
mihaescu,1
mihail,1
mihailo,1
mihailovac,1
mihaita,1
mihara,1
mihindu,1
miho,1
mihret,1
mihrimah,1
mikado,1
mikami,1
mikao,1
mike's,1
miki,1
mikko,1
mikky,1
miklas,1
mikos,1
mila,2
milady,1
milagre,1
milagros,1
milando,1
milanese,1
milankovic,1
milat,1
milbank,1
milchwirtschaftsausstellung,1
mildner's,1
milestones,2
miley's,1
milgram,1
milgram's,1
milhaud,1
milhouse's,1
milica,1
militarism,1
militarization,1
milkyar,1
millais,1
millard,1
millares,1
millau,1
millay,1
millenium,1
millennial,1
millerand,1
milli,1
millington,1
millom,1
millonarios,1
millpost,1
mills's,1
millses,1
millson,1
millward,1
milly,1
milmore,1
milne,1
milo's,1
milojo,1
milot,1
milpitas,1
milram,1
milt,1
mima,1
mimas,1
mimikyu,1
mimmi,1
mimmo,1
mimmy's,1
mimna,1
mimosaceae,1
mimosoideae,1
mims,1
mimura,1
minaj's,1
minakakis,1
minakshi,1
minam,1
minami,1
minamino,1
minamisanriku,1
minar,2
minato,1
minco,1
mindtap,1
mindara,1
mindbenders,1
minder,1
minding,1
mindolluin,1
mindstorms,1
mindulle,1
mindy,1
mindy's,1
mineola,1
miner,2
minerale,1
mingella,1
mingo,1
minguo,1
mini's,1
minimetro,1
minifred,1
minitel,1
minja,1
minke's,1
minkowski,1
minliar,1
minnan,1
minnesinger,1
minnetonka,1
minnie's,1
minobu,1
minor's,1
minsheng,1
minsk,1
minstrels,2
minta,1
mintaka,1
minturn,1
minutiae,1
minx,1
minyintiri,1
miollis,1
mipo,1
mique,1
miquelon,1
mir,1
mirabeau,1
mirae,1
miraj,1
miramonte,1
mirasi,1
mireya,1
mirin's,1
mirko,1
mirkwood,1
miro,1
miron,1
mirpuri,1
mirrigan,1
mirror's,1
mirvans,1
mirzakhani,1
mirzapur,1
mirzas,1
misaka,1
misako's,1
misantla,1
misao,1
miscellanneous,1
miscellany,1
mises,1
misgar,1
mishnah,1
mishra,1
misiones,1
miso,2
misopogon,1
mispronunciation,2
misquoting,1
misseghers,1
missiology,1
missione,1
mississauga,1
mississippi's,1
missourian,1
missourians,1
missy,1
mistri,1
mists,1
mistula,1
misuari,1
misumena,1
mitag,1
mitarai's,1
mitcham,1
mitford,1
mithridates,1
mithril,2
mito,1
mitogenomic,1
mitoyo,1
mitra,1
mitre,1
mitrokin,1
mitropa,1
mitropoulos,1
mitsubishis,1
mitsuha,1
mitsui,1
mitsumata,1
mitsuo,1
mitsuru,1
mittell,1
mittenaere,1
mitzel,1
mitzvah,1
miu,1
mius,1
mixmag,1
mixe,1
miya,1
miyaki,1
miyamoto's,1
miyata,1
miyazawa,1
mizan,1
miziner,1
mizo,1
mizuguchi,1
mizuhara,1
mizuki,1
mizunoo,1
mkongomo,1
mkrtchyan,1
mlad,1
mladenovic,1
mladorossi,1
mladost,1
mlangeni,1
mlle,1
mme,1
mnemic,1
mnemonic,2
mod,1
moai,1
moamoriya,1
mobbing,1
mobil,1
mobile's,1
mobiles,1
mobilisation,1
mobilizon,1
mochida,1
mochida's,1
mochitsuki,1
mockingjay,1
mockus,1
mocnym,1
mocoa,1
moctezuma,1
mocumbi,1
modalism,1
modderdam,1
modell,1
moder,1
moderna,1
moderne,1
modernity,2
modernizirovannyi,1
modgrudr,1
modi,1
modifiers,2
modise,1
modo,1
moeran,1
moerdijk,1
moeritherium,1
moesha,1
mogadiscio,1
mogador,1
mogallus,1
mogel,1
moglen,1
mogul,2
mohaiminul,1
mohale's,1
mohamad,1
mohamammad,1
mohammadi,1
mohan's,1
mohandas,1
moharram,1
mohawks,1
mohicans,1
mohite,1
mohlalisi,1
mohnish,1
moho,1
mohor,1
mohren,1
mohs,1
mohtadi,1
mohtadi's,1
moine,1
moir,1
mois's,1
mojado,1
moju,1
mojzis,1
mokete,1
mokgweetsi,1
mokoena,1
mokpo,1
mokujin,1
mola,1
molegbe,1
molenaar,1
molin,1
molinaro,1
molinas,1
molitor,1
mollet,1
mollicutes,1
molluscan,2
mollymawks,1
molnar,1
moloney,1
molossia,1
molossian,1
molossus,2
moltke,1
moltres,1
mom's,1
mombasa,1
momentive,1
momento,1
momigliano,1
mommy,1
momofuku,1
momoyama,1
mona's,1
monarchist,2
monarto,1
monatshefts,1
monchique,1
monck,1
monclova,1
mondale,1
mondays,1
mondrian,1
moner,1
moneygoround,1
mong,1
monge,1
monges,1
mongie,1
mongini,1
mongla,1
mongo's,1
mongolic,1
mongoloid,1
mongomo,1
monian,1
moniz,1
monk's,1
monkeybone,1
monkeyhangers,1
monkton's,1
monmouth's,1
monnow,1
monobook,1
monohorpur,1
monomail,1
mononobe,1
monoplacophorans,1
monory,1
monozygotic,1
monro,1
monsoor,1
monsorelli,1
monsour,1
monstercat,1
montagne,1
montagny,1
montagu,1
montague,1
montaigu,1
montalcino,1
montalto,1
montalvo,1
montand,1
montanoceratops,1
montauban,1
montboyau,1
montebello,1
montecristi,1
monteiro,1
monteith,1
montelapiano,1
montemayor,1
monterey,1
monterosi,1
monterrey's,1
montesquieu,1
montesquiu,1
montet,1
montezooma's,1
montford,1
montfort,1
montfort's,1
montgaillard,1
montgomery's,1
monticelli,1
montmagny,1
montois,1
montreal's,1
montrose,1
montrouge,1
montserrat,1
montsoreau,1
montuiri,1
monze,1
moody's,1
mookie,1
moola,1
mooloolaba,1
moominland,1
moomins,1
moomintroll,1
moondyne,1
moonglows,1
moonkin,1
moonraker,1
moonsoo,1
moores,1
mooresburg,1
moorhead,1
moorlands,2
moorurayaraganda,1
moosavi,1
mootha,1
mopan,1
mopatop's,1
moraes,1
morag,1
moraga,1
morais,1
morandi,1
morane,1
morano,1
morant,1
morante,1
morath's,1
moratuwa,1
moravians,1
morbid,1
morcar,1
morcerf,1
morcha,1
mordalfus,1
mordecai,1
mordelles,1
morea,1
morecambe's,1
morehead,1
morehouse,1
morelos,1
moresnet,1
moretti,1
morey,1
morgana,1
morganfield,1
morgenecho,1
morgenstierne,1
moriae,1
moriah,1
morial,1
moriarty's,1
morice,1
moriman,1
morimoto,1
morisot,1
morissette,1
moritz,1
moriya,1
morland,1
mormeck,1
mormo,1
mormugao,1
morningside,1
morocco's,1
morogoro,1
moroner,1
moros,1
morot,1
morotai,1
morozova,1
morpeth,1
morphin,1
morphy's,1
morpurgo,1
morrill,1
morrilton,1
morrisons,1
morrow,1
morrowville,1
morsi,1
morta,1
mortemart,1
morticia,1
mortier,1
mortimer's,1
mortise,2
morts,1
morwenna,1
morwenstow,1
morzan's,1
mosaics,2
mosallam,1
mosche,1
moscheles,1
moseby,1
mosfilm,1
mosharov,1
mosharraf,1
moshe,1
moshinsky,1
moshood,1
moshulu,1
moskal,1
moskvina,1
mosley,1
mosolyogva,1
mossel,1
mossi,1
mosso,1
mossos,1
mota,1
mote,1
moten,1
motherelf,1
motherfucker,1
moti,1
motocorp,1
motobu,1
motoko,1
motoori,1
motorhead,1
motorola,1
motorshow,1
motovlogger,1
motpena,1
motte,1
motu,1
motuo,1
moufida,1
mouflon,1
mouhet,1
moultrie,1
mountaineers,2
mountebank,1
mountford,1
mountjoy,1
mountjoy's,1
mountview,1
mourao,1
mourdock,1
mouret,1
mouri,1
mourne,1
mourt's,1
mouscron,1
mouseketeer,1
moussaieff,1
mousse,1
moustache,2
mouton,1
moveable,1
movimento,1
movimiento,2
movius,1
mowbray,1
mowing,1
moy,1
moyamba,1
moyer,1
moynahan,1
moyog,1
mozambique's,1
mozart's,1
mparntwe,1
mroczek,1
mtatsminda,1
mtetwa,1
mthethwa,1
mtila,1
muai,1
mual,1
muammer,1
mubarak's,1
mubeen,1
muck,1
muda,1
mudarris,1
mudasiru,1
mudblood,1
mudbone,1
mudd,1
mudgee,1
mudiyanselage,1
mudkip,1
mudukkwan,1
mueang,1
muehlenbeckia,1
muerte,1
muerto's,1
mufasa,1
mufdi,1
muffat,1
mugabe,1
mugamoodi,1
mugham,1
mugica,1
mugla,1
muhamad,1
muhazi,1
muhiyudin,1
muile,1
muir,1
muiswinkel,1
mujer,1
mujibur,1
mujica,1
mukdi,1
mukerjee,1
mukerji,1
mukhmohit,1
muktagachha,1
mukuchyan's,1
mula,1
mulan,1
mularkey,1
mulde,1
mule's,1
mules,2
mulher,1
mulherin,1
mulholland,1
muli,1
mulia,1
mulia's,1
mull,1
mullah,1
mullaiyaar,1
mullally,1
mullavey,1
mulleavy,1
muller's,1
mullet,1
mullinville,1
mullion,1
mullyash,1
mulraj,1
multan,1
multicamera,1
multicast,1
multiobject,1
multirooms,1
multivitamins,2
muluk,1
muluken,1
mum,1
mumble,1
mummers,1
mummery,1
munchaev,1
munchausen,1
muncie,1
mundesley,1
mundine,1
mundo,2
mundubbera,1
mundy,1
mune,1
mungkan,1
mungo,1
muniong,1
munir,1
munjong,1
munnar,1
munsell,1
munsey,1
munshi,1
munsif,1
muntiny,1
muppavarapu,1
muqtada,1
mur,1
mura,1
murabit,1
murakoshi,1
muramasa,1
murata,1
muren,1
muret,1
murfy,1
muria,1
muridke,1
murikawa,1
murmu,1
murnau's,1
muromachi,1
murray's,1
murrayfield,1
murrumbidgee,1
murrumburrah,1
murry,1
murs,1
mursili,1
murtagh,1
murtagh's,1
murtala,1
murten,1
murtha,1
murthy,1
murugan,1
muryeong,1
musado,1
muscadines,1
muscari,1
muschelhaufen,1
muschelkalk,1
muscialischen,1
muscogee,1
muscovy,1
musel,1
muses,1
musgraves,1
mush,2
mushaima,1
mushkil,1
musi,1
musiala,1
music's,2
musicales,1
musicland,1
musicor,1
musikarchiv,1
musikhochschule,1
musikkens,1
musk's,1
muskaan,1
muskegon,1
muskie,2
muskingum,1
muskogean,1
muskogee,1
musky,2
musky's,1
muslimov,1
muslimov's,1
musmanno,1
musnad,1
musser,1
mussoni,1
must've,1
mustamin,1
musume,1
muswell,1
muta,1
muthalamman,1
muthu,1
muthukutty,1
mutilation,1
mutineers,2
mutis,1
mutoh,1
mutou,1
muts,1
mutscheller,1
mutt,1
muttahida,1
muuratsalo,1
muzakkar,1
muziekkrant,1
muztagh,1
mvezo,1
mwana,1
mwnt,1
mxei,1
mydsl,1
mysql,1
myaskovsky,1
mycenaean,1
mycobacterium,1
mycoplasma,1
mycorrhiza,2
mydland,1
mydoom,1
myelogenous,1
myer,1
myf,1
mykhailiv,1
mykhailo,1
mykhaylo,1
mylapore,1
mylar,2
myllarguten,1
myllennium,1
mylodon,1
myna,1
mynci,1
mynors,1
myra,1
myracle,1
myriel,1
myrmeleo,1
myrna,1
myron,1
myrtle,1
myshkin,1
mysore's,1
mysorean,1
myspace,1
mysterio's,1
mystics,1
mystique,1
mysuru,1
mytilidae,1
myung,1
mzee,1
mzuzu,1
n'jie,1
n'singa,1
naacp's,1
nab,1
nabba,1
nabj,1
nac,1
naca,1
namfrel,1
nami,2
naoj,1
narth,1
nascar's,1
nasm,1
nats,1
natsiaa,1
navf,1
nbb,1
nbc's,1
nby,1
ncaa's,1
ncap,1
nccb,1
nccc,1
ncg,1
ncp,1
nctu,1
ncw,1
ndw,1
neat,3
nems,1
neos,1
neu,1
newco,2
nexon,2
nexrad,1
nf,1
ngis,1
ngo,1
ngos,1
ngv,1
nhc,1
nhm,1
nhmuk,1
nhs,1
nib,2
nic,1
nif,1
niid,1
nimh,1
nins,1
nis,1
nist,1
niv,1
njdot,1
njpw,1
nk,1
nkt,1
nla,1
nlp,1
nmb,1
nme,1
nml,1
nmpa,1
nnm,1
nnr,1
nofx,1
noindex,1
novj,1
npb,1
npc,1
npd,1
npf,1
nr,3
nrab,1
nrc,1
nrhp,1
nrl,1
nrr,1
ns,1
nsaid,1
nsc,1
nse,1
nsscfc,1
nst,1
nsx,1
ntc,1
ntsb,1
ntsc,1
ntu,1
ntvdm,1
ntz,1
nudo,1
nus,1
nvme,1
nwbk,1
nws,1
nwsl,1
nwt,1
nxt's,1
nyada,1
nycg,1
nycha,1
nycboys,1
nyp,1
nyse,1
nzhrm,1
nzsl,1
nacl,1
naagkanya,1
naalaiya,1
naam,1
naamans,1
naari,1
naatak,1
nabari,1
nabateans,1
nabbit,1
nabin,1
naboth,1
nabunken,1
nabunone,1
nacho's,1
nacionalista,1
naco,1
nadab,1
nadakhan,1
nadakhan's,1
nadakkavu,1
nadi,1
nadler,1
nadramia,1
naeemi,1
naega,1
naegi,1
naevius's,1
naf,1
naficy,1
nafrece,1
naft,1
nagabhata,1
nagachika,1
nagakute,1
nagaland,1
nagammai,1
nagano,1
naganuma,1
nagapattinam,1
nagar's,1
nagari,1
nagarik,1
nagasato,1
nagato's,1
nagayoshi,1
nagercoil,1
naginata,2
nagorik,1
nagumo's,1
nagybajom,1
naha,1
nahab's,1
nahayee,1
nahi,1
nahias,1
nahin,1
nahum,1
nai,2
naiad,1
naiades,1
naik,1
nailsea,1
nair,1
nairi,1
naja,1
najibullah,1
najma,1
najork,1
nakajin,1
nakalat,1
nakamura's,1
nakano,1
nakariakov,1
nakazawa,1
nakba,1
nakdong,1
nake,1
nakelo,1
nakhchivan,1
naksh,1
nal,1
nala,1
nalaiaehuokalani,1
nalanda,1
nalapani,1
nalgae,1
naline,1
nalwanga,1
namaqua,1
namaqualand,1
namaste,2
nambooripad,1
nambudiri,1
namchi,1
namek's,1
namekian,1
nameri,1
namgannosu,1
namibian,1
namita,1
namoi,1
namok,1
nampa,1
namphuk,1
namtse,1
nanalan,1
nancekivell,1
nancie,1
nanda,1
nandeesh,1
nandhan,1
nandu,1
nanga,1
nanggala,1
nanglo,1
nanguneri,1
nanite,1
naniwa,1
nankai,1
nankana,1
nankatsu,1
nanking,1
nannie,1
nanoelectromechanical,1
nanomation,1
nanoparticles,1
nanotawi,1
nanotubes,1
nanping,1
nant,1
nantai,1
nanty,1
nanu,1
nanyang,1
nao,1
naoe,1
naoyuki,1
napaltjarri,1
napier,1
napier's,1
napolitano,1
napster's,1
naracoorte,1
narada,1
naradof,1
narai,1
naraku,1
narashino,1
narasimhar,1
narathiwat,1
narayana,1
narayanaiyer,1
narayanganj,1
narayani,1
narayanpur,1
narayjaas,1
narazaki,1
narbethong,1
narcissism,2
narcolepsy,2
narcotics,1
nare,1
nareba,1
naren,1
narfi,1
nargiz,1
narishkin,1
narizinho,1
narjit,1
narodni,1
narrabri,1
narseh,1
narses,1
narwhal,1
naseeruddin,1
nasim,1
nasir,1
nasiriyah,1
nasreen,1
nassarius,1
nast,1
nastya,1
natalee,1
natali,1
nataliya,1
natanz,1
natarajan,1
nateon,1
natexis,1
nathalie,1
nathia,1
nathism,1
nati,1
natin,1
nationalbibliothek,1
nationalsingspiel,1
natividad,1
nativity,2
nativs,1
natore,1
natron,1
natsu,1
natsume's,1
natterjack,1
natterjacks,1
nattheim,1
natti,1
natty,1
natufian,1
naturalist's,1
naturalists,2
naturist,1
nau,1
nauck,1
naudet,1
naue,1
naughty,1
nauman,1
nauplion,1
naura,1
naurskaya,1
nauru,1
nautics,1
nautilus,1
nautla,1
nauvoo,1
navadvipa,1
navagraha,1
navagrahasthalas,1
navale,1
navan,1
navara,1
navarone,1
navarra,1
navarro,1
navidad,1
navigator,2
navis,1
navitimer,1
navran,1
navseasoncats,1
navyaata,1
naw,1
nawaki,1
nawalgarh,1
nawami,1
nawaz,1
nayak,1
nayaks,1
nayantara,1
nayars,1
naylor,1
nazaret,1
nazarov,1
nazimuddin,1
nazioccupation,1
nazran,1
nazrul,1
nea,1
neagh,1
neale,1
neanderhals,1
neapolitans,1
nearctic,1
neb,1
nebat,1
nebel,1
nebot,1
nebraska's,1
nebty,2
nebu,1
nebuchadnezzar,1
necanicum,1
necker,1
necrozma,1
nectanebo,1
nectarinia,1
ned's,1
nedeff,1
nedelja,1
nederland,1
nederland's,1
nederlanden,1
nedging,1
nedoceratops,1
nedumbassery,1
neduvannoor,1
needless,1
neelam,1
neeley,1
neeltje,1
neelu,1
neem,1
neeman,1
neendakara,1
neergaard,1
neev,1
neferkara,1
nefertiti,1
nefesim,1
negamo,1
negocio,1
negulesco,1
neha,1
nehemiah,1
nehushtan,1
neidhardt,1
neighbor's,1
neiiendam,1
neillsville,1
neimark,1
nein,2
neisse,1
neita,1
nejad,1
nekelim,1
nekketsu,1
nellist,1
nelly,1
nelso,1
nelson's,1
nelsonville,1
nelumbonaceae,1
nemasket,1
nematocera,1
nemertean,1
nemuro,1
nene,1
neoclassical,1
neocolours,1
neomu,1
neopets,1
neoplatonism,1
neoproterozoic,1
nephop,1
nepalgunj,1
nepalis,1
nephasoma,1
nepherites,1
nephites,1
nephrectomy,1
nephrology,2
nepi,1
nepos,1
nepotianus,1
neptunes,1
neptunium,1
neravy,1
nerbudda,1
nergard,1
nerima,1
nermin,1
nerodia,1
nerra,1
nerses,1
nerthus,1
neruda,1
nerul,1
nerviano,1
nesat,1
nesbitt,1
neshat,1
nesmith,1
ness,1
nestle,1
nestor,1
nestor's,1
nestore,1
nestorian,1
nestorius,1
nesumer's,1
netware,1
neta,1
netball,1
netflix,1
netherland,1
netherworld,1
nethu,1
netley,1
netsch,1
neubrandenburg,1
neuer,1
neugier,1
neuharth,1
neuhaus,1
neukomm,1
neum,1
neuman's,1
neumann's,1
neumark,1
neuperlach,1
neurobiology,1
neurologist,1
neurology,1
neuromancer,1
neuropath,1
neuropsychoanalytic,1
neurotic,1
neuse,1
neusis,1
neustria,1
neuve,1
neuwilen,1
nevada's,1
neve,1
neverending,1
nevermind,1
nevern,1
neveux,1
neville's,1
nevins,1
nevsky,1
nevytsky,1
newall,1
newar,1
newberry,1
newborough,1
newboys,1
newbridge,1
newburgh,1
newell's,1
newhall,1
newington,1
newlywed,1
newnham,1
newsbank,2
newshour,1
newsfront,1
newsletter's,1
newsom,1
newsome,1
newsroom,2
newsted,1
newsweek's,1
newtonmore,1
nexen,1
nexhmije,1
nextjet,1
nextstrain,1
ney,2
neya,1
neymar,1
neytiri,1
neytiri's,1
ngaanyatjarra,1
ngaminya,1
ngoc,1
ngoko,1
ngugi,1
ngurah,1
ngwane's,1
nhan,1
nhu,1
ni,1
niagara,1
niang,1
nibe,1
nibelunge,1
nicbase,1
nicaragua's,1
niccolo,1
nicea,1
niceties,1
niche,1
nichiren,1
nicias,1
nickalls,1
nickels,1
nicki,1
nicktropolis,1
nicodemus,1
nicol,1
nicolai,1
nicoll,1
nicolle,1
nicolson,1
nicomedia,1
nicopoli,1
nicorette,1
nida,1
nidever,1
nidhhoggr,1
niederbergisch,1
niedersachsenstadium,1
niederterrasse,1
niehaus,1
niekro,1
niels,1
nielsen's,1
nielsens,1
nierva,1
niet,1
nieto's,1
nieuwezijds,1
nieuwsgier,1
nigdy,1
nigella,2
nigeria's,1
nigerians,1
niggers,2
nightbringer,1
nightline,1
nightmare,2
nightsong,1
nightwatcher,1
nighy,1
nihizawa,1
nihongi,1
nihonkai,1
nihonshoki,1
nikaya,1
nikhil,1
niki,1
nikica,1
nikita,1
nikitas,1
nikkei,1
nikko,1
nikodema,1
nikodinov,1
nikola,1
nikolay,1
nikolov,1
nikumaroro,1
nikuyah,1
nil,1
nilai,1
nilangekar,1
nilanjana's,1
nilay,1
niles,1
nilesat,1
nilgiri,1
nili,1
nilo,1
nilotes,1
nilsson,1
nima,1
nimbala,1
nimbekaipura,1
nimeiry,1
nimfa,1
nimitz,1
nimmo,1
nimoy,1
nimravids,1
nindwani,1
ningde,1
niniveh,1
ninjago's,1
ninjas,1
ninjor,1
ninkasi,1
ninken's,1
ninny,1
nino,1
nintoku,1
niobium,1
niobrara,1
nipah,1
nipponia,1
nipun,1
nirbhaya,1
nirenberg,1
nirgua,1
nirmala,1
nisala,1
nish,1
nishigai,1
nishikawa,1
nishikido,1
nishino,1
nishinomiya,1
nishizawa,1
nissan,1
nissan's,1
nissel,1
nisshoki,1
nisyros,1
nitcharee,1
nite,1
nith,1
nito,1
nitra,1
nitrofurantoin,1
nityarasa,1
niugini,1
nivala,1
niven,1
nivkh,1
niyazov,1
nizamuddin,1
nizhnekamsk,1
nizhny,1
niziu,1
njall's,1
njan,1
nkam,1
nkoghe,1
nkurenkuru,1
nmai,1
noa,1
noasaurus,1
nobodies,1
nocera,1
noces,1
noceto,1
noche,2
noctiluca,1
noctuidae,1
noda,1
nodar,1
noddle's,1
noelle,1
nogara,1
nogi,1
nogoa,1
noh,1
nojiko,1
nolan's,1
noland,1
nolding,1
noldor,1
nolte,1
nomascus,1
nombres,1
nome,1
nomo,1
nomokonov,1
noms,2
nona,1
nonaka,1
nonfatal,1
nong,1
nongda,1
nonntal,1
nonsense,1
nontron,1
nontronnais,1
nonviolence,2
nonzwaki,1
noodlieness,1
nooks,1
noonan's,1
noongar,1
noor,1
nooral,1
noorderwijk,1
noori,1
noormang,1
nopey,1
noppenspitze,1
nor'easters,1
norbit,1
norblad,1
nordberg,1
nordfriedhof,1
nordfriesland,1
nordheim,1
nordin,1
nordisk,1
nordjyllands,1
nordlund,1
nordwind,1
noreen's,1
noren,1
norge,1
norgle,1
nori,1
noriega,1
norilsk,1
norimitsu,1
norinaga,1
noritake,1
normie,1
norn,1
norns,1
noroeste,1
norquist,1
norrie,1
norrington's,1
norristown,1
norsemen,1
norsey,1
norskog,1
northanger,1
northbourne,1
northbrook,1
northcliffe,1
northen,1
northerner,1
northist,1
northists,1
northlands,1
northrop,1
northwinds,1
northwood,1
norvegia,1
norwalk,1
norwegians,1
norwest,1
norwid's,1
nos,1
noseleaf,1
noseworthy,1
nosferatu,1
noshahi,1
noskowski,1
nossa,1
nostalgia,2
nostrand,1
notations,2
notermans,1
nothin,1
nothofagaceae,1
noticias,2
notification,2
notley,1
notoceratops,1
notrium,1
nottinghamshire,1
notulis,1
notwane,1
nou,1
nourishco,1
nourizadeh,1
noushad,1
nouvel,1
novacane,1
novak,1
novara,1
novelas,1
novello,1
novembre,1
novempopulania,1
novescelic's,1
novin,1
noviodunum,1
novmber,1
novo,1
novus,1
nowabad,1
nowani,1
nowdays,1
nowhatta,1
nowowiejski,1
nowseeheart,1
nowy,1
noynoy,1
nozawa,1
nozick,1
nsukka,1
ntem,1
ntoko,1
ntshona,1
nustar,1
nubia,1
nublar,1
nucleoid,1
nudeln,1
nuh,1
nuku'alofa,1
nullius,1
num,2
numa,1
numata,1
numberjacks,1
numen,1
numismatic,1
numismatist,1
nunc,1
nunn,1
nunnally,1
nunzio,1
nuova,1
nupedia,1
nurdin,1
nurhaci,1
nuria,1
nurmahal,1
nuruk,1
nuthead,1
nutkin,1
nutley,1
nuuk,1
nuvolari,1
nuwakot,1
nuwang,1
nuyen,1
nuyorican,1
nwankwo,1
nyambose,1
nychlenborch,1
nydahl,1
nydam,1
nyerere,1
nygaardsvold,1
nygren,1
nyishi,1
nymburk,1
nymphaeales,1
nymphs,2
nyngan,1
nynorsk,1
nyons,1
nystrom,1
o'brien's,1
o'callaghan,1
o'connor's,1
o'dowd,1
o'duffy,1
o'farrell,1
o'flaherty,1
o'grady,1
o'hagan,1
o'hanlon,1
o'keeffe,1
o'kelly,1
o'mara,1
o'meara,1
o'neal,1
o'reagan,1
o'shaunessy,1
o'toole,1
o's,1
oac,1
oasdi,1
obe,1
obs,1
ocic,1
oclch,1
ocpd,1
ocu,1
od,2
odes,1
oed,1
ofsted,1
oha's,1
ohs,1
oir,1
okne,1
okt,1
okw,1
olma,1
omg,1
omr,1
omv,1
oni,1
ood,1
oor,1
opck,1
opec,1
opfor,1
orf,1
ori,1
ort,1
ortf,1
osb,1
oscar's,1
osce,1
osf,1
osfci,1
osha,1
otec,1
otv,1
ovas,1
ovc's,1
ovw,1
ow,1
oahu,1
oak's,1
oakenshield,1
oakes,1
oakey,1
oakvale,1
oakville,1
oando,1
oarfish,2
oaxaca,1
obadiah,1
obamacare,2
obara,1
obata,1
obedient,2
obeid,1
obelisk,2
obelix,1
oberbarnim,1
oberfrangn,1
oberfranken,1
oberhausen,1
oberinnviertler,1
oberlandesgerichte,1
oberlutter,1
oberndorf,1
oberoi,1
oberto,1
obertraun,1
obertshausen,1
obfuscation,2
obiajulu,1
obie,1
obliba,1
obligate,2
oblio,1
obliteration,1
obolon,1
obrecht,1
observateur,1
observatorio,1
obsolescence,2
obusing,1
obywatelska,1
ocarina,1
occam's,1
occidente,1
oceanborn,1
oceania's,1
oceanids,1
oceanus,1
ocenia,1
ochanomizu,1
ochilview,1
ochsen,1
ocicat,1
ocinomled,1
ockeghem,1
ockenburg,1
ockrent,1
ocoa,1
ocosingo,1
ocotea,1
octagon,1
octantis,1
octavia,1
octavianus,1
octavio,1
ocx,1
odaiba,1
odakyu,1
odell,1
odense,1
odenwaldschule,1
odeon,2
oderus,1
odessey,1
odia,1
odinism,1
odinist,1
odinson,1
odintsovo,1
odocoileus,1
odom,1
odon,1
odonaptera,1
odos,1
odumakin,1
odweina,1
oegonians,1
oenoki,1
oenopides,1
oepfelbaum,1
oertel's,1
oerter,1
oestradiol,1
oetzi,1
ofelia,1
offa's,1
offagna,1
offenbach,1
offenhauser,1
officier,1
offissa,1
offreduccio,1
offy,1
oflag,1
oftentimes,2
ofuna,1
ofunato,1
ogaden,1
ogasawara,1
ogbonnaya,1
ogg,1
oglio,1
ogni,1
ogoki,1
ogonowski,1
ograzhden,1
ogulin,1
ogyu,1
oh's,1
oharu,1
ohira,1
ohki,1
ohlone,1
ohlson,1
ohno,1
ohoto,1
ohyama,1
oia,1
oirat,1
oissel,1
ojeda,1
ojos,1
ojuelegba,1
oka,1
oka's,1
okada,1
okami,1
okamoto,1
okawa,1
oker,1
okezone,1
okhotsk's,1
oki,1
okinoshima,1
okinotori,1
oklahoma's,1
oklahomans,1
oklo,1
okman,1
okorafor's,1
oksanseowon,1
oktoberfest,1
oku,1
okuma,1
okun's,1
okuni's,1
ola,1
olaechea,1
olah,1
olala,1
olancho,1
olav,1
olavide,1
olcott's,1
olczyk,1
oldfield's,1
oldham,1
oldie,1
oldland,1
olds,1
olduwan,1
olea,1
olefins,1
oleha,1
olek,1
olema,1
olga's,1
olib,1
oliba,1
olinsky,1
olinto,1
olivares,1
olive's,1
olle,1
ollerton,1
olli,1
ollie's,1
olmedo,1
olmi,1
olmstead,1
olmsted,1
olonkinbyen,1
olorgesailie,1
olubukola,1
oludeniz,1
olum,1
olusola,1
olvidar,1
olymp,1
olympe,1
olympiacos,1
oma,1
omari,1
omarosa's,1
omashu,1
omega's,1
omensetter's,1
omeo,1
ometepe,1
omi,1
omicron,1
omizuokuri,1
omni,1
omniglot,1
omninet,1
omnium,2
omniverse,1
omo,1
omokgyo,1
omokorede,1
omptolle,1
oms,1
omsk,1
omuboro,1
onasakenrat,1
oncology,1
ondimba,1
ondina,1
ondol,2
ondra,1
onega,1
oneness,1
oneota,1
onesimus,1
oneworld,1
ongaro,1
ongwabeki,1
onibi,1
onik,1
onionhead,1
onival,1
onkel,1
onkisalo,1
onnens,1
onom,1
onondaga,1
onopordon,1
onscreen,1
onsen,1
onsernone,1
onshore,1
onstott,1
ontani,1
ontario's,1
ontology,1
onuki,1
onuris,1
oob,1
oocyst,1
ooldea,1
oolong,1
oommen,1
oonah,1
oosterpark,1
opah,1
ope,1
opel,1
openfx,1
openpgp,1
openstreetmap,1
openvms,1
openair,1
openshaw,1
openweight,1
operasjon,1
operastar,1
opernhaus,1
ophiurid,1
ophiuroids,1
ophthalmologists,1
opiliones,1
opioids,1
oppel,1
oprah's,1
opry,1
optare,1
optima,1
optimates,1
optimism,2
optimist,1
oracles,1
oradea,1
oralet,1
oram,1
oranda,1
orang,1
orangeville,1
oranienburger,1
oranje,1
oranmore,1
oras,1
orascom,1
oratio,1
oravel,1
orban,1
orbansky,1
orbe,1
orbiter,1
orcadian,1
orcas,2
orchart,1
orcollo,1
orcs,1
orda,1
orde,1
ordeals,1
ordedienst,1
order's,1
ordesa,1
ordo,1
ordos,1
ordre,1
ordubad,1
ordway,1
oread,1
oreamuno's,1
orebushi,1
oregano,1
oregon's,1
oregonian,1
orejon,1
orekunrin,1
orell,1
oreo,1
orera,1
oresko,1
oresteia,1
orfanato,1
orfeu,1
orff,1
organizacja,1
orgazmo,1
orgazmorator,1
orgel,1
orhan,1
orient,1
oriflamme,1
origa,1
origenists,1
origi,1
origines,1
orin,1
orioles,1
oriolo,1
orion's,1
orissa,1
oristano,1
orkis,1
orkish,1
orkney,1
orkos,1
orlams,1
orleanists,1
orlok,1
orlov,1
orlovi,1
ormens,1
ormonde's,1
ornan,1
ornelas,1
ornella,1
ornette,1
ornithologists,1
ornithopoda,1
ornskoldsvik,1
orocopia,1
oromis,1
orongorongo,1
orpah,1
orpheum,1
orpheus,1
orrery,2
orrin,1
orso,1
orszag,1
orthanc,1
orthez,1
orthmann,1
orthoptera,1
ortografia,1
ortolana,1
ortolani,1
orton's,1
ortona,1
orttung,1
orumieh,1
oruvan,1
orville,1
orwell,1
orwell's,1
orygia,1
orygma,1
oryuk,1
oryx,2
osafune,1
osagyefo,1
osam,1
osaman,1
osawa,1
osbern,1
osborne's,1
oseary,1
osgodby,1
osh,1
oshkosh,1
osho,1
osimo,1
osirid,1
oslo's,1
osma,1
osmania,1
osmanthus,1
osmond,1
osmotic,2
oso,1
oson,1
ossama,1
ossetia,1
ossian,1
ossie's,1
ossining,1
ossman,1
ossu,1
ostankino,1
ostbahn,1
osted,1
osteen,1
osten,1
ostend,1
osteogenesis,1
osteology,1
osteonecrosis,1
osteoporois,1
osterman,1
ostermann,1
ostfriesland,1
ostkurve,1
ostreoida,1
ostriches,2
ostrom,1
ostrom's,1
ostryth,1
ostschweizerische,1
ostsee,1
oststeinbek,1
ostwald,1
osun,1
oswego,1
oswin,1
oswiu's,1
osyth,1
oszoli,1
otabe,1
otakar,1
otava,1
othe,1
othello,1
otherside,1
othnielia,1
otho,1
othrys,1
otien,1
otis's,1
otjiherero,1
otoko,1
otona,1
otos,1
otosi,1
otoya,1
otradnoye,1
ottaviano,1
otterhounds,2
otti,1
otto's,1
otunga,1
otway,1
oud,1
ouellette,1
oughton,1
ouiatenon,1
ouida,1
ouidah,1
ouinhi,1
oulanka,1
oulu,1
ourimbah,1
ourique,1
ouro,1
ouse,1
ouspensky,1
outbuildings,1
outcasts,2
outcault,1
outlawing,1
outskirts,1
outta,2
ovando,1
ove,1
ovechkin,1
overcharge,2
overground,1
overijssel,1
overijsselse,1
overjoyed,1
overlander,1
overrated,1
overseer,1
overstatement,1
overviews,1
overy's,1
oviraptor,1
oviraptoridae,1
ovis,1
owasso,1
owenite,1
owerri,1
owsla,1
oxberg,1
oxbow,1
oxcart,1
oxen,2
oxted,1
oxymonster,1
oxygenos,1
oxyrhynchus,1
oxytocin,1
oyako,1
oyetunde,1
oyl,1
oyuki,1
ozaki,1
ozark,1
ozarks,1
ozenfant,1
ozias,1
ozick,1
ozma,1
ozotoceros,1
ozzfest,1
pac,1
pam,2
pans,1
pap,2
papi,2
pardee,1
pasic,1
pavi,1
pbc,1
pbe,1
pby,1
pchl's,1
pcjss,1
pcl,1
pclinuxos,1
pcm,1
pcmcia,1
pcr,1
pcusa,1
pcworld,1
pca,1
pdas,1
pde,1
pdes,1
pdmi,1
pdo,1
pdvsa,1
pdws,1
ped,1
pers,1
pes,3
peta,1
pfa,1
pfc,1
phl,1
phscc,1
pim,1
pir,3
pira,1
pjsc,1
pk's,1
plc,3
plm,1
plos,1
pma,1
pmc,1
pmkor,1
pml,1
pms,1
pmsd,1
pmt,1
png,1
pos,1
potenza,1
ppdf,1
ppp,1
pppl,1
ppv,1
pq,1
pr,1
pra,1
prd,1
prosoco,1
provab,1
prsps,1
psc,1
psdb,1
psds,1
psl,1
psn,1
psni,1
pso,1
psu,1
pta,1
ptc,1
ptp,1
ptr,1
ptt,1
puk,2
pur,2
pursc,1
pva,1
pvk,1
pvp,2
pw,1
pwa,1
pwb,1
pwg,1
pwr,1
parappa,1
paan,1
paar,1
paasikivi,1
paatsalo,1
paavo,1
pabuk,1
paca,1
pacal,1
pacan,1
pacas,1
paccar,1
pacha's,1
pachauri,1
pachi,1
pacification,1
pacino,1
pacius,1
pacsun,1
pacult,1
padak,1
padang,1
padar,1
padayal,1
padilla,1
padmakumara,1
padmanabha,1
padmasambhava,1
padmashree,1
padmavati,1
padmini,1
padre,1
padres,1
padtbrugge,1
paetina,1
pafnuty,1
pagani,1
paganism,2
pagases,1
pagden,1
pagerank,1
paggi,1
pagla,1
paglia,1
pago,1
pagong,1
pagourtzis,1
pah,2
pahang,1
paige,1
paige's,1
paines,1
painkiller,2
painterly,1
pais,1
paisiello,1
paisiello's,1
pajantschitsch,1
pak's,1
pakenham,1
pakha,1
pakhangba,1
pakhawaj,1
pakhi's,1
pakpattan,1
pakur,1
pakzad,1
palabra,1
paladins,1
palaeobiology,1
palaeodictyoptera,1
palaeognathae,1
palaeographically,2
palaeontographical,1
palaeontologists,2
palaeorhynchus,1
palakkad,1
palance,1
palanga,1
palani,1
palanok,1
palao,1
palatia,1
palau,1
palayakkars,1
palayamkottai,1
palco,1
paldero,1
paleobotany,1
paleoculicis,1
paleogene,1
paleognathous,1
paleoithic,1
paleontologist,2
paleontology,2
paleozoic,1
palerang,1
palermo,1
palestinian's,1
palestinians,1
paleta,1
paley,1
palika,1
palike,1
palin,1
palisades,1
palitra,1
palkudams,1
palla,1
palladian,1
palladium,1
pallando,1
pallanuoto,1
pallapugno,1
pallas,1
pallenberg,1
pallet,2
palliative,2
pallone,1
pallonetto,2
palmaseca,1
palmengarten,1
palmeral,1
palmes,1
palmilla,1
palmyra,1
paloma,1
palomar,1
palomi,1
palpatine,1
paltostoma,1
paltrow,1
palumbo,1
palus,1
palya,1
pamanzi,1
pammenes,1
pampa,1
pampanga,1
pampanini,1
pamplona,1
pamplonita,1
pamuk,1
pamumbu,1
pamunkey,1
pan's,1
panah,1
panamera,1
panamericana,1
panarchy,1
panarea,1
panathinakos,1
panavia,1
panayam,1
panchal,1
panchalankurichi,1
panchatantra,1
panchavalli,1
pancho,1
pandalam,1
pandeism,1
pandeists,1
pandian,1
pandilla,1
panditaradhyula,1
pandiyan,1
pandolfi,1
pandoras,1
pandosto,1
panduleni,1
pandurang,1
pandyan,1
panenka,1
panga,1
pangaea,1
pangal,1
panglakayen,1
panglao,1
pangolins,1
pangoora,1
panhandle,1
panhard,1
pani,1
panicking,1
panin,1
panini,2
panionios,1
panja,1
panjal,1
panjshir,1
panju,1
pankejeff's,1
panmungak,1
panmunjeom,1
panni,1
pannone,1
pannotia,1
pannukog,1
panomyong,1
panoramashot,1
panslavism,1
pantaleon,1
panteras,1
panthulu's,1
pantites,1
pantuflas,1
pantun,1
panzerchrist,1
panzergrenadier,1
panzerkampfwagen,1
panzo,1
paoli,1
paolina,1
paolozzi,1
papad,1
papagena,1
papagni,1
papalya,1
papamichael,1
papanui,1
papasideris,1
papaver,1
papayas,1
papen,1
papen's,1
paphos,1
papia,1
papilionoideae,1
papillon,1
papirius,1
pappas,1
papu,1
papurana,1
paquita,1
parademons,1
parader,1
paradinight,1
paradis,1
paraguayan,1
parahu,1
parakesari,1
parakesarivarman,1
parakkirama,1
paralanguage,1
paralympian,1
paramathathan,1
paramathma,1
parambhagavata,1
paramignya,1
paramilitary,2
paramore,1
paramount's,1
paramountcy,1
paramylodon,1
parandowski,1
parandowski's,1
parangipettai,1
paranoias,1
paraone,1
parara,1
pararge,1
parasitology,2
parath,1
paray,1
parbat,1
parbo,1
parcheesi,1
parco,1
parcs,1
parekh,1
parente,1
parenthood,2
pareto,1
paretskaya,1
paribas,1
parisa,1
parisians,1
parkfriedhof,1
parkway,1
parlement,2
parliamentarians,1
parmar,1
parmelia,1
parmelin,1
parmesan,1
parmigiana,2
parnaso,1
parnassus,1
paroo,1
parotoid,1
parra,1
parraguez,1
parramatta,1
parrotia,1
parrsboro,1
parsa,1
parspatuni,1
parspatuniq,1
partei,1
parterre,1
parthia,1
partiallyclips,1
partizanul,1
partys,1
parvam,1
parvathi,1
parveen,1
parvulus,1
parzival,1
pasa,1
pasch,1
pasco,1
pascoal,1
pascual,1
pasenadi,1
paseo,1
pash,1
pasha's,1
pashai,1
pashinyan,1
pasir,1
pasqua,1
passmark,1
passeri,1
passivation,1
passivrauchen,1
pasteur,1
pataki,1
pataki's,1
patan,1
patani,1
pataudi,1
patel's,1
paterno,1
paternosters,1
patgonia,1
pathak,1
pathfinder,1
pathiyanadu,1
pathology,2
patiny,1
patios,1
patjarr,1
patlachique,1
patmos,1
patnaik,1
patni,1
patnitop,1
paton,1
patra,1
patri,1
patricio,1
patrick's,1
patricks,1
patrik,1
patrilineal,1
patroclus,1
patron's,1
patronized,1
patronus,1
patryk,1
patsayev,1
pattani,1
patten,1
pattermaster,1
patthar,1
pattu,1
patty's,1
pau,1
paulding,1
paule,1
paulette,1
paulie,1
pauline's,1
paulista,1
paulsen,1
pauonen,1
pausanias,1
paustovsky,1
pavarotti,1
pavelic,1
pavese,1
pavia,1
pavlooshkan,1
pavlopoulos,1
pavlou,1
pavlov's,1
pavlova,1
pavlovian,1
pavone,1
pawania,1
pawel,1
pawlenty,1
pawlikowski,1
pawlowski,1
pawly,1
paxil,1
paxson,1
paxtonians,1
payet,1
payton,1
payu,1
pazar,1
pazhandi,1
pb,1
peabody's,1
peacemaker,1
peada,1
peada's,1
peagram,1
peano,1
pearlettes,1
peary,1
pecado,1
peche,1
pecheham,1
pechengsky,1
pechino,1
pecos,1
pecsi,1
pedagogical,1
peddlers,1
pedersen,1
pedicone,1
pedinomonas,1
pedra,1
pedrillo,1
peduto,1
peekay,1
peel's,1
peenman,1
peeps,1
peerce,1
peeta,1
peeters,1
pegasi,1
peggy's,1
pegouski,1
pegram,1
pegu,1
pehalavi,1
pei,1
peiper's,1
pejavara,1
pejman,1
pekkan,1
peladon,1
pelage,2
pelagianism,1
pelagius,1
pelak,1
pelayo,1
pele,1
pelee,1
pelepas,1
pelgram,1
pelham,1
pelias,1
pelkonen,1
pelletan,1
pellinore,1
peloponnese,1
pelops,1
pelorosaurus,1
pelsaert,1
peltier,1
pelton's,1
pema,1
pemba,1
pemberton,1
pemphigus,1
pena,1
penacho,1
penacook,1
pencillium,1
pendel,1
pendle,1
pendleton's,1
peneakchansak,1
penelo,1
penfield,1
peng,1
penig,1
penisulares,1
penman,2
penna,1
pennaiyar,1
penner,1
pennicilin,1
pennines,1
pennsylvanian,1
penny's,1
penon,1
penrith,1
penseel,1
penselwood,1
penshurst,1
pensieve,1
penske's,1
pentagono,1
pentakamera,1
pentangle,2
pentateuch,1
pentland,1
pentlow,1
pentonville,1
pentreath,1
pentru,2
penvorder,1
penwith,1
peony,1
peoria,1
peouaroua,1
pep,1
pepi,1
pepperland,1
pepsico,1
pequena,1
pequenina,1
pera,1
peraino,1
peraite,1
perales,1
peralte,1
peralvillo,1
perameles,1
peravia,1
percabeth,1
perche,1
perching,2
percivall,1
percutaneous,1
perelman,1
perennis,2
perevalsk,1
perfection,2
perforated,2
perfumo,1
pergamino,1
pergamon,1
pergusa's,1
perhabs,1
perhe,1
pericles,1
peridot,1
perigosas,1
peril,1
perinad,1
periodicity,1
peripatidae,1
peripatopsidae,1
peripheries,1
periscope,1
periwinkle,1
periya,1
periyakulam,1
periyapatna,1
periyeri,1
perkasa,1
perkin,1
perky,1
perl's,1
perla,1
perlas,1
perlman,1
permafrost,2
permut,1
pernambuco,1
pernicious,1
pernick,1
peron,1
peroutka,1
perpetuation,1
perpignan,1
perranus,1
perrault's,1
perre,1
perren,1
perrey,1
perrone,1
perrot,1
perrow,1
persico,1
persip,1
personenverkehr,1
persoon,1
persson's,1
perthes,1
pertini,1
pertiwi,1
peruas,1
peruggia,1
perugino,1
perumpetty,1
perunthachan,1
pervaya,1
pervez,1
peryalis,1
pesaro,1
pescara,1
peschanaya,1
pesebre,1
pesenka,1
peshawer,1
peshwa,1
pessanha,1
petacci,1
petagas,1
petah,1
petar,1
peterhof,1
peterman,1
petersson,1
petlin,1
petorca,1
petrenko,1
petrillo,1
petritsch,1
petrosaudi,1
petrolero,1
petropolitanae,1
petrosian,1
petrouchka,1
petrovo,1
petrozavodsk,1
petrushansky,1
petrushka's,1
pettigrew,1
petting,1
pettis,1
pettitt,1
petts,1
petunia,1
peur,1
pevensies,1
pevney,1
peyrelevade,1
peyton,1
pfaff,1
pfitzmaier,1
pfizer,1
pflicht,1
pflugerville,1
pfund,1
pfungst,1
pgw,1
phds,1
phaedo,1
phallaceae,1
phamnaiba,1
phanatic,1
phanit,1
phanta,1
pharaoh's,2
pharasmanes,1
pharisee,1
pharma,1
pharmaceuticals,2
pharmacology,1
pharos,1
phat,1
phebe,1
pheloung's,1
phenix,1
phenol,1
phenylketonuria,1
phibsborough,1
phibunsongkhram,1
phidippus,1
philadelphia's,1
philbrick,1
philby,1
philemon,1
philharmonia,1
philharmonic's,1
phili,1
philidor,1
philidorian,1
philipe,1
philippe's,1
philipps,1
phillida,1
phillie,1
phillinganes,1
phillipa,1
philological,1
philology,2
philosopher's,1
philosophiae,1
philosophumena,1
philthy,1
phitsanulok,1
phlegmatic,1
phobail,1
phocis,1
phocoenidae,1
phoenician,1
phol,1
phonautograph,1
phonetics,1
phonographic,1
phool,1
phoronids,1
phorusrhacidae,1
photios,1
photoautotrophic,1
photocopies,2
photocopy,1
photoirradiation,1
photometric,1
phrachan,1
phracheatupon,1
phrangoudis,1
phraya,1
phred,1
phrenology,1
phrygia,1
phrygian,1
phrynobatrachidae,1
phthalates,1
phumulani,1
phung,1
phuntsho,1
phuntsokling,1
physalia,1
physalis,2
physicalism,1
physiographic,1
physiotherapists,1
physique,1
physkoa,1
physocyclus,1
pifan,1
piacenza,1
piarists,1
pias,1
piave,1
piave's,1
piazzolla,1
piboonsongkram's,1
picapau,1
piccione,1
piccirilli,1
piccola,1
picena,1
picha's,1
pichi,1
pichilemu's,1
pichu,1
picidae,1
pickerell,1
pickering,1
pickering's,1
pickett's,1
pickford,1
pickstone,1
pickwick,1
pickwick's,1
pictish,1
pictland,1
pictographic,1
picton,1
piechotka,1
pieria,1
pierluisi,1
piermont,1
pierpaolo,1
pierpoint's,1
pierremont,1
piet,1
pieta,1
pietersberg,1
pieterse,1
pietra,1
pietrasanta,1
pietrzak,1
piety,1
piglet,2
piglets,1
pigniu,1
pigou,1
pihkala,1
pihlajavesi,1
piita,1
pikachu's,1
pikkuniemi,1
pilar,1
pilbara,1
pilch's,1
pilgrim's,1
pilita,1
pillai,1
pilliga,1
pillsbury,1
pilot's,1
pilsley,1
pilsudski,1
pilton,1
piment,1
pimps,1
pinacoderm,1
pinang,1
pinault,1
pinchgut,1
pinckney's,1
pincocchio,1
pindhipare,1
pindus,1
pinecone,1
pineda,1
pineios,1
pinero,1
pinette,1
pingoo,1
pingat,1
pinin,1
pink's,1
pinkfong's,1
pinki,1
pinlac,1
pino,1
pinos,1
pintado,1
pintauro,1
pintel,1
pinus,1
pio,1
piper's,1
pipil,1
pipila,1
pipo,1
pippa,1
pippin,1
piraeus,1
piraka,1
piran,1
pires,1
pirin,1
pirnia,1
piroplasmorida,1
piroska,1
pirzada,1
pisagua,1
pisano's,1
piscataway,1
piscator,1
pisceans,1
pisces,1
piscina,1
piscine,1
pishin,1
pissarro,1
pisseux,1
piste,1
pistola,1
pistons,2
pitar,1
pite,1
piter,1
pithole,1
pithus,1
pitiful,2
pitman,1
pitta,2
pitts,1
piura,1
pixar,1
pixar's,1
pixie,1
pixls,1
piya,1
pizan,1
pizzas,2
pizzi,1
placi,1
placodonts,1
plaek,1
plage,1
plagues,2
plame,1
plan's,1
planarian,1
plancius,1
plancus,1
planetarium's,1
planioles,1
plankerton,1
plankton's,1
plantae,1
plantarum,1
plantey,1
planum,1
plaridel,1
plast,1
plasticity,2
plataea,1
platania,1
platen,1
platforma,1
plath,1
platin,1
plattner,1
platycryptus,1
platyoposaurus,1
platypterygius,1
platz,1
plauen,1
plauer,1
plautine,1
plavu,1
playstation's,1
playability,1
playfair's,1
playford,1
playmakers,1
playtones,1
pleakley,1
plebiscite,1
pleiades,1
plein's,1
pleiotropy,1
pleshey,1
pleskow,1
pless,1
plessey,1
pleurodelinae,1
plianplaeng,1
pliers,1
plinian,1
plisetskaya,1
plom,1
ploomipuu,1
ploshad,1
plothole,1
plotina,1
plott,1
plourde,1
plugfest,1
plumas,1
plumfield,1
plumie,1
plumstead,1
plunder,2
pluralism,2
pluripotency,1
pluto's,1
pnoubs,1
poach,1
poblachtach,1
pocantico,1
pocatello,1
pocetto,1
pocketstation,1
podcasts,1
podgorica,1
podillya,1
podlaska,1
podocarpus,1
podoli,1
podravka,1
podujevo,1
poe's,1
poecile,1
poehler,1
poestenkill,1
poetical,1
poggle,1
pogus,1
pohang,1
pohl,1
pohlmann,1
poigar,1
poinciana,1
poinstreaks,1
pointbafter,1
pointsettias,1
poisson,1
poitier,1
poitou,1
poitrey,1
pojedynek,1
pokerstars,1
pokey,1
pokkadan,1
polans,1
polanski,1
polarian's,1
polarians,1
polaroid,1
polearms,1
polemological,1
polesie,1
polestar,1
polewali,1
polic,1
policier,1
policymakers,2
poligny,1
polikarpov,1
poling,1
polisario,1
politiques,1
polizeiliches,1
poliziano,1
polk's,1
pollaiolo,1
pollak,1
pollick's,1
pollin,1
polling,1
pollio,1
pollock,1
pologne,1
polonia,1
polonnaruwa,1
poloway,1
polsheer,1
polska,1
polskie,1
poltergeists,1
polverigi,1
poly,1
polyana,1
polydectes,1
polydor,1
polyester,2
polygonaceae,1
polygonum,1
polyjuice,1
polyneices,1
polynices,1
polynuclear,1
polyot,1
polyphonic,2
polyplacophora,1
polytechnique,1
polytecnic,1
polyurethane,2
polyurethanes,1
pom,1
pomare,1
pomelo,1
pomerian,1
pomeroy,1
pommes,1
pomona,1
pomors,1
pompadour,1
pompeia,1
pompeian,1
pompeius,1
pona,1
poniatowski,1
ponnaiyar,1
ponomariov,1
pons,1
pont's,1
pontcysyllte,1
ponthieu,1
pontian,1
pontian's,1
pontic,1
ponticelli,1
pontificia,1
pontius,1
pontlevoy,1
pontryagin,1
pontypool,1
ponyatovka,1
ponyboy,1
poo,2
poof's,1
poohsticks,1
poole,1
poole's,1
poongatru,1
poopy,1
poorhouse,1
poornima,1
poosam,1
pop'n,1
popa,1
poperen,1
poperinge,1
popeyes,1
poplar,2
poplars,1
popokabaka,1
poppe,1
popper's,1
populaire's,1
populusque,1
porgy,1
porky's,1
pornhub,1
pornographers,1
porophyllum,1
pororo,1
porpyron,1
porrex,1
porsanger,1
porsch,1
porta,2
porte,1
portelli,1
portentous,1
porterbrook,1
porterhouse,1
porterville,1
porth,1
portia,1
portia's,1
portici,1
portier,1
portimonense,1
portinscale,1
portlandia,1
portmanteau,1
portocarrero,1
portree's,1
portrush,1
portsea,1
portskewett,1
portsmouth's,1
portugese,1
portugues,1
portuguesa,1
posadas,1
posat,1
posen,1
poser,1
posillipo,1
positano,1
positives,1
positronic,1
positronium,1
pospelov,1
possum,1
posta,1
posterunek,1
postma,1
postmaster,1
postmoratorium,1
postscript,1
pota,1
potalaka,1
potawatomi,1
pote,1
potence,1
pothe,1
pothunters,1
potiguara,1
potocki,1
potohar,1
potoharis,1
potok,1
potopo,1
potrero,1
potsdam,1
pott,1
pouder,1
pougarje,1
poul,1
poulaphouca,1
poulenc,1
pourcel,1
pournami,1
pourville,1
pous,1
poussin,1
powderfinger,1
powderfinger's,1
powell's,1
powerbook,1
powerkids,1
powerpoint,1
powerman,1
poyato,1
poyet,1
poynor,1
poynter,1
praat,1
prabhavati,1
prabhus,1
prabodh,1
prachaban,1
prachi,1
practicality,1
prado's,1
prados,1
praetorian,2
praetorius,1
pragmatism,1
prahbhakaran,1
praia,1
prajunlajomkao,1
prakash,1
prakashbabu,1
prama,1
pranayam,1
pranksters,1
prantor,1
praseodymium,1
prasoon,1
prasthanatrayi,1
pratchett's,1
pratham,1
pratibandi,1
pratik,1
pratyay,1
pratyusha,1
praveen,1
pravo,1
prawo,1
praxeus,1
praxis,1
prayag,1
prayagraj,1
prayerbook,1
preamplifier,1
prebble,1
precinct's,1
precis,1
preclassic,1
predacons,1
predannack,1
predictability,1
preen,1
preeta,1
preeti,1
preferably,1
prefetch,1
prejean,1
prelature,1
premam,1
premchand's,1
premier's,2
preminchi,1
premio,1
premiolino,1
premo,1
premuda,1
prentice,1
preorders,1
preparedness,2
presbycusis,1
presbyterians,1
prescod,1
prescribing,2
presidente,2
presley's,1
presnell,1
presocial,1
presocratic,1
presque,1
pressey's,1
pressinger,1
pressler,1
pressley,1
prestant,1
prestley,1
preston's,1
prestwich,1
preto,1
pretorious,1
pretoruis,1
preventive,2
previewing,1
preville,1
previn,1
prez,1
prezi,1
pribislav,1
price's,1
prickly,2
pride's,1
pridefc,1
pridi,1
priem,1
priestess,1
prieto,1
priklopil,1
primark,1
primeira,1
priming,2
primitivism,1
primo,1
princeton's,1
princip,1
principals,1
principe,1
principia,1
pringle,1
pringles,1
prinze,1
prions,1
priorities,2
priscus,1
pritzker,1
privateer,2
privilegio,1
prizm,1
proair,1
proaves,1
prosieben,1
protv,1
proteam,1
protourthe,1
protype,1
probationary,2
probert,1
proboscidea,1
proboscis,2
proc,1
procaine,1
proceso,1
procita,1
proclus,1
proctor,1
proculus,1
professionnels,1
proficiency,2
profiling,2
profumo,1
prognathism,1
progresista,1
progressives,2
prohaska,1
prohibido,1
projective,2
prokaryotes,2
prokletije,1
proksch,1
proleptic,1
proletarian,2
proletarische,1
prolog,1
promenaders,1
promethium,1
promiana,1
promontory,2
proog,1
propagating,1
propene,1
prophet's,1
proquaestor,1
pros,1
prosopagnosia,1
prospecting,1
prospectors,1
prost's,1
prosthodontics,1
protactinium,1
proteas,1
protege,1
protegidas,1
protegidos,2
proteobacteria,1
proteoideae,1
protestors,1
prothero,1
protista,1
protodonata,1
proton's,1
prototypes,2
protozoan,1
protozygoptera,1
proventil,1
provident,1
provine,1
provintia,1
provo,2
provost,1
provost's,1
prud'homme,1
prudential,1
prudius,1
prue,1
pruitt,1
prunella,1
prunty,1
pryce,1
psalter,1
pschent,1
pseudocerastes,1
pseudogenes,1
pseudosiblings,1
psilopogon,1
psycho,1
psychoanalytic,2
psychodidae,1
psychopaths,2
psychopathy,1
psychoterror,1
psychotherapists,1
psychotropic,1
ptolemaic,1
pts,1
pty,1
ptychadenidae,1
pu'u'o'o,1
putty,1
puar,1
publica,1
publicis,1
publicola,1
puckett,1
pucks,2
pudeator,1
pudentiana,1
pudu,1
puducherry,1
pudzianowski,1
pueblo,2
puebloans,1
puer,1
puff's,1
puffs,2
puffy,2
pugachev,1
puget,1
pugs,1
puhdys,1
puig,1
puja,1
pukpu,1
pulag,1
pulakeshin,1
pulakesi,1
pulaski,1
pulder,1
pulgarcito,1
pulitzer's,1
pulizer,1
puller,1
pulli,1
pulliam,1
pulmonata,1
pulmonology,1
pulpurru's,1
pulsed,1
pulteney,1
pumas,1
pumbaa,1
pumo,1
punainen,1
punalur,1
pung,1
puni,1
punic,1
punjabis,1
punk'd,1
punk's,1
punnett,1
puns,2
puntarenas,1
puntland,1
punxsutawney,1
pupanunu,1
pupp,1
puppeteers,1
purab,1
purba,1
purcell's,1
purdie,1
puriklai,1
puritano,1
purl,1
purlie,1
purna,1
purogamana,1
purpendicular,1
purpurea,1
purves,1
purvis,1
purwokerto,1
pus,1
pusha,1
pushkin,1
pushyamitra,1
puskas,1
pussy,1
pusuchin,1
puteri,1
puthucheary,1
putman,1
putney,1
putre,1
putri,1
puttalam,1
puttanna,1
puurs,1
pvdd,1
pvdv,1
pwene,1
pwenet,1
pyatigorsk,1
pyelonephritis,1
pyeongchang,2
pyewacket,1
pyidaungsu,1
pylon,1
pym,1
pyrenean,1
pyres,1
pyrolaceae,1
pyroloideae,1
pyros,1
pyrrhus,1
pysis,1
pythor,1
pyy,1
pz,1
q's,1
qa's,1
qb,1
qc's,1
qd,1
qdr,1
qic,1
ql,1
qm,1
qn,1
qp,1
qpr,1
qq,1
qrpedia,1
qsl,1
qtv,1
qwerty,1
qaanaaq,1
qader,1
qadian,1
qadir,1
qadisiyah,1
qaeda,1
qaghan,1
qahwa,1
qais,1
qala,1
qaraite,1
qasar,1
qasba,1
qawami,1
qebehsenuef,1
qi'ao,1
qiang,1
qianlong,1
qianzhousaurus,1
qin's,1
qinling,1
qoroltai,1
qri,1
qt,1
qu'appelle,1
quaalude,1
quackery,1
quackmore,1
quaderni,1
quadra,1
quadrangle,2
quadrantids,1
quadrennial,1
quadriga,1
quadros,1
quadruplex,1
quaeda's,1
qualcomm,1
qualunque,1
quant,1
quantico,1
quantified,2
quantrill,1
quantrill's,1
quantu,1
quapasontm,1
quarma,1
quarnero,1
quarrelsome,1
quarrymen,1
quasar,1
quasimodo,1
quasthoff,1
quatennens,1
quatermass,1
queanbeyan,1
quebecer,1
quebecois,1
quedlinburg,1
queeen,1
queenie,1
queensberry,1
queensland's,1
queenston,1
queenstown,1
queer,2
queguay,1
quelle,1
quemados,1
quemeros,1
quenta,1
quentin,1
quercus,1
quercy,1
querida,1
quetzalcoatlus,1
queueing,1
quevedo,1
queyras,1
quezada,1
qui,2
quia,1
quibi,1
quiboloy,1
quicksand,1
quickstep,1
quidditch,1
quieting,1
quigley,1
quikscat,1
quilis,1
quillota,1
quindecim,1
quine,1
quiney's,1
quinta,1
quintilius,1
quintillus,1
quintus,1
quirindi,1
quirinus,1
quiroz,1
quisiera,1
quist,1
quitte,1
quivira,1
quixano,1
quizzes,2
qujialing,1
qumran,1
quorum,2
quranist,1
qurayza,1
qureshi,1
qusai,1
raaf,1
raaf's,1
rac,1
raccn,1
rajf,1
rbocs,1
rcd,1
rce,1
rcm,1
rcn,1
rco,1
rcrds,1
rcs,1
rctv,1
rctv's,1
rdas,1
rdbms,1
rdf,1
reb,1
reka,1
restful,2
rfa,1
rgs,1
rhcp,1
riba,1
rijk,1
rkd,1
rkky,1
rl,1
rlss,1
rm,1
rm's,1
rmf,1
rmt,1
rnas,1
rnase,1
roc,2
rok,2
roomies,1
rp,1
rpf,1
rpn,1
rps,1
rsa,1
rsa's,1
rsba,1
rsc,1
rss,1
rst,1
rta,1
rtl,1
rtr,1
ruq,1
rusu,1
rwb,1
rwd,1
ry,1
ra'ad,1
ra'zac,1
raa,1
raad,1
raagangal,1
raan,1
raasta,1
raat,2
rab,1
rabbinic,1
rabei,1
rabiah,1
rabin's,1
rabindra,1
rabita,1
rabiu,1
rabl,1
rabson,1
rabtenling,1
racconigi,1
raccoonus,1
racetrack,2
racette,1
rachel's,1
racine,1
rackoff,1
racquel,1
rada,1
radagast,1
radclyffe,1
rademaker,1
radeon,1
radetzky,1
radhakrishnan,1
radhesh,1
radhikas,1
radiance,1
radiant,1
radikha,1
radiodisney,1
radioworks,1
radioaktive,1
radiohead's,1
raditz,1
radix,2
radjabov,1
radke,1
radley,1
radoslavov,1
radu,1
radulescu,1
radulov,1
radymno,1
radyo,1
radyovision,1
radzinsky,1
raeburn,1
raekwon,1
rafaela,1
rafalski,1
rafat,1
rafe,1
raffaele,1
raffald,1
rafida,1
rafiki,1
rafsanjani's,1
raftery,1
ragdoll's,1
rager,1
rages,1
ragetti,1
ragged,1
raggedpelt,1
raggs,1
raghav,1
raghavendra,1
raghuvaran,1
raglan,1
ragley,1
ragnarok,1
raguer,1
rahab,1
rahal,1
rahanweyn,1
raheem,1
rahim,1
rahl,1
rahmani,1
rahmetullah,1
raho,1
rahonavis,1
raisat,1
raiatea,1
raif,1
raigad,1
rail's,1
railhead,1
railton,1
railtrack,1
railwaymen,1
railyard,1
rain's,1
raina's,1
raindee,1
rainer,1
rainicorn,1
raith,1
raitt,1
raizada,1
rajakesari,1
rajamouli,1
rajani,1
rajarajeshwari,1
rajasthani,1
rajendra,1
rajgir,1
rajko,1
rajneesh's,1
rajneeshpuram,1
rajsamand,1
rajveerabhimanyu,1
rakaposhi,1
rakewell,1
rakh,1
rakha,1
rakoncaj,1
rakshak,1
rakta,1
rakuten,1
ralf,1
rallidae,1
ralmal,1
ralphie,1
ralsei,1
ralston,1
ramabai,1
ramachandra,1
ramacharitmanasa,1
ramakrishna,1
ramamohan,1
ramana,1
ramanchira,1
ramanujacharya,1
ramapo,1
ramaswamy,1
ramcharitmanas,1
ramelteon,1
ramen,1
rameses,1
rameshraj,1
ramesses,1
ramesseum,1
ramin,1
ramjibon,1
ramkalawan,1
ramleela,1
ramli,1
rammana,1
ramon's,1
ramor,1
ramos,1
rampage,1
ramprasad,1
ramsau,1
ramsay's,1
ramses,1
ramstad,1
ramudu,1
ranalli,1
rancagua,1
rance,1
ranchito,1
rancid's,1
ranczo,1
rand's,1
randomization,2
randon,1
randstad,1
ranee,1
ranford,1
rangel,1
rangeley,1
rangjung,1
rango,1
rangoni,1
ranhofer,1
rania,1
ranja,1
ranji,1
rankin's,1
rankine,1
ranoidea,1
ranong,1
ranoyapo,1
ransome,1
rantasalmi,1
rants,2
ranuccio,1
raonic,1
raonic's,1
rapadoura,1
rapallo,1
raphaelson,1
rapide,1
rapiers,1
rapley,1
rapp,1
rappahannock,1
rappaport,1
rappold,1
raqqa,1
rasalilas,1
rasamandali,1
rasengan,1
rasenna,1
rasetti,1
rashaida,1
rashard,1
rashi,1
rashid,1
rashidah,1
rashmi,1
rashtrakutas,1
rashwan,1
raska,1
raskin,1
raskolnikov,1
raspberry,1
rasputin's,1
rasputina,1
rasputra,1
rastan,1
rasterization,2
rasul,1
rasulala,1
ratatat,1
ratchburi,1
ratchet's,1
ratchnevsky,1
ratcliffe,1
rathajatra,1
rathbone,1
rathyatra,1
ratibor,1
ration,1
ratnadeep,1
ratner,1
rato,1
ratoff,1
raton,1
ratt,1
rattiner,1
rattles,1
ratu,1
ratulangi,1
ratuwa,1
ratwatte,1
ratzenberger,1
raubichi,1
raul,1
rauner,1
raveena,1
ravello,1
ravenel,1
ravenpaw,1
ravensburg,1
ravenscroft,1
ravikumar's,1
ravine,1
ravines,1
ravosa,1
raw's,1
rawat,1
rawdon,1
rawhead,1
rawhide,1
rawley,1
rawls,1
rawreth,1
raycom,1
raydon,1
raye,1
rayn,1
rayne,1
raynor,1
rayon,2
rayonist,1
raza,1
raze,1
razon,1
razvi,1
razzies,1
rb,1
rbcl,1
repec,1
rea,1
reachout,1
read's,1
reada,1
reader's,1
reagers,1
realidad,1
realii,1
realpolitik,1
reanimated,1
reapportionment,1
reavers,1
reba,1
rebelde,1
rebell,1
reber,1
rebus,2
recalada,1
recall's,1
recaranus,1
reckingen,1
reclus,1
reconceiving,1
reconsideration,1
recordtv,1
recounts,2
rectitude,1
rectors,2
reda,1
redcurrants,1
redding,1
redditch,1
redeemer,1
redenbacher,1
rederiet,1
redescription,1
redfountain,1
redgrave,1
rediscovering,1
redlands,1
redology,1
redon,1
redon's,1
redouane,1
redstart,1
redstone,1
reductase,1
redwood,1
reebok,1
reece,1
reed's,1
reekie,1
reelecting,1
reema,1
reese,1
reeser,1
reeve,1
refnet,1
referencing,1
reflektor,1
refomatiom,1
reforestation,1
reformationsgeschichte,1
refugio,1
refunds,2
reg,1
regazzoni,1
regen,1
regensberg,1
regensburg,1
regents,1
reggiana,1
reggie,1
regierungsbezirk,1
regierungsbezirke,1
regio,1
regionals,1
registrar,1
regrexit,1
regulus,1
rehman,1
reich's,1
reichel,1
reichenau,1
reichhardt,1
reichsgau,1
reichsstatthalter,1
reichswehr,1
reidenberg,1
reig,1
reiland,1
reima,1
reimer,1
reina,1
reinaldo,1
reindling,1
reiners,1
reinfeldt,1
reinhard,1
reinhart,1
reinheitsgebot,1
reinvented,1
reinvestment,1
reischauer,1
reita,1
reith,1
reitzel,1
reiwa,1
rejang,1
reji,1
rekemchuk,1
relander,1
relaxation,2
religon,1
relive,1
relyea,1
remakeshave,1
remarkables,1
remarquables,1
rembang,1
remedios,1
remi,1
remixed,1
remmei,1
remmel,1
remter,1
remus,1
remya,1
renan,1
renanim,1
renck,1
rendell,1
renegade,1
renegades,2
renegatii,1
renfe,1
rengifo,1
rennenkampf,1
renner,1
rennes,1
rennie,1
renny,1
renovators,1
renri,1
renshaw,1
rensselaerswyck,1
rentenmark,1
renzo,1
reol,1
reorganisation,1
rep,1
repentance,2
reptar's,1
repton,1
republicana,1
repulsa,1
requena,1
rerieved,1
res,1
resendez,1
reshaping,1
reshmi,1
resignasjon,1
resilience,2
resistencia,1
resisters,1
restaurant's,1
restituta,1
restorationism,1
restorer,1
resumption,1
resurgence,1
resweber,1
ret,1
retcon,1
rethie,1
rethroned,1
retief,1
retreived,1
retroville,1
reuters,1
reuven,1
reuveni,1
rev,1
revenant,1
revengers,1
reventador,1
revere,1
reveries,1
reverte,1
revillagigedo,1
revisionists,1
revisiting,1
revista,1
reviue,1
revolucionarias,1
revolucionario,1
rewa,1
rewired,1
rewiti,1
rex's,1
rexha,1
reynaldo,1
reza's,1
rezende,1
reznor,1
rhagoletis,1
rhee's,1
rheged,1
rheims,1
rhein,1
rheinaue,1
rheine,1
rheinmetall,1
rheins,1
rhenen,1
rhenock,1
rheon,1
rhesus,2
rhetoric,2
rhetorical,1
rhett's,1
rhiainmelt,1
rhind,1
rhineland,1
rhinemaidens,1
rhinophrynus,1
rhinos,2
rhodesia,1
rhodin,1
rhodopes,1
rhody,1
rhoeth,1
rhonchi,1
rhosgobel,1
rhulen,1
rhynchonellida,1
rhynchonelliformea,1
rhysling,1
ri,1
riario,1
riata,1
riaz,1
riaza,1
ribavirin,1
ribbed,2
ribbs,1
ribeiro,1
ribera,1
ribes,1
ricciarda,1
ricciardo,1
riceville,1
richardbensontv,1
richartz,1
richesheures,1
richi,1
richilde,1
richini,1
richtel,1
richthofen,1
rickard,1
ricke,1
rickenbacker,1
rickey,1
rickmansworth,1
rickroll,1
ricksburg,1
ricoh,1
riddance,1
riddarholmen,1
ridder,1
riddick,1
riddim,1
riddle's,1
riddlebox,1
ridenour,1
ridgway,1
rie,1
ried,1
riederalp,1
riem,1
riemenschneider,1
riemenstalderbach,1
rieng,1
ries,1
riestra,1
rietty,1
rifts,1
rigadoon,1
rigel,1
riggins,1
riggle,1
riggs,1
rightnow,1
rigoletto,1
rigor,2
rigveda,1
rihinbah,1
rijksbureau,1
rijksmuseum,1
rijksvoorlichtingsdienst,1
rijnmondraad,1
rika,1
riker,1
rikkyo,1
riksdag,1
riksmaal,1
rikuzentakata,1
rila,1
riley's,1
rilgar,1
rimbau,1
rin,1
rina,1
rinder,1
rinehart,1
riney,1
ringed,2
ringos,1
ringway,1
rinsers,1
rintelen,1
riordan,1
riordan's,1
riouf,1
ripa,1
ripert,1
ripon,1
riposto,1
ripster,1
riptide,1
ripuarian,1
risborough,1
rishi's,1
rishiswar,1
rishton,1
risley,1
risperdal,1
risso's,1
ritaban,1
ritmo,1
ritsuryo,1
rittenhouse,1
ritu,1
ritz,1
riudavets,1
rivadavia,1
rivarol,1
rivau,1
rivendell,1
rivera's,1
riverbend,1
riverboats,1
riverdale,1
riverfest,1
riverina,1
riverkasematten,1
riverland,1
riverstone,1
riverwalk,1
rivesaltes,1
riviere,1
rivlin,1
rivonia,1
riya,1
rizzo,2
rms,1
roache,1
roadcut,1
roadie,1
roadrunners,1
roadster's,1
roadsters,2
roald,1
roam,1
roasting,1
roatta,1
rob's,1
robards,1
robays,1
robbie's,1
robel,1
robertas,1
robespierre,1
robie,1
robina,1
robinette,1
robinhood,1
robinsons,1
robison,1
robledo,1
robley,1
roblox's,1
robocop,1
robusta,1
robux,2
roby,1
roca,1
rocas,1
roccasecca,1
rocchigiani,1
rocha,1
rochebaron,1
rochefoucauld,1
rochegrosse,1
rochepot,1
rocher,1
rochor,1
rochus,1
rockaway,1
rockfish,1
rockhaus,1
rockies,1
rockingham,1
rockley,1
rockne,1
rockowitz,1
rockslaget,1
rocksteady,1
rocna,1
rococo,1
rodemacher,1
rodemann,1
rodenbach,1
rodger,1
rodionova,1
rodman,1
rodney's,1
rodolph,1
rodrigo,1
rodrigue,1
rodrigues,1
roehampton,1
roem,1
roeper,1
roga,1
roghunath,1
rogoff,1
rohani,1
rohr,1
rohtak,1
rojo,1
rojos,1
roktakto,1
rolandi,1
rolando,1
roleplaying,1
rolex,1
rolfe's,1
rolla,1
rollan,1
rollason,1
rollators,1
rollersoaker,1
rolleston,1
rollox,1
romagnano,1
romanens,1
romanes,1
romanesco,1
romani,1
romania's,1
romanization,2
romano,1
romanova,1
romanovs,1
romanovsky,1
rombley,1
romein,1
romer's,1
romford,1
rommel's,1
romo,1
romola,1
romp,2
romulus,1
romy,1
rona,1
ronaldo's,1
ronalds,1
ronchi,1
rondon,1
rondos,1
ronen,1
ronettes,1
roney,1
ronpet,1
ronstadt,1
roode,1
rooftops,1
rooke,1
rookies,1
roosa,1
roose,1
rootkits,1
ropey,1
rophaien,1
roque,1
rorabaugh,1
rore,1
rory's,1
rosacea,2
rosaceae,1
rosalie's,1
rosalind,1
rosaline,1
rosalyn,1
rosana,1
rosanna,1
rosas,1
rosaura,1
roscommon,1
roseau,1
rosedales,1
roseland,1
roseman,1
rosemont,1
rosenbaum,1
rosenberg's,1
rosenbergs,1
rosenblatt,1
rosenblum,1
rosendahl,1
rosendale,1
rosenfarb,1
rosenkavalier,1
rosenthal,1
roser,1
roseville,1
rosewall,1
rosewood,2
rosey,1
roshan,1
rosi,1
rosidi,1
rosii,1
rossa,1
rossall,1
rosse,1
rossel,1
rosselli,1
rossetti,1
rossington,1
rossini,1
rossini's,1
rosskopf,1
rosslyn,1
rossomahaar,1
rossum,1
rossum's,1
rostbratwurst,1
rostelecom,1
rostenkowski,1
rostock,1
rostov,1
rosyth,1
rotational,2
rote,1
rotes,1
rothbard,1
rothbart,1
rothera,1
rotheram,1
rotherham,1
rothi,1
rotisserie,1
rottenest,1
rottweiler,1
rottweilers,1
roudette,1
rouffaer,1
roughhousing,1
roumois,1
roundabout,2
roundheads,1
roundup,1
roundview,1
rouquette,1
rourans,1
roussel's,1
rouverol,1
rouvre,1
rovaniemi,1
rovereto,1
rovina,1
rowan,1
rowdies,1
rowe,1
rowland,1
rowlandson's,1
rowlatt,1
rowman,1
rowntree,1
rowson,1
roxanne,1
roxas,1
roxen,1
roxette,1
roxx,1
roya's,1
royales,1
royalle,1
royaltons,1
royaume,1
royle,1
royston,1
rozala,1
rozas,1
rozelle's,1
rubisco,1
rupaul,1
rubbermaid,1
ruben,1
rubenstein,1
rubery,1
rubeus,1
rubia,1
rubina,1
rubinstein's,1
rubios,1
ruck,1
ruckenstein,1
rud,1
rudbeckia,1
ruddock,1
rudenstam,1
rudert,1
rudnick,1
rudrasena,1
rudyk,1
ruff,1
ruffelle,1
ruffin's,1
ruganda,1
ruge,1
rugeley,1
rugen,1
ruggero,1
ruhleben,1
ruhondo,1
ruidoso,1
ruisbroek,1
ruk,1
rukavina,1
rukia,1
rukin,1
rukunegara,1
rule's,1
rumi,1
rumiko,1
rumination,2
rumonge,1
rumpole,1
rumung,1
runaways,2
rundstedt,1
runescape,1
runeberg,1
runes,1
runic,1
runnymede,1
runt,2
runyon,1
rupal,1
rupe,1
rupert's,1
rupiah,2
ruppe,1
rupturefarms,1
rusa,2
rusden,1
rush's,1
rushen,1
rusher,1
rushiti,1
rusizi,1
ruska,1
ruskin,1
ruslan,1
rusnok,1
russange,1
russel,1
russi,1
ruster,1
rustin,1
rutenorum,1
rutgers,1
ruthenian,1
ruthyn,1
rutishauser,1
rutland,1
rutledge,1
ruwenzori,1
ruy,1
ruzitska,1
rwandans,1
rweru,1
ryanair,1
rycaut,1
ryckert,1
rydel,1
ryder,1
rye,1
ryghteous,1
ryhope,1
rykiel,1
ryland,1
ryle,1
ryokichi,1
ryoko,1
ryosuke,1
rysy,1
ryuho,1
ryusaku,1
ryuta,1
sacd,1
sak,2
sals,1
sanaa,1
sanfl,1
saol,1
sapi,1
sar's,1
sars,1
savak,1
sayes,1
sbb,1
sbn,1
sbs's,1
scada,1
scc,1
scca,1
sce,1
scef,1
scel,1
scimago,1
scl,1
scm,1
scotus,2
scr,1
scrs,1
sdp's,1
sdr's,1
seab,1
seap,1
seap's,1
seato,1
secc,1
sed,2
sedco's,1
segs,1
sek,1
sekem,1
ser,2
sernap,1
serp,1
servir,1
sesac,1
sewp,1
sfi,1
sfl,1
sfpa,1
sfwa's,1
sgi,1
sgp,1
sh,3
sics,1
sil,2
simd,1
sipcot,1
sipg,1
sitraunah,1
siwb,1
skema,1
skn,1
sl,1
slac,1
slfl,1
slfp,1
slush,2
sli,1
smb,1
smc,1
smf,1
smtown,1
snco,1
snk,1
snmp,1
snp,1
socan,1
sov,1
sp,2
spd's,1
spi,1
spl,1
spm,2
spni,1
spqr,1
sprat,1
spbu,1
sr's,1
sras,1
srbs,1
srp,1
ssbn,1
ssc,1
ssds,1
ssmi,1
ssw,1
stap,1
statt,1
stc,1
stfu,1
stm,1
stmpd,1
strongestman,1
stuk,1
su's,1
subst,1
supa,1
supaero,1
svd,1
svt's,1
swac,1
swapo,2
swat,2
swb,1
sxsw,1
szdsz,1
saa,1
saad,1
saadat,1
saagar,1
saamy,1
saar,1
saaremaa,1
saarland,1
saat,1
saba,1
sabae,1
sabaeans,1
sabaik,1
saban,1
sabarmati,1
sabates,1
sabatini,1
sabbah,1
sabbatarians,1
sabbath's,1
sabe,1
sabea,1
sabellianism,1
sabena,1
sabermetrics,1
sabi,1
sabina,1
sabine,1
sabino,1
sable,1
sabroom,1
sabrosos,1
sabulo,1
saburo,1
saburova,1
saccharin,1
sacchini,1
sacco,1
sachal,1
sachau,1
sachdev,1
sacheon,1
sacher,1
sachiko,1
sachora,1
sacrae,1
sacrament,2
sacret,1
sacromonte,1
sadagariem,1
saddar,1
sade,1
sade's,1
sadism,1
sadiya,1
sadler's,1
sadollah,1
sadr,1
saduak,1
saeb,1
saeima,1
saeng,1
saetia,1
safar,1
safaree,1
safavids,1
safdar,1
safeco,1
safranschou,1
saga's,1
sagara,1
sagat,1
sagawa,1
sagaydak,1
sager,1
sages,1
saginaw,1
sagittal,1
sagne,1
sagrada,1
sagrario,1
sagteng,1
sahby,1
sahgal,1
sahiwal,1
sahm,1
sahm's,1
saho,1
sahrawi,1
sahul,1
sahure,1
sahyadri,1
saibai,1
saibinnik,1
saifeena,1
saiful,1
saijo,1
saiki,1
sailers,1
sailly,1
sailor's,1
saima,1
saimdang,1
sain,1
sainsbury's,1
sairanen,1
sairen,1
sairi,1
saisaki,1
saith,1
saiva,2
saka,1
sakaguchi's,1
sakato,1
sakhalin,1
sakitama,1
sakkara,1
sakura's,1
sakuragi,1
sakuran,1
sal,1
saladillo,1
salahuddin,1
salai,2
salak,1
salamander,1
salamandrina,1
salamis,1
salcher,1
saleeba,1
saleem,1
saleilles,1
salem's,1
salen,1
salentinu,1
salette,1
salginatobel,1
salgut,1
sali,1
salia,1
salias,1
salient,2
salish,1
salita,1
salival,1
salkin,1
salla,1
salleh,1
salley,1
sallier,1
sally's,1
salma,1
salmi,1
salmo,1
salmond,1
salmoneus,1
salmrohr,1
salonsaari,1
salps,1
salt's,1
saltbushes,1
salto,1
saltoro,1
saltpeter,1
saluda,1
salut,1
salvadorians,1
salvelinus,1
salvia,1
salvini,1
salvo,1
sama,1
samad,1
samaira,1
samambaia,1
saman,1
samananda,1
samandruby,1
samanid,1
samar's,1
samaria,1
samarina,1
samaritans,1
samarkand,1
samberg,1
sambo,1
sambong,1
sambunjak,1
sametime,1
samford,1
samhita,1
samira's,1
sammelana,1
sammilani,1
sammlung,1
sammy,1
samnaun,1
samon,1
sampaio,1
sampling,2
sampurnanand,1
samran,1
sams,1
samsa,1
samson's,1
samsonov,1
samsonov's,1
samudra,1
samuels,1
samuelsen,1
samuelson,1
samur,1
samus's,1
samvat,1
samvelyan,1
samworth,1
samyabadi,1
sana'a,1
sanada,1
sanadhya,1
sanatorium,2
sanborn,1
sancha,1
sanchaman,1
sancho's,1
sancocho,1
sancroft,1
sancti,1
sandal,1
sandanobu,1
sandhu,1
sandhya,1
sandiego,1
sandleford,1
sandman,1
sandor,1
sandoy,1
sandoz,1
sandspit,1
sandu,1
sandur,1
sandusky's,1
sanetomo,1
sanfrecce,1
sangay,1
sangbong,1
sangh,1
sangham,1
sanghamitta,1
sanghar,1
sanghi,1
sangkuriang,1
sangpo,1
sangria,1
sangro,1
sangsad,1
sanguinic,1
sangul's,1
sanitary,2
sanjana,1
sanjeev,1
sanjha,1
sanjibhai,1
sanjue,1
sankagiri,1
sankar,1
sankara,1
sanlucar,1
sannasi,1
sannazzaro,1
sannomiya,1
sanofi,1
sanosuke,1
sanriku,1
sansarpur,1
sansei,1
sanskritization,1
sant'agata,1
sant'andrea,1
santa's,1
santan,1
santayana,1
santes,1
santhal,1
santiago's,1
santini,1
santofimio,1
santon,1
santoor,1
santorini,1
santorum,1
sants,1
sanvensa,1
sanya,1
sanz,1
saoterus,1
saparmurat,1
sapeornis,1
sapieha,1
saponi,1
sapphists,1
sapporos,1
saprissa,1
saqqara,1
sarafian,1
sarakhs,1
sarallah,1
saranan,1
sarang,1
sarasinsawamipak,1
sarastro,1
sarasvathi,1
saraswathi,1
sarathkumar,1
sarawak,1
sarbloh,1
sarchu,1
sarcophagidae,1
sarcosuchus,1
sarcoxie,1
sardanapalus,1
sardegna,1
sardinians,1
sardryab,1
sarel,1
sargodha,1
sarich,1
sarika,1
sarkar,1
sarkozy,1
sarla's,1
sarlat,1
sarma's,1
sarmatians,1
sarmiento,1
sarojini,1
saroyan,1
sarpinsky,1
sarrasani,1
sarria,1
sarrionandia,1
sarro,1
sartarelli,1
sartawi,1
sartell's,1
sarthe,1
sartori,1
sartre's,1
sarts,1
sarup,1
sarvepalli,1
saryan,1
saryo,1
saryupareen,1
sasak,1
sasang,1
sasangir,1
sashimi,1
sason,1
sass,2
sassanian,1
sassari,1
sassaro,1
sasse,1
sassun,1
sasun,1
satanella,1
satanism,1
satanists,1
satara,1
satay,1
satender,1
satguru,1
sathire,1
satilities,1
satish,1
satkania,1
satoko,1
satonishiki,1
satoru,1
satrapi,1
satriani,1
sats,1
sattar,1
satti,1
satun,1
saturday's,1
saturniid,1
saturns,1
satya,2
satyrs,2
saud,1
saudade,1
saugerties,1
saugor,1
saugus,1
sauks,1
saulieu,1
saulkrasti,1
saurischia,1
saurolophus,1
sauron's,1
sauropelta,1
saurophaganax,1
sauropterygia,1
saurornitholestes,1
saut,1
savage's,1
savalou,1
savannas,2
savary,1
savas,1
saveliev,1
saverne,1
savery,1
savickas,1
savignac,1
saville,1
savills,1
savitch,1
savoie,1
savonia,1
savonnerie,1
sawa,1
sawadogo,1
sawaichi,1
sawakasa,1
sawar,1
sawda,1
sawesberie,1
sawmill,2
sax,2
saxe,1
sayajirao,1
sayaka,1
sayama,1
sayang,1
sayeedi,1
sayer,1
saynez,1
sayre,1
sayreville,1
sayukshin,1
sayyid,1
sazi,1
sboui,1
scafell,1
scala,1
scaling,2
scalise,1
scallop,2
scalptorium,1
scam,2
scamander,1
scammel,1
scanlan,1
scaramuzza,1
scardino,1
scarlett's,1
scarletti,1
scarr,1
scarre,1
scarsdale,1
scatsa,1
scatters,1
scatwell,1
scavengers,1
sceaux,1
scelto,1
scepter,1
schaaf,1
schabowski,1
schachzeitung,1
schaffelhuber,1
schaffer,1
schalke,1
schanzer,1
schanzkowska,1
schanzle,1
schardinel,1
scharr,1
schaunard,1
schauspielerpaar,1
scheckter's,1
schecter,1
schedel,1
schedelsche,1
scheherazade,1
scheider,1
scheldt,1
schell's,1
schellen,1
schemel,1
schemers,1
schengen,1
scherpenhuijsen,1
scherzo,1
scheuer,1
scheveningen,1
schewebazade,1
schewenborn,1
schicchi,1
schidlof,1
schieber,1
schieffelin,1
schieffer,1
schiers,1
schiesser,1
schiff's,1
schifflange,1
schiller,1
schilthuizen,1
schiltz,1
schindleria,1
schinkel's,1
schiphol,1
schipper,1
schismatic,1
schistometopum,1
schjerfbeck's,1
schlabitz,1
schlafly,1
schlageter,1
schlamme,1
schlechter,1
schlegel's,1
schleicher's,1
schleiden,1
schleife,1
schlesinger's,1
schleswig,1
schley,1
schlieffen,1
schlitter,1
schlosser's,1
schlumberger,1
schmidly,1
schmitt,1
schmuck,1
schmunk,1
schnauzers,1
schneeberg,1
schneeberger,1
schneiderman,1
schneir,1
schnittke,1
schnitzel,2
schobert,1
schock,1
schoening,1
schoep's,1
schola,2
scholar's,2
scholz,1
schonbeck,1
schonberg,1
schoolmate,2
schoolyard,2
schoonbeck,1
schop,1
schottenheimer,1
schottky,1
schottzie,1
schouten,1
schrader,1
schramberg,1
schreck,1
schrieber,1
schroeder's,1
schuh,1
schuhbeck,1
schulte,1
schumpeter,1
schur,1
schutz,1
schwaben,1
schwabsky,1
schwallier,1
schwalmbecken,1
schwann,1
schwartz's,1
schwarz,1
schwennicke,1
schwyzer,1
sciamma's,1
scicluna,1
sciencedirect,1
scientifical,1
scientifique,2
scientologists,1
scieszka,1
scifresh,1
scilly,1
scipio,1
scissor,1
sclerenchyma,1
scobee,1
scoble,1
scoop,1
scooter,1
scorcher,1
scorel,1
scorpions,2
scotch,1
scott's,1
scotto,1
scottrade,1
scottsdale,1
scotty's,1
scoutcraft,1
scowcroft,1
scrabble,1
scramble,2
scrat,1
screamo,1
screenwriting,1
screwdrivers,1
scriabin,1
scribe's,1
scriblerus,1
scriden,1
scriitorilor,1
scripps,1
scrofa,1
scrolls,2
scrooby,1
scrooge's,1
scrubbers,1
scrublands,1
scruffy,1
scrumptious,1
scruton,1
scud,1
scutage,1
scutellosaurus,1
scutigera,1
scytodidae,1
sderot,1
sdn,1
sea's,1
seamonkey,1
seabass,1
seabees,1
seacoast,2
seafoam,1
seaford,1
seaforth,1
seagate,1
seagram,1
seagulls,1
seal's,1
seamounts,1
seamus,1
sean's,1
seandagnatha,1
seannad,1
searchable,1
searchlight,1
seascale,1
seashell,1
seatbelts,1
seatrain,1
seau,1
seaxburh,1
sebaceous,1
sebastes,1
sebastiano,1
seca,1
sechenov,1
seck,1
seclorum,1
seco,1
secret's,1
secretary's,1
secularization,1
secundanorum,1
securitate,1
sedgwick,1
sedis,2
sedley,1
sedna,1
sedner,1
seeboden,1
seeheim,1
seele,1
seeman,1
seenplatte,1
seer,1
sefirat,1
sega's,1
segar,1
segar's,1
segna,1
segovia,1
segreto,1
segualeriae,1
seguel,1
segunda,1
segway,1
sehban,1
seheil,1
seher,1
sehgal,1
sehul,1
seia,1
seibu,1
seich,1
seifart,1
seiji,1
seijo,1
seilacher,1
seillac,1
seimas,1
seishun,1
seistan,1
seit,1
seitzer,1
seiwa's,1
seiwert,1
seiyu,1
sejima,1
sejm,1
sejny,1
sejo,1
sejong,1
sejr,1
sekhar,1
seki,1
sekigahara,1
sekizuka,1
selangor,1
selassie,1
selborne,1
seldon,1
selections,1
selene,1
selenide,1
selfless,1
selfridge's,1
selig,1
selina,1
seljuk,1
selke,1
sellachchi,1
selley,1
selliamman,1
selma's,1
selmana,1
selo,1
selonia,1
selsun,1
selu,1
selvakumar,1
selway,1
selway's,1
selwyn,1
sema,1
sembawang,1
sembrancher,1
sementini,1
semigallia,1
seminary's,1
semiotics,1
semolina,2
semper,1
senajith,1
senanayake,1
senatus,1
senbatsu,1
sendurai,1
senefelder,1
senet,1
senge,1
sengendai,1
senger,1
sengkang,1
sengupathi,1
senistrognata,1
senj,1
senju,1
senka,1
senlay,1
senna's,1
sennacieca,1
sennedjem,1
sennewald,1
sensei,2
sensktoppen,1
sentido,1
sentientism,1
sentral,1
senusret,1
senyavin,1
seogye,1
seohyun,1
seong,1
seongjong,1
seongsan,1
seongsang,1
sep,1
sephardim,1
sepidrood,1
septicemia,1
septimius,1
septimus,1
sequestration,1
serbia's,1
serbians,1
serdtsa,1
seren,1
serena,1
serenitatis,1
sergius,1
serkin,1
serlio,1
sernf,1
serranto,1
servicio,1
servile,1
sesslach,1
sestina,1
setagaya,1
setanta,1
sete,1
sethu,1
setit,1
settman,1
seungyeon,1
sevatcow,1
sevdam,1
sevenans,1
sevenoaks,1
severance,1
severin,1
severino,1
sevigny,1
seville,1
sevin,1
sewa,1
sewanee,1
sewashi,1
sewell,1
sewlikey,1
sexaeringer,1
sexagesimally,1
sexsmith,1
sextet,1
sextilis,1
seychelles,1
seyler,1
seymouriamorphs,1
seyne,1
seytmuratova,1
sfakianakis,1
sfc,1
sfeir,1
sforza,1
sforzando,1
sgeir,1
sgr,1
sgreccia,1
sh'chur,1
shabba,1
shabbih,1
shabir,1
shabontama,1
shabran,1
shachko,1
shackled,2
shackleford,1
shaddap,1
shaddow,1
shadikhan,1
shadowclan,1
shadowmeld,1
shadowstar,1
shady's,1
shaeldar,1
shaffer,1
shafi'is,1
shafiq,1
shafiul,1
shaggy,2
shagra,1
shahab,1
shahi's,1
shahjoi,1
shahmirzadi's,1
shahn,1
shahnameh,1
shahpuri,1
shahram,1
shahrukh,1
shahu,1
shahu's,1
shahzadpur,1
shaikh,1
shaiva,1
shakaiteki,1
shakespearian,1
shakhbut,1
shakhtar,1
shakir,1
shakoor,1
shaktas,1
shaktism,1
shaktras,1
shakur,1
shakusho,1
shakya,1
shale,1
shalwar,1
shamabaji's,1
shaman's,1
shamans,1
shamar,1
shamash,1
shambhaji,1
shameless,2
shamir,1
shamkovich,1
shamma,1
shampain,1
shamsuzzoha,1
shana'kin,1
shanavas,1
shandur,1
shanga,1
shange's,1
shangkiu,1
shangla,1
shango,1
shani,1
shankaracharya,1
shannon's,1
shanrae,1
shaoqi,1
shap,1
shapcote,1
shapeshifting,1
shapira,1
shaplen,1
shapley,1
shapur,1
shaq's,1
shar,1
sharaku's,1
sharapova,1
sharat,1
sharbaji,1
sharda,1
sharepoint,1
sharib,1
sharice,1
shariff,1
sharik,1
sharikov,1
sharikov's,1
sharkey,1
sharkey's,1
sharkskin,1
sharmeen,1
sharmell,1
sharnbrook,1
sharon's,1
sharpe's,1
sharpless,1
sharpton,1
sharqi,1
sharrock,1
shartz,1
sharyo,1
shashank,1
shasta,1
shastri,1
shasu,1
shatin's,1
shattering,2
shatyr,1
shaukat,1
shaun,1
shaurya's,1
shavers,1
shavuot,1
shaw's,1
shawarma,1
shawkan,1
shay's,1
shayan,1
shayegan,1
shayher,1
shays's,1
sheares,1
shearston,1
sheba,1
shebelle,1
sheble,1
sheehan,1
sheen's,1
sheena,1
sheffields,1
shefford,1
sheheryar,1
sheikah,1
sheikhulbandi,1
sheinberg,1
shek,1
shekinah,2
shelby's,1
sheldon's,1
shell's,1
shelley's,1
shellis,1
shem,1
shemtob,1
shena,1
shenjiang,1
shenlha,1
shennong,1
shennong's,1
shenrab,1
shepas,1
shephalah,1
shephard,1
shepherdsons,1
sheppard's,1
shepparton,1
sherab,1
sherbatiuk,1
sherbrooke,1
sherden,1
shereen,1
sheridan's,1
sherif's,1
sherifa,1
shermie,1
shero,1
sherpstone,1
sherral,1
sherrine,1
sherritt,1
sherritt's,1
sherston,1
shesh,1
sheth,1
shetland,1
shevchenko,1
shewa,1
shewan,1
shewhart,1
shi'a,1
shi'ites,1
shibata,1
shibuya,1
shida,1
shifu,1
shigam,1
shigeki,1
shihab,1
shihei,1
shiites,1
shikadai,1
shikamaru,1
shikarpur,1
shikasta,1
shikhar,1
shila,1
shillin,1
shillinglaw,1
shillong,1
shilmani,1
shiloh,1
shilovskaya,1
shilpakala,1
shima,1
shimada,1
shimmin,1
shimodo's,1
shimomura,1
shimono,1
shimshal,1
shimshimtapa,1
shinmokdong,1
shinbashi,1
shinbi,1
shinchan,1
shindong,1
shing,1
shingo,1
shini,1
shinjin,1
shinkai,1
shinkansen,1
shinmachi,1
shino,1
shinobi,2
shinobu,1
shinsengumi,1
shinshuren,1
shinya,1
shinyei,1
shinyusha,1
shinzo,1
shipbuilding,2
shipka,1
shippo,1
shirak,1
shirakawa,1
shiratorizawa,1
shirazi,1
shirdon,1
shirin,1
shirley's,1
shiro,1
shiromani,1
shirvanshah,1
shish,1
shishunki,1
shit,2
shiti,1
shiung,1
shiva's,1
shivajirao,1
shivers,1
shiwen,1
shizenkan,1
shizu,1
shizugawa,1
shizuya,1
shkil,1
shmelyov,1
shneiderman,1
shocore,1
shoaling,1
shochiku,1
shochu,1
shockwaves,1
shoei,1
shoestring,1
shogai,1
shoghe,1
shoghi,1
shohei,1
shohoku,1
shoji's,1
shokale,1
shoku,1
shokufeh,1
sholder,1
sholzberg,1
shonan,1
shonisaurus,1
shootin,1
shopgirl,1
shopp,1
shopper,1
shopper's,1
shorthair,1
shorthairs,1
shortlist,1
shortstop,1
shoshonian,1
shotter's,1
shotton,1
shotton's,1
shotty,1
shoucheng,1
shouichi,1
shouler,1
shove,2
shovelnose,1
showbiz,2
showgrounds,2
shoxx,1
shred,1
shredder,1
shree,1
shreemant,1
shreepali,1
shreepalis,1
shreveport,1
shreya,1
shri,1
shribman,1
shrimatiji,1
shrimpton,1
shrubb,1
shuai,1
shubin,1
shubin's,1
shuddha,1
shueisha's,1
shuhadaa,1
shuki,1
shukoff,1
shulchan,1
shulman,1
shun,2
shupla,1
shura,1
shurberg,1
shuro,1
shusaku,1
shuswap,1
shuter,1
shuttlesworth,1
shvetashvatara,1
shyamalan,1
shyampur,1
shylah,1
shyshko,1
siababa,1
siadek,1
siaki,1
sialkot,1
siamang,1
siamangs,1
siangshan,1
siau,1
sib,1
sibelius's,1
sibenik,1
siberiahills,1
sibiloi,1
sibylla,1
sibylline,1
sica,1
sicard,1
sicardsburg,1
sicel,1
sichel,1
sichem,1
sichuan's,1
sicilia,1
sicker,2
sicknote,1
sid's,1
sidcup,1
siddheshwar,1
siddhi,1
sidekicks,2
sidenreng,1
sidereal,1
sidespin,1
sidesplitters,1
sidharth,1
sidious,1
sidney's,1
sidon,1
sidonia,1
sidotti,1
sidr,1
sie,1
siebel,1
siegelman,1
siegershausen,1
siegfied,1
siegler,1
siemens,1
sienkiewicz,1
sier,1
sierpinski,1
sieur,2
sievers,1
siffredi,1
sifu,2
sigampa,1
sigel,1
sigerson,1
sightline,1
siglo,1
sigman,1
sigmatropic,2
signoret's,1
signos,1
sigrid,1
sigurd,1
sigurlaug,1
siham,1
siikalatva,1
siilasmaa,1
sikand,1
sikandar,1
sikhye,1
sikorski,1
sikorsky,1
silatech,1
silayev,1
silena,1
silesia,1
silico,1
silicones,1
silka,1
silkworm,1
silliman,1
sills,1
silmarillion,1
siloni,1
silsila,1
silures,1
siluria,1
silurians,1
silveri,1
silverman,1
silverstream,1
silvertips,1
silvertoner,1
silverwing,1
silverwings,1
silverwood,1
silvester,2
silvestre,1
silvia,1
silvio,1
silvretta,1
sily,1
silybum,1
simevents,1
simtower,1
simakova,1
simcoe,1
simeon,1
simi,1
simile,2
simla,1
simmba,1
simmonds,1
simms's,1
simon's,1
simonet,1
simonetti,1
simonson,1
simony,2
simorgh,1
simpleton,1
simplicio,1
simplification,2
simplon,1
simulating,1
simuliidae,1
sinaloa,1
sinaloense,1
sinclaire,1
sinclairs,1
sindansu,1
sindar,1
sindarin,1
sindebele,1
sindhuli,1
sindo,1
sindre,1
sindura,1
sinergy,1
sinestro,1
sineu,1
sinfonietta,1
sinforosa,1
singe,1
singgah,1
singhji,1
singin,1
singlaub,1
singletary,1
singleton's,1
singra,1
sinhalese,1
sini,1
sinicization,1
sinner,1
sinnoh's,1
sinofsky,1
sinong,1
sinquerim,1
sion,1
sioux,1
siouxsie,1
sipoo,1
sippie,1
sire,2
sirhindi,1
sirikit,1
sirius,1
sirius's,1
sirk,1
sirk's,1
sirler,1
siro,1
sirolo,1
sirraco,1
siruguppa,1
sirumalai,1
sisikon,1
siskiyou,1
sisley's,1
sisnett,1
sissi,1
sistan,1
sistani,1
sistus,1
sisu,1
sisyphus,1
sithuwili,1
sittard,1
sittard's,1
sitter,1
sitter's,1
sittig,1
situmorang,1
siu,1
siumut,1
sivaji,1
siverek,1
sivilized,1
sixpence,1
sixt,1
sixto,1
siyyid,1
sizzaza,1
sizzle,1
sj,1
skaldic,1
skaletska,1
skanda,1
skansen,1
skante,1
skara,1
skaros,1
skarsten,1
skaryna,1
skeids,1
skeld,1
skelter,2
skene,1
skidegate,1
skidmore,1
skien,1
skiena,1
skierfa,1
skif,1
skilda,1
skillion,1
skimmers,1
skipper's,1
skippy,1
skiringssal,1
skirnir,1
sklar,1
sklekovi,1
skocpol,1
skoglund,1
skolmen,1
skora,1
skorupa,1
skorzeny,1
skowanoti,1
skradin,1
skratch,2
skrindo,1
skrythals,1
skycable,1
skydeck,1
skydive,1
skydra,1
skyfall,1
skylake,1
skylan,1
skylark,1
skylines,1
skylor,1
skylstad,1
skyne,1
skyros,1
skytrax,1
skywalker's,1
skywriter,1
slackware,1
slade,1
sladen,1
slaight,1
slains,1
slammu,1
slammy,1
slater's,1
slatkin,1
slav,1
slavata,1
slavka,1
slavonia,1
slavonic,2
slavonije,1
slavoserb,1
slavyanka,1
slay,2
slaying,1
slechte,1
sledgehammer,1
slee,1
sleepe,1
sleight,1
sleipnir,1
sleng,1
slesicki,1
sleuths,1
sliced,2
slicker,1
sliders,1
slifer,1
slik,1
slingeneyer,1
slipak,1
slipher's,1
slipway,1
sliver,2
sloot,1
sloths,1
slotkin,1
slowdown,1
slowpitch,1
slumber,2
slump,1
slurp,1
slyly,1
smak,1
smale,1
smallholders,1
smallville,1
smaran,1
smartline,1
smeaton,1
smee,1
smej,1
smenovekhovtsi,1
smerillo,1
smet,1
smethurst's,1
smight,1
smilde,1
smiles,2
smilja,1
smilodon,1
smirnov,1
smitheram,1
smithers,1
smithfield,1
smithsonian's,1
smokin,1
smolensk,1
smolikas,1
smollett,1
smoot's,1
smoothed,2
smotherses,1
smouldering,1
smulders,1
smurflings,1
smyl,1
smylie,1
smythe's,1
smythson,1
snadon,1
snakebite,1
snakefinger,1
snapple,1
snappy,1
snatchers,2
snax,1
snead,1
sneaker,1
sneakers,1
sneap,1
sneezy,1
sneiderman,1
snicket,1
snille,1
snipes,1
snitch,1
snitsky,1
snocap,1
snoopy,1
snork,2
snorkeling,1
snow's,1
snowmads,1
snowdon,1
snyte,1
soc,1
socalkid,1
soa,1
soaking,2
soba,1
sobakin,1
sobibor,1
sobieski,1
sobol,1
sobre,1
sobrevivir,1
sobti,1
soby,1
soccoro,1
socinianism,1
socinus,1
socioeconomic,2
socioeconomics,1
sociologists,2
sociopath,1
socyn,1
soczewica,1
sodany,1
soddy,1
soderling,1
sodomy,2
sodor,1
soele,1
sofa,2
sofiyska,1
softbank,1
softimage's,1
sogdian,1
sogn,1
sogndal,1
sohan,1
sohee,1
soho,1
sohu,1
sojourner,1
sojung,1
sokak,1
sokhumi,1
sokker,1
sokol,1
sokols,1
sokosti,1
sokrates,1
solah,2
solana,1
solano's,1
solari,1
solaria,1
solaris,1
solbakken,1
solberg,1
soldotna,1
solenidae,1
solent,1
soler,1
soleyman,1
solicitor,1
solih,1
soliloquy,1
solimena,1
solingen,1
sollitt,1
solna,1
solomonia,1
solon,1
solothurn,1
solovieva,1
solti,1
solum,1
solus,1
solutio,1
solvents,2
solzhenitsyn,1
somalis,1
somateria,1
somborn,1
somchit,1
somdej,1
someplace,1
somers,1
somes,1
somethin,1
somghan,1
somm,1
somma,1
sommaurga,1
sommocolonia,1
somos,1
somphot,1
sompote's,1
sonamu,1
sonderkommando,1
sondhaney,1
sonel,1
sonenclar,1
songbird,1
songbirds,2
songbook,2
songdo,1
songgyungwan,1
songkla,1
songo,1
songon,1
songshi,1
songspiel,1
songtsen,1
songwriter's,1
songzhou,1
sonnenholzner,1
sonnenstein,1
sonnier,1
sonobe,1
sonora,1
sonra,1
sontag's,1
sontar,1
sontaran,1
sontarans,1
sonthofen,1
sontonga,1
sontsovka,1
soo,1
soochow,1
sookie,1
soombe,1
sooryavanshi,1
sootea,1
sooyang,1
sopel,1
sophistry,1
sophtware,1
sophy,1
sopranino,1
soptu,1
sopwith,1
sorahb,1
sorai's,1
soraiu's,1
soraya,1
sorbian,1
sorbians,1
sorbon,1
sorbs,1
sorceress,1
sorceries,1
sorin,1
sorkin,1
sorkin's,1
sorority,1
sorrow,2
sosa,1
sosa's,1
sosenka,1
sosianus,1
sosie,1
sosius,1
soskin,1
sosso,1
sosua,1
sosuna,1
sota,1
soteg,1
soter,1
soth,1
sotheby's,1
sotheran,1
sothic,1
sotka,1
sotnikov,1
soto's,1
sou,1
soudeikine,1
souhei,1
soule,1
soules,1
soulful,2
soulstorm,1
soulwax,1
soundjam,1
soundararajan,1
soundiata,1
soundless,2
souness,1
souquet,1
sour,2
sourasky,1
souray,1
sourcefed,1
sourcery,1
souresrafil,1
sousa,1
southampton's,1
southbank,1
southey,1
southey's,1
southside,2
southwarth,1
souvenir,1
souvestre,1
sovacool,1
sovetskii,1
sowerbutts,1
sowerby,1
sowon,1
soyarabai,1
soyeon,1
soysal,1
sozzini,1
spvgg,1
spaceshipone's,1
spacex's,1
spacefilling,1
spacelines,1
spadanae,1
spadea,1
spaliviero,1
spamalot,1
spandex,2
spanglish,1
spanking,2
spankulot,1
spannungsfeld,1
sparkshorts,1
sparkle,2
sparkles,1
sparky,1
spartel,1
sparviera,1
spasky,1
spathiphyllum,1
spatiotemporal,1
spatt,1
spatulas,1
spawning,2
speake,1
speakeasy,1
speaker's,2
spearhead,2
spearman,1
spearman's,1
specter,1
spector's,1
spectre,1
spectroscopic,2
speculative,2
speculum,1
spee,1
speedcar,1
speedee,1
speedminton,1
speedstar,1
speedwagon,1
speedword,1
speedwords,1
speegle,1
speen,1
speers,1
speevak,1
spekaer,1
spencerville,1
sper,1
sperms,1
sperry,1
spetsnaz,1
spew,1
sphenodontia,1
sphenoid,1
sphingidae,1
sphinx,1
sphynx,1
sphynxing,1
spiderman,1
spiegel,1
spiekeroog,1
spielvan,1
spiez,1
spikers,1
spillman,1
spindles,1
spinefarm,1
spinetti,1
spink,1
spinners,2
spinnrade,1
spinoza,1
spintonics,1
spiralling,2
spiridon,1
spitalfields,1
spitzer,1
spivey,1
splashtown,1
spliceosomes,1
splinter,2
splish,1
spock,1
spode,1
spofforth,1
spoleto,1
spoliation,1
spondon,1
spongebob's,1
spontini,1
spoorwegnet,1
sporkin,1
sport's,2
sportacandy,1
sportacus,1
sportanlage,1
sporthuis,1
sportiva,1
sportourer,1
sportscar,1
sportsdome,1
sportsnet,2
sportscasters,1
sportsmanship,1
sportsperson,2
sportswear,1
sportsweek,1
sportswoman,1
sportswriters,1
sportzentrum,1
spotfests,1
spotsylvania,1
spottedleaf,1
spotters,1
sprachraum,1
sprague,1
sprawl,2
spray's,1
sprechgesang,1
spree,1
spreitzer,1
sprig,1
springarn,1
springboks,1
springerlink,1
springsteen,1
sprites,1
sprota,1
sprouses,1
sprouting,2
spungen,1
spurgeon,1
spurling,1
spurling's,1
spysheriff,1
spyker,1
spyridon,1
squamata,1
squamous,1
squarepantis,1
squarepants,1
squashfs,1
squeak,1
squier,1
squilliam,1
squire,1
squirrelflight,1
sramana,1
srebotnik,1
srebrenica,1
sree,1
srinivasan,1
sripathi,1
sriperumbudur,1
srishti,1
srivijaya's,1
stg,1
staaten,1
staatkundig,1
staatsoper,1
staatszeitung,1
stabat,1
stabbingtons,1
stabenow,1
stacie,1
stadig,1
stadium's,2
stadler,1
stadtammann,1
stadtrecht,1
stadttheater,1
stag,2
staggering,1
stagliano,1
stahuljak,1
stairway,2
stakeout,1
stakkato,1
stallone's,1
stalnaker,1
stamford,1
stamkos,1
stamper,1
stan's,1
stane,1
stanford's,1
stang,1
stanislaus,1
stanislav,1
stanislava,1
stanislavovna,1
stankonia,1
stann,1
stans,1
stansfeld,1
stansstad,1
stansted,1
stant,1
stanthorpe,1
stanwix,1
stanze,1
stapletons,1
starclan,1
starstruck,1
starcatcher,1
starcevic,1
stare,1
starfleet,1
stargach,1
stargardt,1
stari,1
stark's,1
starkers,1
starla,1
starrcade,1
starry,1
starsky,1
starstreak's,1
startin,1
starwars,1
stasia,1
staten,1
statista,1
statistically,1
statuettes,1
stavenhagen,1
stavros,1
stealey,1
stealths,1
steambath,1
stearn,1
stears,1
stebbing,1
stebbins,1
stechkin,1
steck,1
stedingen,1
stedman's,1
steed,1
steele's,1
steeleye,1
steen,1
steen's,1
steenderen,1
steenvoorde,1
steere,1
steevens,1
stefa,1
stefaan,1
stefani,1
stefanie,1
steffen,1
steg,1
stegeberg,1
steger,1
stegodon,1
stegosauria,1
stegosaurus,1
steichen,1
stein's,1
steina,1
steinbauer,1
steinbrenner,1
steindorff,1
steingjerde,1
steinhoff,1
steinman,1
steinmann,1
steinstossen,1
steinway,1
steklov,1
stelzner,1
stemmer,1
stenhouse,1
stenhousemuir,1
stenographic,1
stenuit,1
stephansplatz,1
stephenie's,1
stepovich,1
steppenwolf's,1
steppes,2
stepsisters,2
steranko,1
stereoisomerism,1
stereoisomers,1
stereopsis,1
stereoscopic,1
stereotype,2
stereotypes,2
sterkfontein,1
sternberg,1
sternus,1
sterrenkunde,1
stettinius,1
stettner,1
steuben,1
steusloff,1
stevan,1
stevenson's,1
steward's,1
steyn,1
steyning,1
steyr,1
stickaid,1
sticker,2
stickler,1
stickybeard,1
stig,1
stiglitz,1
stil,1
stiles's,1
stilim,1
still's,1
stille,1
stillman's,1
stilman,1
stilt,1
stilwell,1
stimmer,1
stimpy,1
stinks,1
stinson's,1
stirickland,1
stith,1
stivell,1
stobaugh,1
stobbart,1
stockade,1
stockbridge,1
stockdale,1
stockhausen's,1
stockholm's,1
stockholms,1
stocking,2
stockman,1
stockton,1
stoddaart,1
stodden,1
stoecke,1
stogies,1
stoiber,1
stoiber's,1
stokes,1
stolberg,1
stolfi,1
stoller,1
stolls,1
stomatological,1
stompanato,1
stoned,2
stonehive,1
stonehyve,1
stoner,1
stonewall,2
stoney,1
stooges,1
stoph,1
stopover,1
storch,1
storehouse,1
storey's,1
storfjord,1
storfors,1
stormfur,1
stormrunner,1
storting,1
stortorget,1
storvreta,1
stotches,1
stough,1
stoughton,1
stour,1
stout,2
stover's,1
stowe's,1
stoychev,1
strabo,1
strabogie,1
straccis,1
stradbroke,1
strahm,1
strains,2
strana,1
strandebarm,1
strandhill,1
stranger's,2
stranka,1
strasburg,1
strasse,1
strassler,1
strate,1
stratejik,1
stratemeyer,1
stratfield,1
stratfor,1
strathaven,1
strathbogie,1
strathclyde,1
strathcona,1
stratigraphic,1
stratocasters,1
stratocruisers,1
stratoliner,1
strats,1
straub,1
strauss's,1
stravinsky's,1
strawbs,1
strays,1
streamline,1
strebelle,1
streep,1
streetpass,1
streetsounds,1
streetheart,1
streex,1
streicher's,1
streisand's,1
strepsirrhini,1
stresemann's,1
streusel,1
streynsham,1
stribling,1
strickland,1
stride's,1
stridulum,1
strife,2
stringybark,2
stroh,1
stromness,1
stromule,1
stronach,1
stroncone,1
strongyle,1
strophius,1
strowman,1
structurae,1
strunsky,1
strusinska,1
struthioniformes,1
strutt,1
struve,1
stryker,1
stryver,1
strzelecki,1
stu,1
stubbs,1
stuctural,1
studbook,1
studd,1
studer,1
studioteatret,1
stukas,1
stull,1
stumbleupon,1
stumped,1
stumpf,1
sturbridge,1
sture,1
sturegatan,1
sturmabteilung,1
sturmgewehr,1
sturt,1
sturtevant,1
stuttgarter,1
stutthof,1
stygotantulus,1
stylianos,1
stylinson,1
styrene,1
sualauvi,1
subarnarekha,1
subartu,1
subaru,1
subasio,1
subcommission,1
subcommittee,1
subculture,1
subgroups,2
subhadra,1
subnautica,1
subra,1
subramania,1
subramanyam,1
subsidal,1
substitutions,2
subtext,2
subtitled,2
suburbans,1
suceava,1
suchenwirth,1
suchet,1
suchitoto,1
sudamericana,1
sudan's,1
sudarium,1
sudarshan,1
sudauen,1
suddard,1
sudest,1
sudeten,1
sudetenland,1
sudhir,1
sudhnoti,1
sudo,1
suede,1
sufferer,1
sufferers,1
suffocation's,1
sufism,1
sufyan,1
suga,1
sugarhill,1
sugat,1
sugg,1
suggs,1
sughra,1
sugiyama,1
sugoi,1
suharto,1
suharto's,1
suhler,1
suhrab,1
suica,1
suih,1
suikoden,1
suir,1
suivre,1
suize,1
sukarno's,1
sukhdev,1
sukhoi's,1
suki,1
sukla,1
sula,1
sulaimon,1
sulaymaniyah,1
sulfonamide,1
sullenberger,1
sulley,1
sullivan's,1
sullivans,1
sulman,1
sulphur,2
sulpice,1
sulpicius,1
sulston,1
sultan's,1
sultana,1
sultanat,1
sumanguru,1
sumburgh,1
sumerians,1
sumitra,1
sumiyoshi,1
summaries,1
summerland,1
summoner's,1
sumner's,1
sumoto,1
sunos,1
sunangel,1
sunauli,1
sunburnt,1
sunce,1
suncus,1
sunda,1
sundaes,1
sundanese,1
sundar,1
sundaravej,1
sundari,1
sunde,1
sunderbans,1
sunderlal,1
sundew,2
sundiata,1
sundiata's,1
sundown,1
sunfire,1
sunga,1
sunghoon,1
sungmin,1
sungnyemun,1
sungyang,1
suni,1
sunjo,1
sunningdale,1
sunnis,1
sunnites,1
sunnyland,1
sunnyside,1
sunoo,1
sunshowers,1
sununu,1
sunup,1
suomisen,1
suonenjoki,1
suong,1
supoptique,1
supah,1
supercollider,1
superconcert,1
superdisk,1
superdrive,1
superlega,1
supermansion,1
supernote,1
supersport,1
superbas,1
superbowl,1
superbrowsergame,1
supercells,2
supercheap,1
superconductors,2
supercup,1
superdome,1
superfantagenio,1
superfast,1
superfinal,1
superfund,1
superheavy,1
superliga,1
supernanny,1
superplumes,1
supersex,1
superstack,1
superstition,2
supersymmetrical,1
superunknown,1
supervisors,1
supervisory,2
supplementing,2
supplier's,1
supposing,2
suppresses,1
suppressive,1
suprun,1
surab,1
surabaya,1
suraj,1
surami,1
suraphol,1
surat,1
surayud,1
suren,1
surgeon's,1
surikov,1
suriname's,1
surkov,1
surpassing,2
surprize,1
surrealistic,2
surridge,1
surriscaldati,1
suru,1
suruli,1
surveyer,1
surveyors,1
suryadevara,1
susa,1
susannah,1
sushun,1
suslin,1
suspicion,2
susquehanna,1
susquehannocks,1
sutanuti,1
suthachai,1
suthida,1
sutin,1
sutlej,1
sutorina,1
sutras,2
sutta,1
sutter,1
sutter's,1
sutto,1
suuri,1
suvarnabhumi,1
suvorov,1
suyang,1
suyeong,1
suzaku,1
suzerainty,1
suzhou,1
suzu,1
suzy,1
svanberg,1
svarga,1
svarte,1
svartedauen,1
svay,1
svend,1
svensson,1
sveshnikov,1
svetlana,1
svetoslav,1
svitak,1
svitava,1
svitavy,1
svobodny,1
swabia,1
swabian,1
swaddling,1
swaggart,1
swagger,1
swahili,1
swale,1
swallows,2
swallowtails,1
swamiji,1
swammerdam,1
swampy's,1
swanhilda,1
swann,1
swanscombe,1
swapnote,1
swaran,1
swarnamukhi,1
swaroop,1
swarovski,1
swartbooi,1
swarthmore,1
swarupam,1
swati,1
swaziland's,1
swazis,1
sweers,1
sweetchuck,1
sweetheart's,1
sweetwater,1
sweezy,1
swen,1
swenson,1
sweta,1
sweyn,1
swift's,1
swifts,1
swigert,1
swindall,1
swindon,1
swine,1
swinger,1
swingle,1
swirls,2
switzer,1
swizzels,1
swordsman,2
sy,1
syao,1
syarif,1
sybil,1
sybil's,1
sycamore,1
sycorax,1
syd,1
sydenham,1
sydir,1
sydow,1
syeds,1
sykhiv,1
syko,1
sylbheta,1
sylhet,1
sylke,1
sylvain,1
sylvan,1
sylvana,1
sylvanians,1
sylvari,1
sylveta,1
sylvie,1
symprotect,1
symantec's,1
symonds,1
sympathies,2
symphonist,1
symplectic,1
symptons,1
synchronous,1
syne,1
synergy,1
synnott,1
synoptists,1
synowie,1
synthaxe,1
syriac,1
syrkis,1
syrsan,1
systemmodeler,1
systema,1
syue,1
syv,1
szpd,1
szamotuly,1
szasz,1
szell,1
szigeti,1
szpiro's,1
szymanski,1
szyszlo,1
t'ang,1
t's,2
taag,1
tafe,1
takuya,1
tardis,1
tas,1
tasam's,1
tbd,1
tbds,1
tbi,1
tca,1
tcby,1
tcdd,1
tcm,1
tcq,1
tcs,1
tdc,1
tec,1
tedmed,1
teenz,1
tefl,1
tesl,1
tesol,1
teu,1
tfr,1
tfwp,1
tgs's,1
thq,1
thq's,1
thw,1
tig,1
tk,2
tmdu,1
tmg,1
tmo,1
tn,1
tnght,1
tnm,1
tnos,1
toefl,1
tos,1
tpi,1
tps,1
tros,1
tsa,1
tsg,1
tsi,1
tsn,1
tsp,1
tst,1
tstst,1
tsv,1
tt,1
ttc,1
ttt,1
tud,1
tum,1
tutts,1
tva,1
tvb's,1
twas,1
twc,1
ta'if,2
taarak,1
tabajara,1
tabasco,1
tabata,1
tabdeeli,1
taberd,1
tabi,1
tabla,2
tabor,1
tabtim,1
tabula,1
taburiente,1
taccola,1
tacconi,1
tachira,1
tacitus,1
taco,2
taconic,1
tad,1
tadamichi,1
tadayoshi,1
taddeo,1
taddia,1
tadhg,1
tadjibayaeva,1
tadmit,1
tadzio,1
taezzeok,1
taebaek,1
taehyun,1
taekwondo's,1
taeng,1
taengkwa,1
tafakkur,1
tafel,1
taff,1
tafida,1
tafna,1
taft's,1
tagak,1
tagana,1
taganrog,1
tagebucheintragungen,1
taggerung,1
taghipoor,1
tagi,1
taglines,1
taglioni's,1
tagore's,1
tahani,1
tahert,1
tahnoon,1
tahoe,1
taibei,1
taigh,1
taiheiki,1
taiji,1
tailevu,1
tailgates,1
tailstrikes,1
tainui,1
taira,1
taisey,1
taisho,1
taithul,1
taito,1
taittiriya,1
taivu,1
taizan,1
taizong,1
tajja,1
takacs,1
takahashi's,1
takamine,1
takamoto,1
takamura,1
takarazuka,1
takariya,1
takase,1
takashi,1
takashima,1
takayasu,1
takeda,1
takehiko,1
takenokoshi,1
takenori,1
takeshi,1
takeuchi,1
taki,1
takinogawa,1
takosyabu,1
takota,1
taks,1
taksim,1
taktse,1
takua,1
takuma,1
tal's,1
talab,1
talabani,1
talagang,1
talakoski,1
talal,1
talalay,1
talanx,1
talaq,2
talarn,1
talawaan,1
talbi,1
talbot,1
talbott,1
talc,2
talcon,1
talfah,1
talkeetna,1
talladega,1
tallari,1
tallmadge,1
tallman,1
tallon,1
talos,1
talpur,1
talty,1
tama,1
tamada,1
tamahere,1
tamak,1
tamar,1
tamarack,1
tamasa,1
tamasese,1
tamayo,1
tamba,1
tambaram,1
tambom,1
tambon,1
tambubong,1
tamddun,1
tamesgeen,1
tamilar,1
tamilians,1
tamilisai,1
tamils,1
tammasak,1
tammi,1
tamoios,1
tamora,1
tamp,1
tampa's,1
tampenies,1
tamworth,1
tanahashi,1
tanakh,1
tanambogo,1
tanaosi,1
tanarat,1
tanawalis,1
tandon,1
tandoori,1
tane,1
taneja,1
taney's,1
tanga,2
tanghuiyao,1
tangible,1
tangiers,1
tangipahoa,1
tangkuban,1
tangled,2
tanglewood,1
tangs,1
tangsa,1
tanguts,1
tanhuser,1
tani,1
tani's,1
taniquetil,1
tanis,1
tanja,1
tanke,1
tanken,1
tankenberg,1
tankerton,1
tankian,1
tanlines,1
tannenberg,1
tannenhauser,1
tano,1
tanom,1
tanot,1
tantaus,1
tantras,1
tantric,1
tantya,1
tanu's,1
tanzanian,1
taoloinai,1
taoroinai,1
taos,1
tapenken,1
tapestry,2
taphonomy,1
tapirs,1
tappan,1
tapti,1
tapu,2
taquile,1
taraki,1
tarana,1
taranaki,1
taraneh,1
taranis,1
taranto,1
taras,1
tarawera,1
tarawih,1
tarbagatay,1
tarbes,1
tarbosaurus,1
tarcoola,1
tarcutta,1
tard,1
tardar,1
tarde,1
tareekh,1
tareen,1
tareens,1
tarin,1
tariq,2
tarisio,1
tariverdiev,1
tarlac,1
tarlna,1
tarmouni,1
taro,1
taror,1
tarot,2
tarquin,1
tarquinia,1
tarrant,1
tarrant's,1
tarrasch,1
tarrygal,1
tarski,1
tart,2
tarun,1
tasc,1
tasgaon,1
tasia,1
tasker,1
taskforce,2
tasman,1
tasogare,1
tatami,1
tatem,1
tateo,1
tateyama,1
tathagata,1
tathari,1
tatort,1
tatran,1
tatsu,1
tattaglias,1
tatum,1
taufiq,1
taufstein,1
taunton,1
tauons,1
tauranga,1
tauren,1
taurine,2
taurinya,1
tauris,1
tautavel,1
tavares,1
tavera,1
tavernier,1
tawaret,1
tawfiq,1
tawhid,1
taxonbar,1
tayap,1
tayasu,1
tayfun,1
taylorism,1
taylors,1
taymor,1
tayoan,1
tayour,1
tayyare,1
taze,1
tazio,1
tchacos,1
tchaikovsky's,1
tchiowa,1
tcl,1
tetx,1
teagarden,1
teahouse,1
teaism,1
teaming,2
teampall,1
teano,1
teasdale,1
teatre,2
tebow,1
tebowing,1
technicians,2
technicien,1
technodon,1
technologic,1
tecoluca,1
teddington,1
tedrow,1
teeling,1
tees,1
teeyapant,1
teferi,1
teflon,1
tefnut,1
tega,1
tegucigalpa,1
teheran,1
tehwani,1
teikoku,1
teito,1
teixeira,1
tejas,1
teklemariam,1
teknologi,1
telang,1
telangana,1
telavi,1
telch,1
tele,1
telefunken,1
telegael,1
telegana,1
telegraphs,2
telehit,1
telemark,1
telenovelas,1
telepopmusik,1
telerin,1
teletext,1
teletskoye,1
televisora,1
telewizjisubst,1
telford,1
telles,1
telomere,1
temba,1
temer,1
temeraire,1
temirkanov,1
temistes,1
temixco,1
temnodontosaurus,1
tempe,1
tempel,1
templatedata,1
templemore,1
templeton's,1
tempo's,1
temps,2
tenasserim,1
tencent,1
tenders,1
tendola,1
teneko,1
tengoku,1
teni's,1
tennerife,1
tennessean,1
tennille,1
tenochtitlan,1
tenrikyo,1
tentera,1
tenthredinoidea,1
tenya,1
tenzin,1
teppakulam,1
teppei's,1
tequila,1
ter,1
terabithia,1
terebratulida,1
terekhova's,1
terentius,1
terezia,1
terfel,1
teri,1
terian,1
teridax's,1
terling,1
terman,1
terminillo,1
terminor,1
termites,2
tern,1
terndrup,1
ternovoy,1
terrane,1
terrarum,1
terray,1
terre'blanche,1
terrell,1
terri,1
terriers,1
terrigal,1
terrones,1
terry's,1
tersky,1
teruyoshi,1
tervo,1
teschen,1
tesco,1
tescott,1
tesselans,1
testamentary,1
testaments,1
testers,2
tetbury,1
tetes,1
tethe'alla,1
teti,1
teton,1
tetons,1
tetracyclines,1
tetralogy,1
tetrarchs,1
tetsu,1
teutatis,1
teutonne,1
tevaram,1
tevfik,1
tewa,1
tewari,1
tewarikar,1
texas's,1
texcoco,1
thabbali,1
thackray,1
thadakaleru,1
thaegan's,1
thaegen,1
thais,1
thakordas,1
thakot,1
thakurgaon,1
thal,1
thalassemias,1
thalattu,1
thalavoor,1
thally,1
thalmus,1
thalweg,1
thameside,1
thamizhan,1
thammamun,1
thammasat,1
thammikaram,1
thampi,1
thandiani,1
thangjing,1
thangpak,1
thanichalla,1
thankfully,1
thapas,1
tharoor,1
thasos,1
thathi,1
thaxter,1
thayer's,1
thayil,1
thea,1
theban,1
theda,1
theerpu,1
theie,1
thekkumbhagom,1
thellman,1
thelonious,1
themar,1
themi,1
themistius,1
themisto's,1
themistocles,1
thenardier,1
thence,2
thenmala,1
theo,1
theogonis,1
theophilus,1
theophrastus,1
theosophy,1
theppam,1
ther,1
therans,1
theravada,1
therea,1
therese,1
theresias,1
thereupon,1
thermoacidophile,1
thermocouples,2
thermometers,2
thermonuclear,1
thermopylae,1
theroux's,1
thesiger,1
thessaloniki,1
theta,2
thetford,1
thettikkunnil,1
theydon,1
thiago,1
thicke,1
thieba,1
thiel,1
thiemen,1
thien,1
thiers,1
thiery,1
thiessen,1
thieving,1
thievius,1
thile's,1
thilly,1
thimann,1
thimphu,1
thingaha,1
thingodont,1
thingvellir,1
thioethers,1
thionville,1
thira,1
thirlwall,1
thirties,2
thirumbuma,1
thirumoorthy,1
thirunelveli,1
thirupathigam,1
thiruvalla,1
thiruvonum,1
thistleclaw,1
tho,1
thoi,1
thokami,1
thol,1
thomma,1
thompsons,1
thonisticus,1
thora's,1
thorburn's,1
thore,1
thorigny,1
thorium,1
thorkild,1
thornberrys,1
thorndike's,1
thornetta,1
thorns,2
thornton's,1
thoroddsen,1
thorogood,1
thoroughbred,2
thoroughbreds,1
thorsten,1
thorvaldsen,1
thorvaldsson,1
thot,1
thoth,1
thottathil,1
thoughtlessly,1
thowheed,1
thrace,1
thracians,1
thrall,1
thrash,2
thray,1
threepenny,1
thrifty,1
thrissur,1
throbb,1
thrones,1
throwaway,1
thrushpelt,1
thrym,1
thu,1
thua,1
thubten,1
thuc,1
thuggees,1
thuir,1
thulluvatho,1
thumpong,1
thunderbird,1
thunderbirds,1
thunderdome,1
thunderhill,1
thunders,1
thundersnow,1
thungen,1
thunor's,1
thurman,1
thurrock,1
thursday's,1
thutmose's,1
thuya,1
thwaites,1
thyabhorrent,1
thylacines,1
thylacinus,1
thyself,2
thywissen,1
ti,2
tiananmen,1
tiara,1
tiatr,1
tiberinus,1
tiberius's,1
tiblisi,1
tibor,1
tibshelf,1
tiburon,1
tiburones,1
ticheli,1
ticklebug,1
ticknor,1
tickyboo,1
tico,1
tida,1
tidende,1
tideway,1
tidjai,1
tidskrift,1
tiefenbach,1
tiele,1
tielemans,1
tiempo,1
tierce,1
tifa,1
tiffin,1
tiga,1
tigerstar,1
tigh,1
tightening,1
tigrayans,1
tigre,1
tihs,1
tik,1
tika,1
tiki,1
tikva,1
tilaco,1
tilbake,1
tilbury,1
tilden,1
tilgate,1
tilia,1
tilikum,1
tilla,1
tillberg,1
tillery,1
tillman,1
tilloch,1
tilly,1
tilsit,1
tilzer,1
tim's,1
timantha,1
timbaland's,1
timbers,2
timbuktu's,1
timezones,1
timis,1
timms,1
timo,1
timog,1
timon,1
timoshenko,1
timotheus,1
timothy's,1
timpanogos,1
tinatin,1
tinchebray,1
tinctoris,1
tincture,1
tindall,1
tineidae,1
tingitana,1
tingle,1
tinizong,1
tinkar,1
tinker,1
tinky,1
tinsley,1
tintagol,1
tintajoel,1
tinubu,1
tiona,1
tipai,1
tipaza,1
tipper,1
tipperary,1
tippett,1
tipping,1
tippit,1
tippoo,1
tir,1
tirado,1
tirajana,1
tiran,1
tirat,1
tiresias,1
tirico,1
tirpitz,1
tirtha,1
tirthankaras,2
tiruchuli,1
tirukalyanam,1
tirunelveli,1
tiruppur,1
tiruvalla,1
tiruvallur,1
tiruvannamalai,1
tisdale,1
tish,1
tishrei,1
tissemsilt,1
tissie,1
tisza,1
titanean,1
titanis,1
titanosaurus,1
titantron,1
tithe,1
tithing,1
tithonus,1
titian,1
titicaca,1
titiek,1
titling,1
tito's,1
titsingh's,1
tittiri,1
titulaer,1
tiu,1
tiwari,1
tiwishkeni,1
tiziana,1
tjauwata,1
tjek,1
tjungu,1
tjutjuna,1
tlbr,1
tli,1
tlailotlacan,1
tlaloc,1
tlatelolco,1
tlingit,1
tlusty,1
toasm,1
tobago,1
tobeck,1
tobgay,1
tobit's,1
toboar,1
toboggan,2
tobolsk,1
tobruk,1
tobu,1
tochigi,1
tocodede,1
tocqueville,1
tocumen,1
tod's,1
todd's,1
todmorden,1
todor,1
toffee,1
toffeemen,1
toffees,1
toffo,1
tofte,1
tofua,1
toga,1
togakure,1
togami,1
togo,1
toh,1
tohoshinki,1
toi,1
toibin,1
toilenator,1
tok,1
tokachi,1
tokage,1
tokai,1
tokelau,1
toki,1
tokieda,1
tokushima,1
tokyo's,1
tolak,1
toland,1
toledo's,1
tolli,1
tolmino,1
tolochinov,1
tolosa,1
toluca,1
tolyatti,1
toma,1
tomahawk,1
tomara,1
tomcat,1
tomczykiewicz,1
tomfinlogh,1
tomioka,1
tomislav,1
tommaseo,1
tommaso,1
tommy's,1
tomokazu,1
tomos,1
toms,1
tomy,1
tonan,1
tonburi,1
tondabayashi,1
tondano,1
tondo,1
toney,1
tonga,1
tonganoxie,1
tongatapu,1
tongdee,1
tongerlo,1
tonghae,1
tongyang,1
tongzhi,1
tonio,1
tonjiru,1
tonkin,1
tonks,1
tonner,1
tonpa,1
tonra,1
tonton's,1
tonusco,1
tony's,1
tonya,1
toohey,1
toomay,1
toomey,1
toons,1
toope,1
toorn,1
topalov,1
topanga,1
topographically,1
topp,1
toppers,1
topps,1
topsham,1
topsy,1
torajan,1
toral,1
torbay,1
torbeck,1
torchic,1
torezantratsit,1
torgiano,1
torhamn,1
torito,1
torkham,1
tormented,1
tormentor,1
tormod,1
torna,1
torneo,1
tornionjoki,1
tornjak,1
torny,1
toronto's,1
toropkasy,1
tororo,2
toros,1
torquatus,1
torquoselectivity,1
torrens,1
torrent,1
torrente,1
torresani,1
torreto,1
torriceliaceae,1
torroba,1
torsional,1
torstehen,1
tort,1
tortona,1
tortorella,1
tortuga,1
tortugas,1
torvalds,1
torvinen,1
toscanini,1
toscano,1
toschi,1
tosh,1
toshi,1
toshiba,1
toshima,1
toshinari,1
toshiyuki,1
toshizo,1
toshogu,1
tosin,1
tosno,1
tostock,1
tosu,1
totaldrumsets,1
tote'm,1
totems,2
totman,1
totoro,1
totsuka,1
totsuki,1
totten,1
totterdown,1
totty,1
toucans,1
touche,1
touchez,1
toukie,1
toukley,1
toulmin,1
toulonjac,1
touohgakkan,1
touraine,1
tourischeva,1
tourneur,1
tous,1
tove,1
towada,1
towery,1
townace,1
townes,1
townley,1
townsville,1
towson,1
toxicofera,1
toxoplasmosis,1
toy's,1
toya,1
toyama,1
toyland,1
toyosu,1
toyotomi,1
toz,1
trabek,1
trabeops,1
tracey,1
tracker,2
trackways,1
tradd,1
traditionalists,1
traeger,1
traficant,1
trai,1
traill,1
train's,2
trainor,1
traisen,1
traitor's,1
tramble,1
trammel,1
tramp's,1
trampolines,1
tramwaje,1
tramways,1
tran,1
tranelli,1
transaction,2
transat,1
transbaikalia,1
transcaucasia,1
transcendentalist,1
transcontinental,1
transcriptions,2
transdev,1
transfiguration,1
transformers,1
transgression,2
transigen,1
transistors,2
transitcamp,1
transjordan's,1
transmanitain,1
transnational,1
transpac,1
transpeninsular,1
transpiration,1
transporte,1
transpotation,1
transrealism,1
transsiberian,1
transylvania,1
transylvanian,1
tranter,1
trapero,1
trapezius,1
trapezoid,1
trapp,1
trappist,2
trapps,1
trapt's,1
traralgon,1
trask,1
trauner,1
trautmann,1
travailleurs,1
travancore,1
trave,1
traveland,1
travelauto,1
travers,1
traversodonts,1
trawangan,1
traxler,1
treadaway,1
treanth,1
trebetherick,1
trebizond,1
treblinka,1
trebutowe,1
trecento,1
tred,1
tredennick,1
treecko,1
treehouses,1
treemonisha,1
trefler,1
tregillus,1
trehafod,1
treholt,1
trek's,1
trekboers,1
tremblay,1
tremont's,1
trenc,1
trendler,1
trenesha,1
trenner,1
trentino,1
trento,1
treorchy,1
treppignana,1
treptichnus,1
tres,1
tresca,1
tresmontes,1
trespass,2
trethewey,1
tretyakonskaya,1
trey,1
treyarch,1
triactinomyxon,1
triad,2
trialeti,1
trianon,1
triarii,1
triathlon,1
trible,1
tribunate,1
tributowe,1
tricelle,1
trichixos,1
trichodesmium,1
trichomonas,1
trichomoniasis,2
tricia,1
tricky,1
trie,1
triennale,1
triennial,1
trier,1
trieste,1
triforce,1
trigona,1
trihull,1
trikalayanam,1
trikkannapuram,1
trimley,1
trina's,1
trincomalee,1
tring,1
trinidad,1
trinitarian,1
trinkets,1
trinnetta,1
trinquet,1
trintignant,1
trio's,1
triops,1
trios,2
tripathi,1
tripe,2
triplett,1
tripolini,1
tripolitaines,1
tripolitania,1
trippunithura,1
triseliotis,1
trisha,1
trisong,1
tristezas,1
tritheism,1
trithemius,1
triticeae,1
triton's,1
trituberculata,1
triumphal,2
triunfo,1
trivandrum,1
triviant,1
trivikrama,1
trivium's,1
triwizard,1
trobe,1
trobich,1
trodd,1
troglio's,1
trogons,1
trohman,1
troiae,1
troiani,1
troiani's,1
troicki,1
troie,1
troina,1
trois,1
trollius,1
trolls,1
trolltech,1
trompia,1
tron,1
tronche,1
troodon,1
troodons,1
trotsky,1
trott,1
trotwood,1
troublemaker,1
trough,1
trowbridge,1
troyano,1
trubetskoy,1
trubschachen,1
trucy,1
trude,1
trudy,1
truesdell,1
trumpeldor,1
trumpkin,1
trumps,1
trumpton,1
trumptonshire,1
trunchbull,1
trung,1
truss,1
trusties,1
trustrup,1
truxton,1
tryin,1
tryst,2
ts'ao,1
tsniitochmash,1
tsang,1
tsangpa,1
tsao,1
tsarevich,1
tsarist,1
tsarnaev's,1
tsavo,1
tschenscher,1
tschirnhaus,1
tsen,1
tsesarevich,1
tsesarevna,1
tseung,1
tshaneni,1
tshepo,1
tshikapa,1
tshisekedi,1
tsim,1
tsing,1
tsirang,1
tsirkus,1
tsong,1
tsopk,1
tsoureki,1
tsu,2
tsuchinoko,1
tsuen,1
tsueng,1
tsugaru,1
tsugning,1
tsui,1
tsukioka,1
tsukiyomi,1
tsunaide,1
tsunaki,1
tsunamis,1
tsunehiko,1
tsunoda,1
tsuru's,1
tsurugaoka,1
tsutomu,1
tsuwano,1
ttaemune,1
ttak,1
tus,1
tuang,1
tuareg,1
tuatara,1
tuatha,1
tubal,1
tubbs,1
tubbytronic,1
tubero,1
tubman,1
tubman's,1
tuchel,1
tuchet,1
tuckey,1
tuco's,1
tucupita,1
tudela,1
tudo,1
tue,1
tuesdays,1
tufted,1
tughlaqabad,1
tughril,1
tuguegarao,1
tui,1
tuire,1
tuirtri,1
tukabai,1
tukeit,1
tukoji,1
tulasidas,1
tulio,1
tullamarine,1
tulle,1
tullio,1
tully,1
tulonen,1
tulunaad,1
tumby,1
tumdak,1
tums,1
tunceli,1
tundras,2
tunesia,1
tungurahua,1
tungusic,1
tunisians,1
tunivisions,1
tunja,1
tunji,1
tunng,1
tunstall,1
tuol,1
tuolumne,1
tuomas,1
tuonela,1
tupac,1
tupelo,1
tupiniquim,1
tupper,1
tupperware,1
tupton,1
tupua,1
tur,1
turaco,1
turandot,1
turbochargers,2
turca,1
turenne,1
turgis,1
turgo,1
turgut,1
turici,1
turing's,1
turismo,1
turista,1
turkcell,1
turkestan,1
turki,1
turkmenia,1
turkmens,1
turkoman,1
turlington,1
turma,1
turnbull,1
turner's,1
turney,1
turnip,1
turonek,1
turres,1
turrets,2
tursk,1
turtleheart,1
turyan,1
tuscans,1
tussaud's,1
tuticorin,1
tutmonda,1
tuva,1
tuvan,1
tux,1
tuymans,1
tuyuhun,1
tuzla,1
twachtman,1
twang,1
tweeters,1
tweety,1
twelver,1
twersky,1
twickenham,1
twigg's,1
twine,2
twinkie,1
twinkle,1
twinstead,1
twitchers,1
twoleg,1
twomey,1
twopenny,1
twosret,1
twyman,1
ty,1
tyag,1
tyagi,1
tyche,1
tycho,1
tycho's,1
tyco,1
tyddewi,1
tyee,1
tyers,1
tyga,1
tyger,1
tygodnik,1
tyldesley,1
tylos,1
tyndale's,1
tynewydd,1
tynwald,1
tyra,1
tyrannus,1
tyrrell's,1
tyson's,1
tyus,1
tyutchev,1
tyva,1
tywyn,1
tzacualli,1
tzeni,1
tzernicus,1
tzomet,1
tzvi,1
ua,2
uae,1
uar,1
uart,1
uasd,1
ubcob,1
ubs's,1
ucg,1
ucl,1
ucles,1
ucsd,1
ucy,1
udba,1
udf,1
udr,1
uel,1
uerl,1
ufa,1
ufo,1
ufps,1
uga,1
uiaa,1
uic,1
uips,1
uktvgold,1
ukball,1
ul,2
umd,1
uml,1
ump,1
unah,1
unam,1
unc,1
uncf,1
undp,1
unep,1
unf,1
unfccc,1
ungegn,1
unhrc,1
unicef,1
unido,1
uniqlo,1
univac,1
unoosa,1
unpo,1
unsc,1
unscom,1
untv,1
ununenium,1
upa,1
upc,1
upi,1
upi's,1
upsc,1
us's,1
usacmh,1
usada,1
usap,1
usat,1
usbs,1
usc's,1
uscc,1
usf,1
usfl,1
usfsa,1
usg,1
usgbc,1
usn,1
usnh,1
uso,1
usp,1
usrcs,1
usv,1
utis,1
utj,1
utv,1
uuc,1
uuu,1
uva,2
uvr,1
uvsq,1
uwa,1
uam,1
uato,1
ubik,1
ubirajara,1
ubuntu,1
ubykh,1
ucar,1
uccello,1
ucenescu,1
uchatius,1
uchida,1
uchita,1
uchiwa,2
ucres,1
udaba,1
udagaha,1
udaipur,1
udara,1
uday's,1
udenhout,1
udine,1
udit,1
udjat,1
udjuu,1
udmurt,1
udo,1
udomo,1
udta,1
uele,1
uelen,1
uemura,1
ueno,1
ugandan,1
ugandans,1
ugar,1
ugarte,1
ugliness,2
ugochukwu,1
ugocsa,1
uhud,1
uidl,1
uinta,1
ujae,1
ujiarpur,1
ujray,1
ukiah,1
ukleisee,1
ukok,1
ukraine's,1
uku,1
ulala,1
ulama,1
ulanbatar,1
uldall,1
uleki,1
ulfberht,1
uli,1
ullah,1
ulleung,1
ullmann,1
ulloa,1
ulmus,1
ulong,1
uloom,1
ulrich,1
ulrik,1
ulrike,1
ulsterbus,1
ultraman,1
ultraman's,1
ultrarumba,1
ultratop,1
ultraviolent,1
uluburun,1
uludag,1
ulug,1
ulukau,1
ulundurpet,1
ulupi,1
ulyana,1
ulyanovsk,1
uma's,1
umayado,1
umayanalloor,1
umayyad,1
umayyads,1
umbanda,1
umbayee,1
umbers,1
umberto,1
umizoomi,1
umma,1
umrah,1
uninstaller,1
unabridged,1
unaipon,1
unalaska,1
unapologetic,1
unapproachable,1
unas,1
unbiunium,1
unbound,1
uncancelled,1
uncanny,1
uncompleted,2
unconditional,2
uncovering,1
unction,1
undaunted,1
undead,2
undeas,1
underboss,2
underdog,2
underland,1
undertaker's,1
underwood,1
undesirable,2
undirected,1
undivine,1
unenlagiinae,1
unferth,1
unforgettable,2
unforgivable,1
unforgiving,1
ung,1
ungaro,1
ungrateful,1
ungulates,1
unibanka,1
unicaja,1
unicorns,1
uniformed,1
uniformity,2
unifying,2
unikitty,1
unilineal,1
uninted,1
unintentional,2
unionidae,1
uniquely,1
unire,1
unistoten,1
universel,1
universelle,1
universitario,1
universitetsbiblioteket,1
unknowingly,1
unluckily,1
unmaking,1
unmastered,1
unpredictability,1
unreal,1
unsatisfied,2
unsleben,1
unsold,2
unter,2
unterfranken,1
unterhaching,1
untermeyer,1
unternehmen,1
unterwalden,1
unthinkable,1
untitled,1
untold,1
untouchables,2
untreated,2
untubwe,1
unua,1
unweathered,1
unwrecked,1
uolevi,1
uozu,1
upalite,1
upanibesh,1
upanishad,1
upanishadic,1
upanishads,1
upas,1
upasni,1
upasni's,1
upkar,1
uploadwizard,1
upminster,1
upton,1
uptown,1
upupa,1
upwelling,1
urachiche,1
urahara,1
uralungal,1
uranian,1
uranienborg,1
uranus's,1
urartian,1
urbandub,1
urbanism,2
urbanski,1
urbanus,1
urbinati,1
urbonas,1
urchin,2
urcola,1
urdaneta,1
urea,2
urfaust,1
urian,1
urick,1
uriel,1
urinalysis,1
uris,1
urive,1
urnersee,1
urnings,1
uro,1
urray,1
urs,1
ursuline,1
ursy,1
urtica,1
uru,1
uruha,1
urus,1
urusla,1
uruzgan,1
ury,1
usability,2
usedom,1
userkare,1
usha,1
usha's,1
uskoks,1
usmanov,1
ussing,1
ustinov,1
usui,1
usurpation,1
uta,1
utatsu,1
utbah,1
ute,1
utelia,1
utgivet,1
uthamapalayam,1
uthman,1
utiel,1
utilizing,2
utkal,1
utley,1
utman,1
utne,1
utopia,1
utor,1
utos,1
utrera,1
utrios,1
utroms,1
utsunomiya,1
uttama,1
uttanur,1
uttaradi,1
uttarvedi,1
uttlesford,1
utzon,1
utzschneider,1
uun,1
uxbridge,1
uxie,1
uyezd,2
uyghur,1
uyghurs,1
uzbekistan,1
uzhhorod,1
uzi,1
v's,1
vab,1
var,2
vb,1
vba,1
vca,1
vcr,1
vcrs,1
vcsa,1
vcs,1
venona,2
vf,1
vfa,1
vg,1
vgr,1
vhs's,1
vhv,1
vip,1
viz,1
vkontakte,1
vlc,1
vlksm,1
vmi,1
vntr,1
vow,2
vox,1
vp,1
vps's,1
vrml,1
vss,1
vsync,1
vvs,1
vx,1
vzv,1
va'aletoa,1
vaalbara,1
vaaler,1
vaalserberg,1
vaast,1
vacanze,1
vaccaro,1
vaccinium,1
vacoas,1
vaddakkumbhagar,1
vaderland,1
vadim,1
vadim's,1
vadnagar,1
vadodara,1
vaghela,1
vagn,1
vagrant,1
vahan,1
vahana,2
vai,1
vaiankara,1
vaideki,1
vaidotas,1
vaigai,1
vainglory,1
vairamuthu,1
vaishnava,1
vaishnavas,1
vaishno,1
vajasaneyi,1
vajiralongkorn,1
vajpayee,1
vajrayana,1
vakani,1
vakhtangov,1
valpo,1
valamthala,1
valangin,1
valanginian,1
valdemar,1
valdes,1
valentia,1
valentin,1
valentines,1
valentini,1
valentinian,1
valentinois,1
valenza,1
valeria,1
valero,1
valeur,1
valgrisenche,1
valientes,1
valium,1
valkyries,1
vallabhacharya,1
vallabriga,1
vallbona,1
vallerius,1
vallone,1
vallotton,1
valls,1
vally,1
valmozzola,1
valois,1
valonia,1
valor,2
valori,1
valotte,1
valour,1
valparai,1
valsavarenche,1
valse,1
valsequillo,1
valtierra,1
valtor,1
valtournenche,1
valverde,1
valverde's,1
valya,1
vamana,1
vamoosh,1
vampyronassa,1
vancouverites,1
vanda,1
vande,1
vanderbiest,1
vandermeer,1
vanderveer,1
vandevelde,1
vandiyur,1
vandura,1
vane's,1
vanebo,1
vangapandu,1
vanguardia,1
vangunu,1
vanilli's,1
vanities,1
vanoni,1
vanson,1
vantaa,1
vanthal,1
vanuatu,1
vanuatu's,1
vanunu,1
vanyar,1
vapi,1
vapyata,1
vaquero,1
varacka,1
varady,1
varaha,1
varakis,1
varangian,1
varangians,1
varanoid,1
varanus,1
varavi,1
varaville,1
varazdat,1
varazdat's,1
vardy,1
varg,1
vari,1
variability,1
varig,1
varikka,1
varitek,1
varjak,1
varro's,1
vartikop,1
varzea,1
vas,2
vasallo,1
vashem,1
vashti,1
vasile,1
vasili,1
vasilij,1
vasilis,1
vasilyeva,1
vaslav,1
vasooli,1
vaspurakan,1
vasquez,1
vassals,2
vassar,1
vasseur,1
vasu,1
vasu's,1
vasudha,1
vasulka,1
vasundhara,1
vasyl,1
vathy,1
vatican's,1
vauban,1
vauderens,1
vaudois,1
vaughn,1
vaumarcus,1
vaupen,1
vauxcelles,1
vava,1
vaverka,1
vavilov's,1
vayal,1
vayas,1
vaz,1
vehalomed's,1
vecchio,1
vecepia,1
vecht,1
vechten,1
vechten's,1
veckans,1
vectrex,1
veda,1
vedashree,1
vedavathi,1
vedran,1
vee,1
veena,1
veerlakshmi,1
veeru,1
vegeta's,1
veghel,1
vegito,1
veidt,1
veiga,1
veit,1
veitch,1
veivatuloa,1
veja,1
vekoma,1
vela,1
velasquez,1
velencei,1
velid'dir,1
velika,1
velikaya,1
veljko,1
vellala,1
vellar,1
vellore,1
veloce,1
velociraptor,1
velocisaurus,1
velshi,1
velveteen,1
velvets,1
velvette,1
vemork,1
vence,1
vendetta,2
vendidad,1
venditioni,1
vendito,1
veneno,1
venerable's,1
venerating,1
venetia,1
venetians,1
venette,1
venezia,1
venezolana,1
venezuala,1
venezuelans,1
vengo,1
venkaiah,1
venkat,1
venkatajalapati,1
venn,1
vennesla,1
ventenat,1
venter,1
ventimiglia,1
venting,1
ventolin,1
ventured,2
venturella,1
venturi,1
venturing,2
ventus,1
venusberg,1
veoh,1
veraswami,1
verata,1
verbeek,1
verbier,1
verboeckhoven,1
verdal,1
verde's,1
verdean,1
verdins,1
verdronken,1
verdugo,1
vere,1
vergara,1
vergemoli,1
verger,1
verges,1
vergne,1
verh,1
verhagen,1
veritas,1
veritaserum,1
verkhnyeye,1
verlobung,1
vermeer,1
vermeulen,1
vermicelli,2
vermilion,2
vermin,1
vern,1
vernoux,1
verongia,1
verowoerd,1
verrazano,1
verrazzano,1
verriest,1
verrucidae,1
versace,1
versilia,1
verso,1
vert,2
vertieres,1
vertikop,1
verve,1
verwandlung,1
verzasca,1
vesa,1
vesakh,1
vesalius,1
vesely,1
vesicles,1
vesin,1
vesper,1
vespucci,1
vessalius,1
vestal,1
vestar,1
vestfold,1
vesulium,1
vetemaa,1
veteran's,1
veterupristisaurus,1
vettabbia,1
vetting,1
veva,1
vexillological,1
vey,1
veysonnaz,1
veze,1
vezina,1
viacom,1
viareggio,1
viashaw,1
viau,1
viazac,1
vicari,1
vicars,1
viceregal,1
vicia,1
vicio,1
vickers,1
vickrey,1
vicksburg,1
vicky's,1
victoire,1
victorinus,1
vidaurreta,1
videgha,1
vidhan,1
vidhyalaya,1
vidyadhar,1
vidyawati,1
viejo,1
viele,1
viener,1
vienne,1
viennese,1
vieques,1
vierikko,1
vietcong,1
vietharr,1
vietnam's,1
vietnamization,2
vieuxtemps,1
vigan,1
vigbrand,1
vigevano,1
vighneshvara,1
vigil,1
vigiliae,1
viglen,1
vigo,1
vijaya,1
vijayakanth,1
vijayanagar,1
vijayawada,1
vijeta,1
vikar,1
vikrama,1
vikramaaditya,1
vikrit,1
viktorija,1
vilakkudy,1
vilar,1
vilash,1
viljandi,1
viljoen,1
vilks,1
villafranchian,1
villamil,1
villamonte,1
villania,1
villanueva,1
villaraigosa,1
villard,1
villarojo,1
villarreal,1
villarroel,1
villars,1
villavicencio,1
villecy,1
villefort,1
villein,2
villeta,1
villota,1
villupuram,1
vimonmungkraram,1
vin,1
vincennes,1
vindhya,1
vindhyas,1
vindolanda,1
vinehall,1
vinerian,1
vining,1
vink,1
vinnytsia,1
vinod,1
vintners,1
violencia,1
violento,1
violette,1
viols,1
vionnet,1
viot,1
vipava,1
viqueque,1
vir'yal,1
virat,1
virchow,1
virgen,1
virginians,1
virginie,1
virgo's,1
viriato,1
virigina,1
virile,1
virmailansaari,1
virtuareal,1
virtuosity,1
virupakshi,1
viryal's,1
visayan,1
visayas,1
viscounts,2
visens,1
vishal,1
vishnu's,1
vishnugupta,1
vishnuvardhana,1
vishva,1
vishvesha,1
vishwanath,1
visigoth,1
visigothic,1
visigoths,1
visperad,1
visschers,1
vissel,1
vistavision,1
visualization,2
visualizing,1
vit,1
vitacura,1
vitamultin,1
vitebskiy,1
vitellia,1
viterbo,1
vitesse,1
vithar,1
viti,1
vitinho,1
vitol,1
vitovnitsa,1
vitriol,2
vitrolles,1
vitruvian,1
vitti,1
vittorini,1
vitug,1
vivar,1
vivean,1
viveca,1
viveros,1
viviana,1
viviane,1
viviano,1
vivo,2
vixen,1
vixens,1
vizhupparaiyar,1
vizier,1
vizslas,1
vlaams,1
vlad's,1
vladivostok,1
vladmir,1
vlahina,1
vlamingh,1
vlasov,1
vlastimir,1
vlentine,1
vlogs,1
vlora,1
vltava,1
vnukovo,1
voacanga,1
voblast,1
vocables,1
voces,1
voconius,1
vodacom,1
vodi,1
voe,1
voest,1
vogelsberg,1
vogler,1
voglmayr,1
vogt,1
voiceover,1
voicelugger,1
voiotia,1
voisin,1
voith,1
voitsberg,1
voivod,1
voivodship,1
vojnogeografski,1
vojvodina,1
volcker,1
volgin,1
volia,1
volk,1
volkach,1
volkov,1
volksfront,1
volkswagens,1
volodymyr,1
volos,1
volost,1
volpiano,1
vols,1
voltaic,2
volturi,1
volubilis,1
voluspa,1
volvo,1
volz,1
vomitoxin,1
vonnegut's,1
voodoo,2
voorburgwal,1
voorhees,1
voorhout,1
voortrekker,1
voov,1
vorarlbergs,1
vorden,1
voroshilov,1
vortex,2
vortexes,1
vos,1
vostochny,1
vostok,1
votadini,1
vouge,1
voyagers,1
voyaging,1
voyde,1
vrak,1
vranitzky,1
vratsian,1
vrbanja,1
vrdoljak,1
vreede,1
vremeni's,1
vremya,1
vridhachalam,1
vries,1
vrije,1
vrindavan,1
vrolik,1
vrouwtjes,1
vsevolod,1
vue,1
vuillaume,1
vuko,1
vukovar,1
vulcano,1
vulci,1
vulgaria,1
vulgate,1
vulpini,1
vulturine,1
vuneraballs,1
vung,1
vuong,1
vuoritsalo,1
vuosalmi,1
vverh,1
vyacheslav,1
vyas,1
vyborg,1
vygotsky,1
vytis,1
w's,1
waaf,1
wags,2
wampas,1
wannabe,1
wassce,1
wav,1
wb's,1
wbc,1
wbo,1
wcc,1
wcha,1
wcw's,1
wdf,1
wdiv,1
wea,2
weee,1
wep,2
weu,1
wfla,1
wfp,1
wgm,1
wgn,1
wgs,1
wgst,1
whirl,2
whl,1
whs,1
whu,1
wisc,1
wispa,1
wjw,1
wla,1
wma,1
wmo,1
wnba,1
wnv,1
woc,1
woohp,1
woza,1
wpa,1
wpmd,1
wps,1
wpsl,1
wqxr,1
wr,1
wsm,1
wsu,1
wtbs,1
wtc,1
wtc's,1
wto,1
wtps,1
wttc,1
wtttc,1
wttv,1
wuko,1
ww,1
wwa,1
wwcc,1
wwdc,1
wwe's,1
wwf's,1
wwi,1
wxyz,1
wakeeney,1
waar,1
waard,1
waart,1
waart's,1
wabaunsee,1
wacht,1
wachtmeister,1
waco,1
wacom,1
waddell,1
wadesboro,1
wadhurst,1
wadimoff,1
wadowice,1
wadowita,1
wadsworth,1
waelcyrge,1
waelder,1
waffen,1
wafi,1
wagen,1
wagnalls,1
wagnerrrr,1
wagyu,1
wah,1
waheed's,1
wahhabis,1
wahid,1
wahingdoh,1
wahl,1
wahoo,1
waikiki,1
wailers,1
waini,1
wainibuka,1
wainikoroiluva,1
wais,1
waite,1
waiters,1
waiver,1
wajda,1
waka,2
wakanda,1
wakarusa,1
wakedog,1
walala,1
walalkara,1
walburga,1
walcher,1
walcmoei,1
waldeck,1
waldemar,1
waldensians,1
waldheim,1
waldingfield,1
waldman,1
waldmann,1
waldrada,1
walen,1
waleria,1
walford,1
walgren,1
walham,1
wali,1
walkabout,1
walken,1
walkin,1
walkinshaw,1
wallaby,2
wallace's,1
wallacea,1
wallach,1
wallachian,1
wallant,1
wallaroo,1
wallingford,1
wallis,1
wallner,1
wallops,1
walmart,1
walmisley,1
walon,1
walpole,1
walpole's,1
walsh's,1
walt's,1
waltzing,1
walvic,1
walwal,1
wampanoag,1
wamsutta,1
wancho,1
wanda's,1
wander,1
wanderer,2
wandle,1
wangen,1
wangerooge,1
wangka,1
wanguo,1
wani,1
wanli,1
wanssum,1
wanwara,1
wanya,1
wao,1
wap's,1
wapoga,1
wapping,1
wara,1
warawa,1
waray,1
warbird's,1
warblers,1
warboys,1
warbrick,1
warbuton,1
warchief,1
wardaman,1
wardlaw,1
wardle,1
wareing,1
waremart,1
warfield,1
warfighting,1
warham,1
warhurst,1
waring,1
warioware,1
warji,1
wark,1
warlimpirrnga,1
warlock,2
warmbloods,1
warmikucha,1
warner's,1
warnerbring,1
warnerius,1
warradjan,1
warragul,1
warreeweer,1
warrender,1
warrnambool,1
warrumbungle,1
wart,1
warta,1
wartburg,1
wartensee,1
warumungu,1
warwick's,1
warwik,1
wasabi,1
wasatch,1
washingtonian,1
washinomiya,1
washoe,1
wasikowska,1
waskita,1
wasmer,1
wasmosy,1
wasserfreunde,1
waswanipi,1
watamu,1
wataru,1
watase,1
watashi,1
watch's,2
watcher,2
watcher's,1
watchmen,1
watchtower's,1
waterbeach,1
waterbend,1
waterbender,2
waterbending,1
watercolour,1
watercolours,2
watercress,1
waterhouse,1
watering,2
watermelon,1
waterpark,2
waterpolo,1
watership,1
watjunka,1
watkiss,1
watrous,1
watsons,1
wattens,1
wattieza,1
watucarbau,1
watulari,1
watusi,1
watzlawick,1
wau,1
waugh,1
waulsort,1
wavell,1
way's,1
waybuloo,1
wayfarer,1
waymo,1
waystation,1
wazaw,1
waze,1
wazir,2
waziristan,1
wazowski,1
weagley,1
weald,1
wealdstone,1
wearmouth,1
weasleys,1
weatheraction,1
weatherall,1
weatherly,1
weatherman,1
weatherproofing,1
weatherwax,1
weaver's,1
webbville,1
weberhaus,1
webern,1
wedanaa,1
wedekind,1
wedgies,1
wedman,1
weeble,1
weebly,1
weekender,1
weekes,1
weekly's,1
weems,1
weer,1
weetzie,1
wegener's,1
weibian,1
weidenfeld,1
weider,1
weidler,1
weighting,1
weil,1
weiland,1
weill,1
weill's,1
weinberg,1
weinberger,1
weinegg,1
weiner,1
weingarten,1
weingartner,1
weinrich,1
weishampel,1
weiskirchen,1
weiskopf,1
weismann,1
weiss,1
weissbrodt,1
weisse,1
weisstein,1
weitzman,1
welchman,1
welisch,1
welland,1
wellcome,1
welle,1
welle's,1
wellenburg,1
weller,1
wellner,1
welsbach,1
welt,1
weltchronik,1
welty,1
welwyn,1
wemyss,1
wenchuan,1
wende,1
wendish,1
wendlinger,1
wendlinger's,1
wendouree,1
wenedyk,1
wenford,1
wengert,1
wenham,1
wenjack's,1
wenling,1
wenming,1
wenner,1
wentworth's,1
wepwawet,1
wereld,2
werelian,1
werelians,1
weren't,2
werkprinzip,1
wermacht,1
wernicke's,1
werracknebeal,1
werriwa,1
wertham's,1
wertheimer,1
werthers,1
werwolfromantik,1
wes,1
weschler,1
wesep,1
weserbergland,1
wesermarsch,1
wessagusset,1
wesson's,1
wester,1
westerbork,1
westerfield,1
westerik,1
westerwald,1
westfalenstadion,1
westfield,1
westlake,1
westland,1
westley's,1
westlinton,1
westmorland,1
westner,1
westphalia,1
wests,1
weststadion,1
wet'n'wild,1
weta,1
wetenschappen,1
wetherby,1
wetherell,1
wetsuits,1
wetteraukreis,1
wetton,1
wettstone,1
wever,1
wewak,1
wexner,1
wexstun,1
weyard,1
weygand,1
whalen,1
whaley,1
whalley,1
whang,1
whanganui,1
whanghai,1
whately,1
whats,1
whatsapp,1
whatta,1
wheatley's,1
wheatstone,1
whedon's,1
wheelhouse,2
wheeling,1
whelan,1
wheldrake,1
wheogo,1
whewell,1
whimsical,1
whips,1
whitaker's,1
whitby,1
whitby's,1
whiteaker's,1
whitecap,1
whitechapel,1
whiteley,1
whiteman,1
whitetail,1
whitewash,1
whiti,1
whitmer,1
whitmire,1
whitney's,1
whitrow,1
whittington,1
whittum,1
wholesalers,1
wholetime,1
whooper,2
whooping,1
whorenuns,1
whorse,1
whyalla,1
whyld,1
wifi,1
wimax,1
wir,1
wirs,1
wiboonlak,1
wicca,1
wick,2
wickenby,1
wickes,1
wickham's,1
wickington,1
wicks,1
widening,1
widnes,1
widom,1
widor,1
wieck,1
wiedemann,1
wiedza,1
wiegenlied,1
wiehed,1
wienerfelder,1
wienerschnitzel,1
wiengarten,1
wiens,1
wieprz,1
wierook,1
wiesel,1
wiggin,1
wiggum,1
wikiatlas,2
wikileaks,1
wikiproject,1
wikilyiri,1
wikimapia,1
wikipedians,1
wikisource,1
wikispecies,1
wikitravel,1
wikiversities,1
wikivoyage,1
wiktor,1
wil,1
wilbur's,1
wilcock,1
wilcomb,1
wilcox,1
wilde's,1
wilder's,1
wildflower,1
wildflowers,1
wildlifedirect,1
wildrose,1
wildside,1
wildwood,1
wilford,1
wilfredo,1
wilga,1
wilhelmina,1
wilhelmsthal,1
wilk,1
wilkes,1
wilks,1
willaert,1
willbanks,1
willcock,1
willemsbrug,1
willers,1
williamsport,1
willicia,1
willima,1
willing's,1
willung,1
willy's,1
wilmersdorf,1
wilmot,1
wilms,1
wilsford,1
wilton,1
wiluna,1
wimer,1
wimmer,1
wimpole,1
wimpy,1
winco,1
winawer,1
winbush's,1
windclan,1
windich,1
windom,1
windus,1
windward,2
winehouse,1
winfield,1
wingspans,2
winiary,1
wininger,1
wink,1
winkybunion,1
winmugen,1
winnan,1
winnemucca,1
winnifred,1
winnipeg's,1
wino,1
winship,1
winsley,1
winteraceae,1
wintergewitter,1
winterlude,1
winterreise,1
winterset,1
wintersteller,1
winton,1
wintu,1
wintun,1
wipeout,1
wiradjuri,1
wiranto,1
wirat,1
wirebird,1
wirt,1
wirth,1
wirtz,1
wiru,1
wiryeseong,1
wirz,1
wisconsin's,1
wiseman,1
wishbone,1
wishkah,1
wishmaster,1
wisley,1
wissembourg,1
wissenschaften,1
wistanswick,1
wit's,1
witenagemot,1
withycomb's,1
withycome,1
witlings,1
witschge,1
witt,1
wittelsbach,1
wittenberg,1
witteveen,1
wittgenstein,1
witton,1
witzy,1
wixhausen,1
wizardworks,1
wizardry,1
wizet,1
wladimir,1
wm,1
woan,1
woburn,1
wodehouse's,1
wodnesbeorg,1
wodzivob,1
woerdenbag,1
wofford,1
wohlfahrt,1
wohlgemuth,1
wojciech,1
wojsko,1
wojskowa,1
wojtas,1
woldenberg,1
wolffia,1
wolfman,1
wolfpacks,1
wolfsberger,1
wolfskehl,1
wolfson,1
wolgang,1
wolgemut,1
wolin,1
wollara,1
wolmi,1
wolong,1
wolper,1
wolvercote,1
wolverhampton,1
wolverstone,1
womersley's,1
wonder's,1
wondere,1
wonderstone,1
wondrous,1
wonju,1
wonka's,1
wonsan,1
woodcraft,2
woodford,1
woodham,1
woodhead,1
woodhouse,1
woodhull's,1
woodin,1
woodlark,1
woodlawn,1
woodley,1
woodpeckers,1
woodridge,1
woodsboro,1
woodsman,1
woodstock's,1
woodward's,1
woodworking,1
woody's,1
woogie,1
woolen,1
woolery,1
woolsery,1
woolverstone,1
woolworth's,1
woomera,1
wooster,1
woozy,1
wor,1
wordpress,1
worda,1
wordman,1
worksafe,1
workgroups,1
workington,1
workman,1
workouts,1
workpoint,1
workpuls,1
worldclock,1
worldsubst,1
worldscientificpublishingco,1
wormell,1
wormhole,1
wormingford,1
wormtail,1
wormwood,2
wort,2
wortman,1
woutertje,1
wowo,1
wozencraft,1
wprost,1
wrangel,1
wrathful,1
wreaths,1
wrigley,1
wrinkly's,1
writ,2
wroblewski,1
wubbulous,1
wudang,1
wudangshan,1
wudi,1
wulfhere,1
wullschlager,1
wunchang,1
wunderhorn,1
wunderlich,1
wunderman,1
wunsch,1
wuornos,1
wupper,1
wurm,1
wurster,1
wurteles,1
wurtz,1
wurundjeri,1
wuxi,1
wuyue,1
wwikix,1
wyandotte,1
wyborcza,1
wycliffe,1
wycombe,1
wyeth,1
wyldstyle,1
wylie,1
wyman,1
wyndham's,1
wynecken,1
wynford,1
wynkoop,1
wynn,1
wynne,1
wynter,1
wyton,1
wyvern,1
x's,1
xag,1
xd,1
xe,2
xfl,1
xg,1
xlii,1
xliv,1
xlvi,1
xmc,1
xmpp,1
xo,1
xoxo,1
xsi,1
xtc,1
xx,2
xxii,2
xxiii,1
xxix,1
xxl's,1
xxv,1
xxvi,1
xxviii,1
xxxi,1
xxxiii,1
xxy,1
xander,1
xander's,1
xao,1
xaver,1
xcel,1
xcursor,1
xen,1
xenia,1
xenocyon,1
xenopus,1
xenu's,1
xeon,1
xerta,1
xeste,1
xezinesi,1
xft,1
xi's,1
xiajiasi,1
xiamen,1
xianbei,1
xianfeng,1
xiao,1
xiaobo,1
xiaoman,1
xiaoqiong,1
xiaoshan,1
xiaoyong,1
xiapi,1
ximena,1
xin,1
xinbao,1
xincheng,1
xing,1
xinhai,1
xinyi,1
xiu,1
xiumin,1
xosrov,1
xpressmusic,1
xrender,1
xuan,1
xuanming,1
xuantong,1
xue,1
xun,1
xylem,1
y'all,1
yahweh,1
ybas,1
ycat's,1
yha,1
yhwh,1
ymco,1
ypm,1
ysa,1
ytl,1
yuba,2
yuv,1
ywca,1
yy,1
yaad,1
yaadataa,1
yabusame,1
yacht,2
yad,1
yadav,1
yadava,1
yadavs,1
yadrinsky,1
yae,1
yael,1
yaeyama,1
yagami,1
yaged,1
yaguchi,1
yahia,1
yahiko's,1
yahya,1
yai,1
yairus,1
yaizu,1
yakima,1
yakov,1
yaksa,1
yakshagana,1
yakshas,1
yakup,1
yakutia,1
yakuts,1
yalata,1
yalayalatabua,1
yale's,1
yalobusha,1
yalta,1
yalylyylar,1
yamabuki,1
yamaga,1
yamamoto's,1
yamamotoyama,1
yaman,1
yamanaka,1
yamanote,1
yamashita,1
yamatohime,1
yambla,1
yambo,1
yamcha,1
yamhill,1
yamichi,1
yamini,1
yamla,1
yamma,1
yampell,1
yamuna,1
yanai,1
yanakucha,1
yanase,1
yandruwandha,1
yanez,1
yangar,1
yangban,1
yangdong,1
yangming,1
yangnyeong,1
yangshuo,1
yangtong,1
yangze,1
yanick,1
yankee's,1
yankunytjatjara,1
yanna,1
yannopoulos,1
yano,1
yano's,1
yanomami,1
yantras,1
yanugzi,1
yao's,1
yaqoob,1
yarborough,1
yarden,1
yaritagua,1
yarkhun,1
yarlung,1
yarram,1
yasgur,1
yashere,1
yashi,1
yashts,1
yashwantrao,1
yasmina,1
yasna,1
yasnaya,1
yasuda,1
yates's,1
yatsushiro,1
yatt,1
yavanas,1
yavr,1
yawata,1
yaxchel,1
yaya,1
yayo,1
yayoi,1
yazbeck,1
yazd,1
yazdovsky,1
yazidi,1
yazigi,1
yazoo,1
yd,1
ydokwan,1
yealm,1
yeats,1
yeddi,1
yee,1
yehezkel,1
yeiki,1
yejju,1
yekaterinoslav,1
yelets,1
yellowkit,1
yellowknife,1
yellows,1
yeltsin,1
yeltsin's,1
yeltsina,1
yemane,1
yemelyan,1
yemeni,1
yemenis,1
yemma,1
yeniden,1
yeoman,2
yeomen,1
yeonae,1
yeongdeungpo,1
yeongdong,1
yeongjong,1
yeouinaru,1
yeovil,1
yeowans,1
yeppau,1
yercaud,1
yerington,1
yersinia,1
yeshua,1
yesudas,1
yevgeniya,1
yevgeny,1
yezreel,1
yiannopoulos,1
yijing,1
yilan,1
yimprasert,1
yinyangjihad,1
yingluck,1
yio,1
yishuv's,1
yisrael,1
yitzhak,1
yllka,1
yochum,1
yockey's,1
yodit,1
yodlee,1
yodo,1
yoen,1
yogo,1
yohann,1
yok,1
yokomizo,1
yokozuna,2
yokutkhon,1
yolanda's,1
yolngu,1
yomuyomukun,1
yon,1
yonas,1
yonatan,1
yonezawa,1
yong,1
yonrico,1
yoovidhya,1
yoram,1
yori,1
yoriie,1
yoritomo,1
yorke,1
yorktown's,1
yosemite,1
yoshihiro,1
yoshihito,1
yoshikage,1
yoshikawa,1
yoshimoto,1
yoshimune's,1
yoshimura,1
yoshinaka,1
yoshis,1
yoshitatsu,1
yoshiyoshi,1
yossi,1
yost's,1
yoster,1
youlan,1
youlou,1
youlou's,1
young'uns,1
youngblood,1
youngbo,1
youngjae,1
youngman,1
youngster,1
youngstown,1
younis,1
younus,1
youri,1
yousef,1
yousei,1
youthquake,1
youzhny,1
yovel,1
yowang,1
yoyogi,1
yozei,1
yuanshan,1
yuda,1
yuengling,1
yuga,1
yugang,1
yugi,1
yugopotamia,1
yugoslavian,1
yugyeom,1
yuh,1
yuichi,1
yuji,1
yuk,1
yukihira,1
yukito,1
yukmingwan,1
yukos,1
yukue,1
yukultji,1
yulara,1
yulia,1
yum,1
yuma,1
yumeji,1
yummy,2
yumplatok,1
yuna,1
yune,1
yunel,1
yung,1
yunho,1
yunnan,1
yunnan's,1
yuno,1
yuppi,1
yurikago,1
yuriko,1
yuriy,1
yurovsky,1
yuryevna,1
yusa,1
yuschenko,1
yusin,1
yusuf's,1
yusuke,1
yusupov,1
yusupova,1
yutyrannus,1
yuugi,1
yuvaraja,1
yuvraj,1
yuvraj's,1
yuwong,1
yuwu,1
yuya's,1
yuzu,1
yvelines,1
yvon,1
yvonne,1
yzabel,1
yzerman,1
zafari,1
zanu,1
zapit,1
zimsec,1
zx,1
za,2
za'roc,1
zaafaraniya,1
zaatari,1
zabel,1
zabol,1
zabul,1
zacapa,1
zachow,1
zachry,1
zadibal,1
zadonsk,1
zadora,1
zagazig,1
zagora's,1
zaha,1
zahid,1
zahoor,1
zaidan,1
zaidi,1
zaiko,1
zain,1
zainuddin,1
zaira,1
zaire,1
zakariah,1
zakarpattia,1
zakir,1
zakopane,1
zakynthos,1
zaloga,1
zam,1
zam'a,1
zamani,1
zamberletti,1
zambesi,1
zambezi,1
zamenhof's,1
zamiatkin,1
zamindar,1
zamzam,1
zanatta,1
zanchino,1
zandokht,1
zanevska,1
zangnanado,1
zano,1
zant,1
zanthoxylum,1
zapadna,1
zaparo,1
zaparoan,1
zapatista,2
zapolyarny,1
zaporizhia,1
zapotecs,1
zaqatala,1
zara,1
zarakolu,1
zarb,1
zardabi,1
zarechnaya,1
zarechye,1
zargani,1
zarghun,1
zaria,1
zarqa,1
zatch,1
zavarce,1
zaverbai,1
zawiya,1
zaynab,1
zazaki,1
zazas,1
zazu,1
zbigniew,1
zbikowski,1
zbyszko,1
zdena,1
zdenka,1
zdrada,1
zdrenka,1
zealander,1
zealandia,1
zealot,1
zebak,1
zebes,1
zebit,1
zebras,1
zeche,1
zedd,1
zeeboids,1
zeebra,1
zeebrugge,1
zeeland,1
zeeman,1
zefferelli's,1
zeffirelli's,1
zeid,1
zeila,1
zeinab,1
zeinali,1
zeiser,1
zeitz,1
zeke,1
zelazny,1
zelewski,1
zelhem,1
zellee,1
zelman,1
zeltweg,1
zelvia,1
zeman,1
zemdegs,1
zemeckis,1
zemun,1
zenlive,1
zenati,1
zenigata,1
zenith,2
zenobi,1
zensho,1
zentralstadion,1
zenwalk,1
zeon,1
zephaniah's,1
zeppelins,1
zerba,1
zerihoun,1
zerlina,1
zerlina's,1
zerpa,1
zerubbabel,1
zerzan,1
zeszyty,1
zetec,1
zeus's,1
zeylik,1
zha,1
zhamnov,1
zhanchi,1
zhaoxing,1
zhaoxu,1
zheda,1
zhenyuan,1
zhi,1
zhmerinka,1
zhodzina,1
zhonghe,1
zhongli,1
zhongwen,1
zhuo's,1
zhuravlev,1
zhus,1
ziarah,1
ziarat,1
zib,1
zibicowski,1
zicheng,1
zidane,1
zidane's,1
zide,1
zidler,1
ziegfeld,1
zielschleife,1
ziemann,1
zigman,1
zijin,1
zika,1
zilpah,1
zimbabwean,1
zimbardo,1
zincirlikuyu,1
zindaginama,1
zing,1
zinj,1
zinnemann's,1
zinnia,1
ziolkowski's,1
zipeg,1
zippo,1
zippos,1
zipursky,1
ziva,1
ziyang,1
ziziphus,1
zju,1
zmitrowicz,1
znak,1
zoanthids,1
zober,1
zodelava,1
zodiak,1
zoey,1
zofia,1
zogam,1
zogbodomey,1
zohary,1
zola,1
zollverein,1
zolotow,1
zomalt,1
zona,1
zondervan,1
zong,1
zongying,1
zookeepers,2
zool,1
zorak,1
zorgho,1
zorich,1
zorile,1
zorka,1
zorn,1
zoser's,1
zosima's,1
zosimus,1
zosma,1
zote,1
zoungou,1
zous,1
zrinka,1
zubair,1
zubarry,1
zubir,1
zubkov,1
zubs,1
zuffa,1
zuffenhausen,1
zuglio,1
zuikaku,1
zukertort,1
zukor,1
zulfiqar,1
zulia,1
zumbi,1
zumbi's,1
zuny,1
zurer,1
zuri,1
zvoncheck,1
zwartbles,1
zwentendorf,1
zwentibold,1
zweyer,1
zwingli,1
zwolle,1
zygmunt,1
zygotic,1
zyryanov,1
zyuranger,1
aardvark,1
aardvark's,1
abandons,1
abasement,1
abbesses,1
abbeys,1
abbotthe,1
abdicate,1
abdomens,1
abduction,1
abetted,1
abhorred,1
abide,1
abides,1
abjection,1
ablaze,1
abnormally,1
abodes,1
abolishment,1
aboral,1
aborigine,1
abound,1
abounded,1
aboveground,1
abrasions,1
abrasive,1
abscess,1
absentee,1
absinthium,1
absolutism,1
absolved,1
absorbance,1
absorber,1
abstentionism,1
abstinence,1
abstracted,1
abundances,1
academia,1
academiae,1
academically,1
academician,1
academicians,1
acanthocephales,1
acar,1
accede,1
acceded,1
acceding,1
acceptances,1
accesses,1
acclamation,1
accommodating,1
accompanist,1
accompanists,1
accomplices,1
accordant,1
accosted,1
accounrt,1
accountable,1
accreditation,1
accreted,1
accretion,1
acculturation,1
accumulates,1
accumulations,1
accumulator,1
accurata,1
accuse,1
accusing,1
acephala,1
acerola,1
acetaldehyde,1
acetate,1
acetylcholine,1
acetylide,1
acidity,1
acidophile,1
acknowledges,1
acknowledgment,1
aconitine,1
acoustical,1
acrobatic,1
acrobats,1
acronyms,1
acrophobia,1
acrylonitrile,1
actas,1
actinolite,1
actioned,1
activates,1
activating,1
actor's,1
actuality,1
actuator,1
acusa,1
adagio,1
adamant,1
adamantium,1
adaptability,1
adaptable,1
adaptively,1
adapts,1
adders,1
addressable,1
adenovirus,1
adequacy,1
adequately,1
adherent,1
adhesion,1
adiabatic,1
adieus,1
adieux,1
adios,1
adipose,1
adiposity,1
adjascent,1
adjoined,1
adjoins,1
adjournments,1
adjudicate,1
adjudicated,1
adjustability,1
adjustable,1
adjusters,1
adjustments,1
administration's,1
administrator's,1
admirably,1
admiral's,1
admninistratrive,1
adorable,1
adorned,1
adornment,1
adstatrum,1
aducation,1
adulterated,1
adventitious,1
adventurer,1
adventurers,1
adventurous,1
adverbs,1
adversary,1
advisable,1
advisories,1
aegeria,1
aepyornithids,1
aerated,1
aerobiological,1
aeroduct,1
aerophoba,1
aeroplane,1
aerosol,1
aerostats,1
aesthetic,1
aestivum,1
affadavit,1
affectionate,1
affections,1
affiliation,1
affiliative,1
affirms,1
affix,1
affliate,1
afflicted,1
affluent,1
affordability,1
afforded,1
afloat,1
afoul,1
africanus,1
afrikanske,1
afternoons,1
aftershock,1
afterthought,1
afterword,1
agarbatti,1
agentic,1
agglomerate,1
agglomerates,1
aggravate,1
aggravating,1
aggregated,1
aggregation,1
aggressors,1
aggrieved,1
agitating,1
agley,1
agnathans,1
agnatic,1
agnostic,1
agnostics,1
agouta,1
agraha,1
agreeing,1
agricoles,1
agriculturist,1
aguas,1
agudoensis,1
ah,1
ahimsa,1
ahinsa,1
aides,1
ail,1
ailment,1
ailments,1
aiming,1
aimlessly,1
aions,1
aircraft's,1
aircrafts,1
aircrat,1
aircrews,1
airdates,1
airflow,1
airlifted,1
airmail,1
airplay,1
airtight,1
airwaves,1
aisle,1
akathisia,1
akkal,1
akris,1
akylosis,1
alarms,1
albedos,1
albinism,1
albopictus,1
albumwhich,1
albuterol,1
alcoves,1
aldermen,1
aleph,1
alerting,1
ales,1
alexithymic,1
alfajor,1
algebras,1
aliases,1
alighting,1
alignments,1
alis,1
alive's,1
alkali's,1
alkalis,1
alkaloid,1
alkaloids,1
alkane,1
alkanes,1
allegens,1
allegory,1
allemande,1
allergens,1
allergist,1
alleviated,1
alligator's,1
alliteration,1
alllowed,1
allocations,1
allosaur,1
allosaurid,1
allosexual,1
allotrope,1
allotropes,1
allowable,1
allowance,1
allude,1
allusions,1
allusive,1
allwheel,1
aloes,1
alongwith,1
aloof,1
alot,1
alpages,1
alphabetized,1
alpina,1
alpinus,1
alread,1
altarpieces,1
altars,1
altazimuth,1
alteram,1
alterations,1
altercation,1
alternated,1
alternately,1
altitudes,1
altoegther,1
altostratus,1
amants,1
amass,1
amassed,1
ambident,1
ambient,1
ambiguities,1
ambitions,1
ambrisentan,1
amea,1
amending,1
amends,1
americana,1
amesty,1
amicably,1
amicus,1
amid,1
amiko,1
amine,1
amis,1
ammonification,1
ammonite,1
ammonoids,1
ammunitions,1
amoeba,1
amoebicides,1
amoeboid,1
ampere,1
amperes,1
amphisbaenians,1
ampitheatre,1
ample,1
amplification,1
amplifies,1
amplifying,1
ampoule,1
amputated,1
amputee,1
amulets,1
amusements,1
amuses,1
amusing,1
amygdala,1
anabolic,1
anachronism,1
anadromous,1
anaerobic,1
anagen,1
anagram,1
analgesia,1
analingus,1
analogical,1
analysing,1
analytic,1
analyticity,1
analytiske,1
analyzer,1
anamorphic,1
ananta,1
anaphylactic,1
anaphylaxis,1
anathema,1
anatomically,1
andare,1
andetag,1
andragogy,1
androconium,1
androgens,1
androgeny,1
androgynous,1
andys,1
anemia,1
anemometer,1
anemones,1
anesthetic,1
aneurysms,1
angevins,1
angiogenesis,1
anglicisation,1
angling,1
anglophonic,1
anicons,1
aniimal,1
animatronic,1
animes,1
animist,1
aninimals,1
anions,1
anisodactyl,1
ankylosaur,1
annexes,1
annihilate,1
annihilationism,1
annotation,1
annote,1
annoy,1
annuals,1
annuities,1
annulets,1
anointed,1
anologue,1
anomalous,1
anomaly,1
anomie,1
anothe,1
another's,1
anout,1
anoxic,1
antagonists,1
antarafacial,1
anteater,1
antebellum,1
antecedens,1
antedated,1
antes,1
anthozoans,1
anthracene,1
anthropologist's,1
anthropomorphism,1
antibody's,1
anticipate,1
anticoagulation,1
anticodon,1
anticommunist,1
anticonstitutional,1
anticonvulsants,1
antics,1
anticult,1
anticyclonic,1
antidifferentiation,1
antiepileptic,1
antigay,1
antigens,1
antigensd,1
antigovernment,1
antimatter,1
antimycotics,1
antinatalism,1
antineutrino,1
antioxidant,1
antiparasitic,1
antiparticle,1
antipodal,1
antipredator,1
antiprotons,1
antipsychotics,1
antiquae,1
antiquark,1
antiretrovirals,1
antisemitism,1
antiseptics,1
antisera,1
antitauon,1
antitheater,1
antithesis,1
antiviral,1
antonym,1
antshrike,1
anxiously,1
anylized,1
aortic,1
aparment,1
apartmenthouse,1
apathy,1
apellidos,1
aperitif,1
aphid's,1
aphorism,1
aphorisms,1
apices,1
apl,1
apokalupsis,1
apokatastasis,1
apologists,1
apologize,1
apologizes,1
apologizing,1
apoptygma,1
apopular,1
apostrophes,1
apothecary,1
apparitions,1
appartement,1
appartment,1
appeari,1
appended,1
appendices,1
appendicitis,1
apperances,1
appetizer,1
applicatons,1
appoggiatura,1
apportioned,1
appreciable,1
apprehension,1
apprentices,1
approache,1
appropriateness,1
appropriation,1
approver,1
approving,1
approximated,1
approximating,1
apricots,1
apron,1
aprotic,1
apse,1
apsides,1
aptly,1
aq,1
aquatica,1
aqueducts,1
aquifer,1
aquilae,1
arachnid,1
arariyo,1
arbitrated,1
arbitrators,1
arborea,1
arboretum,1
arborist,1
arcane,1
archaeal,1
archaeocetes,1
archangels,1
archbishopric,1
archenemies,1
archeologist,1
archers,1
archetype,1
archetypes,1
archipelagos,1
architectonics,1
archiving,1
archlute,1
arctos,1
ardea,1
arduous,1
areca,1
areet,1
argumentation,1
argyropus,1
argyrosperma,1
aridity,1
arils,1
aristocracy's,1
arithmetical,1
arizonensis,1
armadillos,1
armaments,1
armband,1
armbands,1
armchairs,1
armful,1
armiger,1
armilla,1
armillary,1
arming,1
armonico,1
arnab,1
aromatherapy,1
aromaticity,1
arpeggio,1
arpeggios,1
arraigned,1
arrrr,1
arterie,1
artesian,1
artfully,1
arthrodires,1
arthropods,1
articulating,1
articulations,1
artis,1
artsy,1
artu,1
asca,1
ascends,1
ascents,1
ascertained,1
asceticism,1
ascetics,1
asci,1
asconoid,1
ascospores,1
ashen,1
ashiks,1
ashrama,1
asinine,1
asocial,1
aspartate,1
aspartic,1
asperities,1
aspersa,1
asphyxiation,1
aspirated,1
aspiration,1
aspirational,1
assailable,1
assailants,1
assassinating,1
assemblage,1
assembling,1
assent,1
assert,1
asserting,1
assertive,1
asserts,1
assessments,1
assignation,1
assigns,1
assimilation,1
associaton,1
assortment,1
assure,1
ast,1
asterisk,1
asthenosphere,1
astonishing,1
astound,1
astringent,1
astrochemistry,1
astrological,1
astronautics,1
astronomic,1
astronomically,1
astroturfing,1
aswangs,1
asylums,1
asymmetrically,1
asymptomatic,1
asymptote,1
asymptotes,1
asymptotic,1
asynchronous,1
ateji,1
atherosclerotic,1
athleticism,1
atirrensis,1
atmospheres,1
atolls,1
atomists,1
atorvastatin,1
atra,1
atraction,1
atrocity,1
atropine,1
atrox,1
attac,1
attact,1
attainment,1
attentions,1
attenuate,1
attest,1
attuned,1
atypical,1
audacious,1
audax,1
audible,1
audibly,1
audiobook,1
audiologist,1
audiologists,1
audiovisual,1
augites,1
augments,1
auras,1
auricular,1
aurochs,1
austenite,1
austere,1
autarchist,1
autarchists,1
authbiography,1
authenticate,1
authoirty,1
authoring,1
authorisation,1
authorised,1
authorize,1
authorizing,1
autists,1
autoantibody,1
autobahn,1
autochthonous,1
autocorrelation,1
autograph,1
autographic,1
autoimmune,1
autokey,1
autolysis,1
automaker,1
automata,1
automate,1
autonomously,1
autoroute,1
autos,1
autosave,1
autosuggestion,1
autozooids,1
autumnal,1
auxilia,1
avenged,1
avenging,1
avenues,1
averred,1
aversion,1
averted,1
avialan,1
aviator's,1
avoidable,1
avoirdupois,1
avortion,1
avunculus,1
avventure,1
awaits,1
awe,1
awesomeness,1
awfully,1
awhile,1
awoke,1
awry,1
axially,1
axilla,1
axises,1
axon,1
axonal,1
azanide,1
azaps,1
azhdarchoid,1
azides,1
baboon,1
babuchak,1
babyclothes,1
babysitting,1
baccarat,1
bachelorette,1
backcourt,1
backdated,1
backdoor,1
backdrops,1
backers,1
backfire,1
backfired,1
backgammon,1
backlight,1
backline,1
backlit,1
backlog,1
backpropagation,1
backronym,1
backseat,1
backspinning,1
backstabs,1
backwater,1
backwoods,1
backwoodsman,1
bacteriophage,1
bacteriorhodopsin,1
bacteriuria,1
baddies,1
badlands,1
bagain,1
bagging,1
bagpipes,1
baguettes,1
bahu,1
bailieries,1
bailiff,1
bailouts,1
bakehouse,1
bakeries,1
bakeru,1
bakes,1
balconies,1
balk,1
balked,1
balklines,1
ballades,1
ballasts,1
ballcock,1
ballcourt,1
ballerinas,1
ballgame,1
ballhandler,1
ballooned,1
ballooning,1
balloonist,1
ballparks,1
ballplayer,1
ballpoint,1
balneario,1
balsam,1
balusters,1
bambino,1
banal,1
bandages,1
bandanas,1
bandes,1
bandgaps,1
bandicoots,1
bandmaster,1
baneberry,1
banged,1
bangs,1
bangwato,1
banish,1
banishment,1
banisters,1
bankers,1
bankside,1
banquets,1
baphomet's,1
baptismal,1
barb,1
barbarian,1
barbaric,1
barbarous,1
barbecued,1
barbecues,1
barbering,1
barbs,1
bardes,1
bares,1
baritone,1
barman,1
barmy,1
barnacles,1
barnstormer,1
barnstorming,1
baronies,1
barracuda,1
barrage,1
barreled,1
barring,1
bartenders,1
baseket,1
basemap,1
bashkord,1
bask,1
basset,1
bassoon's,1
bastide,1
bataar,1
bathed,1
bathrooms,1
bathtub,1
bathypelagic,1
bathyscape,1
batles,1
batons,1
batos,1
batsmen,1
batsmen's,1
battled,1
battlefleet,1
battleground,1
battleship's,1
bawd,1
bayonet,1
bayoneted,1
bcame,1
beacause,1
bead,1
beakers,1
beamline,1
beamlines,1
beanstalk,1
beards,1
beatings,1
beautician,1
beauticians,1
beautifies,1
beautiness,1
becauase,1
beckoning,1
bedsteads,1
bedstone,1
bedtime,1
bee's,1
beefcake,1
beehive,1
beel,1
beetle's,1
beets,1
befriended,1
beggar,1
begining,1
beguiling,1
behaviorist's,1
behaviorists,1
behead,1
behold,1
bejeche,1
bejuco,1
bek,1
belay,1
belayer,1
belching,1
beleaguered,1
beleive,1
belemnites,1
belge,1
belivable,1
belive,1
bellies,1
belt's,1
belte,1
belted,1
beltway,1
beluga,1
bema,1
benched,1
benchmarked,1
benders,1
benediction,1
beneficial,1
benefited,1
benefitted,1
benevolence,1
benghalensis,1
benzoate,1
benzodiazepine,1
bequest,1
berdel,1
beriberi,1
berkelium,1
bernadezi,1
berths,1
beserked,1
besieged,1
bespoke,1
bestial,1
betegning,1
bethrothed,1
betray,1
betrothed,1
bevel,1
bevelled,1
bewails,1
bewitched,1
bezoarticus,1
bharadwaj,1
bharal,1
bharawaj,1
biannually,1
bibliophiles,1
biceps,1
bicolor,1
bicornis,1
bicycling,1
bicyclist,1
bide,1
bienheureuse,1
biennials,1
bigness,1
bigotry,1
biilion,1
bijection,1
bijective,1
bike's,1
biker,1
bikes,1
bil,1
bilaterally,1
billets,1
bimetal,1
binaries,1
binational,1
binder,1
binge,1
binges,1
bingo,1
binned,1
binomial,1
bint,1
binuclear,1
binucleate,1
bioavailability,1
biochemists,1
biodegradable,1
bioeroding,1
biofuels,1
biogeographic,1
biogeographical,1
biohazard,1
biomaterials,1
biomechanics,1
biomedicine,1
biophilia,1
bioregion,1
biostore,1
bipartisan,1
bipedality,1
biplanes,1
birdcage,1
birder,1
birding,1
birdwatch,1
biretta,1
birthdate,1
birthdays,1
birthrate,1
birthright,1
birthyear,1
birun,1
biscuit,1
bisects,1
bismillah,1
bisque,1
bitless,1
bittere,1
bitwise,1
bivalve's,1
biz,1
bizarreries,1
blackboards,1
blackbody,1
blackface,1
blacklisted,1
blameless,1
blameworthiness,1
blanks,1
blanquillo,1
blasphemy,1
blazing,1
blebs,1
bleeds,1
blemish,1
blending,1
blends,1
blesses,1
blinders,1
blindfold,1
blinds,1
blinking,1
bloat,1
bloated,1
bloation,1
blockaded,1
blond,1
blood's,1
bloodied,1
bloodless,1
bloodlines,1
bloodshed,1
bloodstone,1
bloodstream,1
bloodthirsty,1
bloodworms,1
blooms,1
bloopers,1
blossoms,1
blotchy,1
blowfish,1
blowout,1
blueberries,1
bluestone,1
blunder,1
blur,1
blurry,1
blurs,1
blutwurst,1
boarder,1
boarders,1
boars,1
boast,1
boasted,1
boastful,1
boasts,1
boat's,1
boathouse,1
boatmen,1
boatmobiles,1
boatswain's,1
bobbins,1
bobbistiek,1
bobolink,1
bodega,1
bodhicitta,1
bodice,1
bodices,1
bodybuilding,1
bodyshell,1
bodyweight,1
bog,1
bogies,1
bogota,1
bohiques,1
boids,1
boilers,1
boire,1
boisei,1
boisterousness,1
boke,1
boldly,1
bolero,1
bolides,1
bolstered,1
bolted,1
bomb's,1
bombardment,1
bonarelli,1
boning,1
bonobos,1
bood,1
boodies,1
bookhamlet's,1
booke,1
bookkeeper,1
bookreview,1
bookshelves,1
bookshop,1
bookshops,1
bool,1
booleans,1
boomerangs,1
boomslangs,1
boons,1
boosting,1
bootlaces,1
bootlegger,1
bootlegging,1
bootlegs,1
bootstraps,1
boreal,1
bores,1
boric,1
boronia,1
borough's,1
borrower,1
bosom,1
bosonic,1
bot,1
bottle's,1
bottleneck,1
bottlenecks,1
bottlenose,1
boubou,1
boughs,1
bouillon,1
bouledogue,1
boules,1
bounced,1
bounding,1
bounties,1
bouriginonne,1
bowel,1
bowerbird,1
bowled,1
bowler's,1
bows,1
bowstring,1
boxcars,1
boxset,1
boycotts,1
braccio,1
bracelet,1
bracelets,1
bracing,1
brackish,1
bracts,1
bragged,1
bragging,1
brahmana,1
brahmanas,1
braid,1
braiding,1
brainteaser,1
branchiopods,1
brasilienses,1
bratty,1
bratwurst,1
bravado,1
braved,1
bravelyagainst,1
braveness,1
brawling,1
brazen,1
breaches,1
breaded,1
breads,1
breadth,1
breadwinners,1
breakage,1
breakdance,1
breakfasts,1
breaklights,1
breastfeeding,1
breaths,1
breathy,1
breeder,1
breeze,1
breezes,1
brevipinguis,1
brewery's,1
brewpub,1
bricklayers,1
bride's,1
bridesmaid,1
bridged,1
bridgehead,1
bridles,1
briefs,1
brigand,1
brighest,1
brightening,1
brink,1
briskly,1
bristlecone,1
brith,1
broadband,1
broadest,1
broadleaf,1
broadsword,1
broadswords,1
brocciu,1
broilers,1
brok,1
brokerage,1
brokered,1
brokers,1
bromate,1
bromeliad,1
brominated,1
bronchioles,1
bronco,1
brontosaurus,1
bronzes,1
bronzy,1
brooch,1
brooches,1
brooding,1
broomstick,1
brostep,1
brothels,1
brotherhoods,1
brow,1
browner,1
brownfield,1
brownies,1
brucei,1
brucine,1
bruid,1
brushlike,1
brushwood,1
brushwork,1
brusque,1
brusqueness,1
brutalized,1
bruxism,1
brydei,1
bryology,1
bryophytes,1
bryozoans,1
bubbling,1
buboes,1
budgetary,1
buff,1
buffalo's,1
buffered,1
buffering,1
buffers,1
buffets,1
bufotoxin,1
buggy,1
bugle,1
buildimg,1
buildngs,1
buildt,1
buinne,1
buky,1
bulbifera,1
bulblets,1
bulbosa,1
bullfight,1
bullfighter,1
bullfrog's,1
bullhead,1
bullies,1
bullnose,1
bullseye,1
bumblebee,1
bumped,1
bums,1
bundles,1
bunk,1
bunkhouse,1
bunks,1
bunyip,1
bunyips,1
buongiorno,1
buoy,1
buoyancy,1
buoyant,1
bur,1
burchelli,1
bureaucrat,1
burgemeester,1
burghs,1
burglary,1
buries,1
burin,1
burna,1
burqa,1
burrito,1
burrowed,1
burrs,1
bursitis,1
bursting,1
bushfires,1
bushi,1
bushmeat,1
bushranged,1
busier,1
busing,1
busking,1
buss,1
busybody,1
butchered,1
butchering,1
butl,1
buttered,1
buttering,1
buttress,1
butyal,1
buyout,1
buyouts,1
buzzers,1
bw,1
bye,1
byname,1
bypassed,1
bypassing,1
byproducts,1
bystander,1
cabochons,1
caboclos,1
caboverdeanum,1
cached,1
cackling,1
caddy,1
cadence,1
cadet's,1
cadium,1
cadres,1
cafes,1
cage's,1
caiman,1
caimans,1
cairns,1
calamine,1
calamita,1
calavera,1
calcaratus,1
calcitonin,1
caliber,1
calibrate,1
californium,1
calledipkissiamascosus,1
calledrave,1
callers,1
calles,1
callsign,1
calmly,1
calms,1
caloric,1
camcorders,1
cameleers,1
cameos,1
cameraman,1
camii,1
camino,1
camouflaging,1
campaign's,1
campaigner,1
campaigners,1
campaings,1
camper,1
camper's,1
campfire,1
campfires,1
campgrounds,1
campy,1
camshafts,1
canali,1
canceling,1
cancels,1
cancrivorus,1
candangos,1
candidacies,1
candidate's,1
candidature,1
candidly,1
candies,1
candlesticks,1
canelo,1
canes,1
canid,1
canister,1
canisters,1
cannabinoid,1
cannabinoids,1
cannibals,1
canoeist,1
canoeists,1
canonization,1
canopic,1
canopies,1
canticles,1
canton's,1
cantus,1
canvases,1
capacitance,1
capacitive,1
capacitor's,1
capitalisation,1
capitalised,1
capitalists,1
capitalization,1
capitalize,1
capitulation,1
capoeiristas,1
caporegime,1
cappa,1
capping,1
cappuccino,1
capsize,1
captaincy,1
captaining,1
captivate,1
captor,1
captors,1
capuchin's,1
caput,1
caquelon,1
carabineer,1
carabiners,1
carabiniers,1
caracals,1
caramelens,1
caramelins,1
caramelized,1
carat,1
caravans,1
carbamate,1
carbenium,1
carbonaceous,1
carbonaria,1
carbonium,1
carcharodontosaurid,1
carcinogen,1
carcinogenicity,1
carefree,1
caregiver,1
carelessness,1
caress,1
caretakers,1
carful,1
cargamanto,1
cariama,1
caricatured,1
caricaturist,1
caries,1
carillons,1
carnassials,1
carnation,1
carnivoramorphans,1
carnivorans,1
carno,1
carnosaur,1
carotene,1
carotid,1
carpenting,1
carreer,1
carrots,1
carroza,1
carsign,1
cartels,1
cartful,1
cartoonists,1
cartouches,1
cartwheel,1
cartwheels,1
cashed,1
cashews,1
cashier,1
cashing,1
cashless,1
casinos,1
cassock,1
castanets,1
castellano,1
caster,1
castings,1
castled,1
casually,1
cataclysm,1
catacombs,1
catagen,1
catalana,1
catalepsy,1
cataloging,1
catalogues,1
catalysis,1
catalyzing,1
catamenial,1
catastrophism,1
catchers,1
catchment,1
catdiffuse,1
categorizing,1
catered,1
caterers,1
caterpillar's,1
catesbeiana,1
catfish,1
cathartic,1
cathedra,1
catheter,1
catillus,1
catkins,1
catty,1
caulk,1
causatives,1
cauterize,1
cautionary,1
cava,1
cavae,1
caveats,1
caveman,1
cavernous,1
caverns,1
cavers,1
cavitation,1
cawing,1
cazas,1
ceasing,1
ceded,1
celibate,1
cella,1
cellars,1
cellulase,1
celluloid,1
cellulosic,1
cements,1
cemetary,1
cemeteries,1
cemetery's,1
cenermony,1
censure,1
centaurs,1
centerboard,1
centermost,1
centimes,1
centimos,1
centrale,1
centralisation,1
centralization,1
centralize,1
centrally,1
centrioles,1
centrosome,1
centrosomes,1
centurty,1
cephalothorax,1
ceratin,1
ceratopsian,1
ceratopsid,1
ceratopsids,1
cerebellum,1
cerebralis,1
cerebrum,1
cerise,1
certificated,1
cervicovaginal,1
cessation,1
cetera,1
chacunga,1
chaerophylloides,1
chaining,1
chainsaws,1
chairing,1
chairmanship,1
chairmen,1
chakras,1
chalkboard,1
chalked,1
chambermaid,1
chameleons,1
chamomile,1
champi,1
champignons,1
champion's,1
championing,1
chancellors,1
chancery,1
chandelier,1
changers,1
changunga,1
channeling,1
chansonnier,1
chanter,1
chanting,1
chantry,1
chaoyangensis,1
chaperones,1
chaplains,1
characterise,1
characterising,1
characterization,1
characterizes,1
charango,1
charcteristic,1
charging,1
charlatans,1
charred,1
charrette,1
charters,1
chartreuse,1
chasmosaurine,1
chasse,1
chasseur,1
chatrang,1
chatrooms,1
chauffer,1
chaus,1
chausses,1
chauvinism,1
chavs,1
cheat,1
checkmated,1
checkout,1
checkouts,1
checkpoints,1
checksum,1
cheekbones,1
cheerfulness,1
cheesecloth,1
chef's,1
chela,1
chembox,1
chemical's,1
chemics,1
chemiluminescence,1
chemosynthetic,1
chemotherapy,1
cheng's,1
chenopod,1
cherish,1
chesspieces,1
chevrons,1
chewed,1
chewier,1
chewy,1
chiao,1
chiasmata,1
chic,1
chicane,1
chicken's,1
chickenpox,1
chickpeas,1
chicle,1
chidren,1
chieftan,1
chiffon,1
chikama,1
chikungunya's,1
childbith,1
chilis,1
chillies,1
chimes,1
chimiques,1
chimneys,1
chimp,1
chinensis,1
chinoise,1
chins,1
chipettes,1
chipped,1
chippie,1
chipsets,1
chiral,1
chiranjeevi,1
chirps,1
chiru,1
chiseled,1
chisels,1
chizu,1
chlamydial,1
chlorate,1
chlorides,1
chloroform,1
chloroplast,1
chlortetracycline,1
choban,1
chois,1
chokes,1
chokeslamming,1
choleria,1
chondrites,1
choppers,1
choppy,1
chops,1
chorales,1
chordate,1
choreographers,1
choreographic,1
choroid,1
choruses,1
choses,1
choti,1
chough,1
chrezvychaynaya,1
christening,1
chromatograph,1
chromed,1
chromolithographs,1
chromophores,1
chromosome's,1
chronicarum,1
chroniclers,1
chronicling,1
chronologist,1
chrysoberyl,1
chubby,1
chunking,1
chunks,1
chunky,1
churchmen,1
churned,1
chutneys,1
ciabatta,1
cigars,1
cilantro,1
ciliated,1
ciliates,1
cin,1
cinder,1
cinemacenter,1
cinematography,1
ciorba,1
ciphersuite,1
ciphersuites,1
circulate,1
circulates,1
circumcised,1
circumcisions,1
circumnavigation,1
circuses,1
cirrostratus,1
cit,1
citalopram,1
citationcitation,1
citescore,1
citites,1
citizen's,1
citizenhood,1
citrate,1
citric,1
citron,1
cittern,1
civilise,1
civilizing,1
clades,1
cladistic,1
claimant,1
clairvoyant,1
claming,1
clampdown,1
clapboard,1
clapsticks,1
clarification,1
clarinets,1
clarinettist,1
classed,1
classful,1
classifiable,1
classifier,1
classwork,1
claustrophobic,1
clavate,1
clawhammer,1
cleanest,1
cleanrooms,1
clearest,1
clearings,1
cleats,1
clefs,1
cleft,1
clerestorey,1
clerestory,1
cleric,1
clerk's,1
cleverness,1
cliamed,1
clickable,1
clicks,1
cliff's,1
cliffhanger,1
cliffside,1
climatologists,1
cline,1
clings,1
clinically,1
clipboard,1
clipboards,1
clipped,1
clippers,1
clitelum,1
clitoral,1
clitorism,1
cloaked,1
clog,1
clogged,1
closeups,1
clotheslines,1
clothings,1
clots,1
cloture,1
cloverleaf,1
clownish,1
clozapine,1
clubbing,1
clung,1
clutches,1
cluttering,1
clutters,1
coachbuilder's,1
coachman,1
coadjutor,1
coalesce,1
coallition,1
coals,1
coarsest,1
coastlines,1
coauthored,1
coaxial,1
cobalamin,1
cobblers,1
cobbles,1
cobby,1
cobs,1
coccyxal,1
cochineal,1
cocido,1
cockatiels,1
cockfighter,1
cockles,1
cocks,1
codebreaker,1
codecs,1
codenames,1
codependence,1
codependency,1
codices,1
codification,1
codomain,1
codons,1
coeducation,1
coeliac,1
coelurosaurians,1
coercion,1
coexist,1
cofactor,1
coffees,1
cofounded,1
cognate,1
cognizable,1
cognizant,1
cohesive,1
coincide,1
coincidental,1
coincidentally,1
coldness,1
coleoids,1
colic,1
collaborates,1
collages,1
collapsars,1
collarless,1
collectivist,1
collectivization,1
collee,1
college's,1
collegiality,1
colligative,1
collinear,1
colloblasts,1
colloid,1
colloquialism,1
colobine,1
colones,1
coloni,1
colonise,1
colonist,1
colonize,1
colonizing,1
coloradas,1
coloration,1
colorblind,1
colorectal,1
colourfully,1
colubrid,1
comarca,1
comarcal,1
comarques,1
combating,1
combats,1
combed,1
combust,1
cometary,1
comforted,1
comforters,1
comforting,1
comforts,1
comically,1
comitted,1
comix,1
commedia,1
commencement,1
commend,1
commensalistic,1
commentatior,1
commeorates,1
commerating,1
commercialized,1
committers,1
commodores,1
commoly,1
commoners,1
communescamburat,1
communicative,1
commutator,1
commuted,1
commuting,1
comorbidities,1
compacted,1
companion's,1
companystarted,1
compartments,1
compensating,1
competeed,1
competence,1
competences,1
competencies,1
competitiveness,1
compiles,1
complains,1
complementarity,1
completeness,1
complexities,1
compliant,1
complied,1
complimented,1
componentized,1
composes,1
composites,1
composizione,1
composure,1
compress,1
compresses,1
compromises,1
compromising,1
compulsion,1
computed,1
concatenated,1
concavity,1
conceals,1
concede,1
concentrating,1
concertmaster,1
concessioned,1
concessions,1
concluding,1
concoction,1
concoctions,1
concubines,1
concur,1
concussions,1
condemnation,1
condemning,1
condemns,1
condensate,1
condenser,1
condita,1
conditionally,1
condominium,1
conductance,1
confections,1
conferencing,1
confessing,1
confidentiality,1
configurations,1
confines,1
confining,1
confiscating,1
conflicted,1
conformal,1
conformation,1
conformational,1
conformers,1
confraternity,1
confusions,1
congestive,1
conglomerates,1
congratulate,1
congratulating,1
congressman's,1
congruence,1
conic,1
conifer,1
conincides,1
conjured,1
connote,1
connotes,1
conodont,1
conodonts,1
conscripted,1
consecrate,1
conservationist,1
conservationists,1
considerate,1
consigliere,1
consolations,1
consolidating,1
conspicuously,1
conspirator,1
conspire,1
conspired,1
constancy,1
constants,1
constinuency,1
constitutionalism,1
constitutionality,1
constitutive,1
constraining,1
constrict,1
constricted,1
constructiion,1
consular,1
consulate,1
consults,1
consumer's,1
consumes,1
consummated,1
contactless,1
contaminant,1
contaminates,1
contemporaine,1
contemporaries,1
contenders,1
contends,1
contentious,1
contentment,1
contestant's,1
contextual,1
contextually,1
contigo,1
contiguous,1
continuants,1
contious,1
contol,1
contours,1
contrabass,1
contraceptive,1
contractions,1
contractual,1
contradanza,1
contradict,1
contradicts,1
contraindication,1
contraints,1
contrapositive,1
contrapuntal,1
contriving,1
controler,1
controller's,1
conundrums,1
convenes,1
conveniences,1
conventionally,1
convents,1
converge,1
converged,1
conversational,1
converse,1
converthigh,1
convertibility,1
conveys,1
convincingly,1
convivial,1
convocations,1
convoke,1
convoked,1
convulsions,1
coodinator,1
cooker,1
cookers,1
coolant,1
coolers,1
cooperated,1
cooperates,1
coopering,1
coordinators,1
copes,1
copolymer,1
copolymers,1
copublished,1
copulating,1
copycat,1
copyleft,1
corda,1
corde,1
corded,1
cordless,1
cordoned,1
cordons,1
corduroy,1
coregencies,1
coriander,1
corm,1
corn's,1
cornball,1
cornea,1
cornering,1
cornice,1
cornmeal,1
cornrows,1
corny,1
corolla,1
coronal,1
coronaviruses,1
coronet,1
corporation's,1
corporator,1
correlates,1
correlative,1
correspondents,1
corroborated,1
corroborating,1
corroded,1
corrpution,1
corrugated,1
corrupters,1
corruptly,1
corrupts,1
corset,1
corvettes,1
corymbosum,1
cosmochronology,1
cosmologies,1
cosmonaut,1
cosponsors,1
cots,1
cotta,1
cottonmouth's,1
cottonmouths,1
couches,1
coughed,1
coulomb,1
counsellor,1
counsellors,1
counselor's,1
counteraction,1
counteracts,1
counterarguments,1
counterattacked,1
counterculture,1
counterexample,1
counterfeit,1
counterforce,1
countering,1
counterintelligence,1
counterintuitive,1
countermeasures,1
countershading,1
counterslab,1
counterweight,1
countires,1
countout,1
countrol,1
coupler,1
couplet,1
coupon,1
coupons,1
courageously,1
coureurs,1
couriers,1
coursework,1
coursing,1
courteous,1
courtesan,1
courtesans,1
courtier,1
courtiers,1
courtyards,1
cout,1
couturiers,1
couvrir,1
covalently,1
coven,1
covertly,1
coves,1
covetous,1
cow's,1
cowardly,1
cowards,1
cowbells,1
coworkers,1
cowpox,1
cowrie,1
cowry,1
coxcombs,1
coxswain,1
craboo,1
crackdown,1
cracker,1
cradles,1
crafted,1
crafting,1
crafty,1
crammed,1
cramping,1
crank,1
cranked,1
crankle,1
crankshaft's,1
crapshooting,1
crashlands,1
craton,1
cratons,1
cravat,1
craving,1
crawlers,1
crayons,1
crazily,1
creamed,1
creatio,1
creationist,1
creativeness,1
creature's,1
credential,1
creeds,1
creepy,1
crepe,1
crescat,1
crescendo,1
crescentibus,1
crescents,1
crestless,1
cretaed,1
cretin,1
cretinism,1
crevalle,1
crevasses,1
crevice,1
crewman,1
crewmember,1
crewmembers,1
cricket's,1
cricketing,1
crier,1
criers,1
crime's,1
criminalized,1
criminology,1
crinkle,1
criollo,1
crispy,1
cristata,1
criticiced,1
criticise,1
criticizes,1
critico,1
critizied,1
crocin,1
crore,1
crossbill,1
crossbody,1
crossbow,1
crossection,1
crossguard,1
crosshair,1
crosslinks,1
crosswords,1
crowed,1
crucifixes,1
cruelly,1
cruised,1
cruiserweight,1
crumble,1
crumbs,1
crumpled,1
crurotarsal,1
crusher,1
crushers,1
crushes,1
crustacean,1
crutches,1
crybaby,1
cryogenics,1
crypsis,1
cryptanalyst,1
cryptids,1
cryptobiosis,1
cryptocurrency,1
cryptograms,1
cryptonyms,1
cryptosystem,1
crystalline,1
crystallize,1
crystallized,1
crystallography,1
cu,1
cualquiera,1
cubano,1
cubiques,1
cuboid,1
cubozoans,1
cuchillas,1
cuckoo,1
cuckoos,1
cucumbers,1
cudjoewood,1
cuesta,1
cuff,1
cuirasses,1
culminating,1
culprits,1
cultivating,1
cultivators,1
cultrual,1
culturel,1
culturing,1
cumbersome,1
cumbustion,1
cumulus,1
cuna,1
cupboard,1
cupboards,1
cupcake,1
curate,1
curd,1
curdles,1
curfew,1
curiae,1
curiams,1
curing,1
curiosas,1
curlier,1
currants,1
currawong,1
cursors,1
curtipes,1
curvidens,1
curvier,1
curvo,1
custard,1
customising,1
customization,1
cutis,1
cutoff,1
cutscenes,1
cutt,1
cutwaters,1
cuvettes,1
cyan,1
cyanobacterial,1
cyanobacterium,1
cyberattack,1
cybercrime,1
cybermat,1
cybernetic,1
cybernetics,1
cyberweapon,1
cyclical,1
cyclin,1
cyclist's,1
cyclization,1
cyclocarpum,1
cyclohexanecarbaldehyde,1
cyclone's,1
cyclopropane,1
cyclotron,1
cygnet,1
cylinger,1
cynical,1
cynocephalus,1
cynodonts,1
cyphers,1
cyphertext,1
cyte,1
cytokine,1
cytometry,1
cytopathic,1
cytoplasm,1
cytoplasmic,1
cytosine,1
cytotoxic,1
d'afrique,1
d'albufera,1
d'alpinisme,1
d'amicourt,1
d'ampezzo,1
d'aosta,1
d'arc,1
d'armond,1
d'art,1
d'artagnan,1
d'assise,1
d'aumont,1
d'auvergne,1
d'azur,1
d'elegance,1
d'encausse,1
d'entremont,1
d'eon,1
d'epargne's,1
d'esquadra,1
d'este,1
d'ivry,1
d'ogeron,1
d'or,1
d'orange,1
d'urbervilles,1
d'urville,1
d'architettura,1
d'etat,1
d'exploitants,1
d'exploitation,1
d'oeuvres,1
d'orientation,1
d'origine,1
d'une,1
daan,1
dabryanus,1
dacoit,1
dactylic,1
dagbok,1
dagger,1
daguerreotypes,1
dailies,1
dairi,1
dairies,1
dakini,1
damming,1
damnable,1
dampness,1
dander,1
dangled,1
dangling,1
dangrous,1
dansband,1
danseur,1
danza,1
dareda,1
daredevil,1
darkened,1
darkening,1
dars,1
darting,1
darts,1
darwinism,1
dashboards,1
dashi,1
dastardly,1
datagrams,1
dataset,1
dateline,1
datings,1
datum,1
daub,1
daubed,1
daydream,1
daydreaming,1
daylighting,1
daypart,1
daze,1
dazed,1
dazzled,1
dazzling,1
ddod,1
degrasse,1
deacons,1
deactivated,1
deadbeat,1
deadbolt,1
deadlines,1
deadlock,1
deadlocks,1
deadpan,1
deadweight,1
dealer's,1
dealerships,1
dearest,1
deathcore,1
debit,1
debited,1
debtors,1
debutant,1
debuting,1
decadent,1
decaffeinated,1
decagons,1
decal,1
decapods,1
decarboxylase,1
decaying,1
deceided,1
deceitfully,1
deceive,1
deceives,1
decelerates,1
decelerating,1
decency,1
decidable,1
decidedly,1
decider,1
deciduous,1
decimated,1
decimates,1
decimeter,1
decimeters,1
deciphers,1
declamation,1
declarations,1
declarer,1
declassifying,1
declension,1
declination,1
decoder,1
decomissioned,1
decomposed,1
decomposes,1
decomposing,1
decompress,1
decontamination,1
decor,1
decorates,1
decorating,1
decorator,1
decoupled,1
decreed,1
decriminalised,1
decriminalization,1
decriminalize,1
decrypting,1
decryptions,1
dedicating,1
deduce,1
deeded,1
deejay,1
deepen,1
deepmind,1
deerpark,1
deerskin,1
defecate,1
defecating,1
defection,1
defectors,1
defenseman,1
defensively,1
deferens,1
deferred,1
defesnive,1
defiant,1
deficiencies,1
deficits,1
definitively,1
deflate,1
deflect,1
deflections,1
deforested,1
deformations,1
deformity,1
defragmentation,1
defrauded,1
degenerate,1
degeneration,1
dehestan,1
dehydrate,1
dehydrated,1
deinstitutionalization,1
dek,1
dela,1
delamination,1
delegations,1
deleterious,1
delftware,1
deliberated,1
deliberations,1
delicacy,1
delicias,1
delighted,1
delightful,1
delimiter,1
delinatio,1
delineated,1
delirious,1
delirium,1
deliverer,1
delle,1
dello,1
delocalized,1
delusions,1
delusive,1
demisexuals,1
demobilised,1
demodulation,1
demodulator,1
demographer,1
demolish,1
demonic,1
demonstrants,1
demonym,1
demoralize,1
demoralized,1
demostrations,1
demoting,1
demountable,1
demultiplexer,1
demurrer,1
demyelination,1
denar,1
denatured,1
dendritic,1
deniability,1
denier,1
denoting,1
denouement,1
denounce,1
dens,1
dentals,1
dentine,1
dentures,1
denturist,1
denying,1
deoxygenated,1
departmental,1
departures,1
dependents,1
deplorable,1
deployable,1
deployments,1
depopulation,1
deportistas,1
depositories,1
deprecated,1
depreciation,1
depressons,1
deprivation,1
deprotonated,1
depuis,1
derailed,1
derailment,1
dere,1
derecho,1
derelict,1
derfor,1
derision,1
dermal,1
dermis,1
desalination,1
descenders,1
descibe,1
descriptivism,1
descriptor,1
desensitisation,1
desert's,1
desertion,1
deserves,1
desiccant,1
desiccation,1
desirability,1
desist,1
desolate,1
desoldering,1
desperation,1
despicable,1
despised,1
despises,1
despoiled,1
destabilised,1
destablising,1
destitute,1
desublimation,1
detach,1
detachments,1
detailing,1
detain,1
detaining,1
detectably,1
detecting,1
deter,1
determinations,1
determinine,1
deterrence,1
deters,1
dethroned,1
detonator,1
detonators,1
detoxification,1
detractors,1
detracts,1
detroyed,1
deuren,1
deuterocanonical,1
deuterostome,1
devadasis,1
devaluated,1
devaluation,1
devalued,1
devas,1
developmentalism,1
deviate,1
deviates,1
deviating,1
devising,1
devotee's,1
devtas,1
dexterous,1
dhime,1
dhow,1
diabolical,1
diacritics,1
diagnosing,1
dialectic,1
dialled,1
dialogs,1
dials,1
dialyser,1
diamondback,1
diapausing,1
diarchs,1
diarrhoea,1
diastase,1
diastasis,1
diastereoisomers,1
dicer,1
dichloride,1
dichotomous,1
dictates,1
dicynodont,1
dide,1
didgeridoo's,1
dieback,1
dieldrin,1
dielectric,1
differenced,1
differentiates,1
diffrent,1
digamma,1
digestif,1
digesting,1
digests,1
digiscoping,1
digitalized,1
dignified,1
dignitas,1
dikes,1
dilated,1
dildos,1
dilemmas,1
diligently,1
dilution,1
dimidiating,1
diminished,1
diminishing,1
dimittis,1
dims,1
dinghies,1
dinghy,1
dinobirds,1
dinosauriform,1
diocese's,1
dioceses,1
dioptric,1
diorama,1
dipeptide,1
diphenyl,1
diphthong,1
diphthongs,1
diphyodont,1
diphyodonty,1
diplomatica,1
diplomatics,1
dipyramid,1
directeur,1
directional,1
directionens,1
directives,1
directivity,1
disabledcels,1
disables,1
disabling,1
disagrees,1
disallowed,1
disambiguator,1
disappointing,1
disappointments,1
disapproved,1
disapproving,1
disarmament,1
disarmed,1
disavowed,1
disbandment,1
disbelieved,1
disbelieving,1
discards,1
discern,1
discharges,1
disciplinarian,1
disclosed,1
discloses,1
disclosing,1
disclosure,1
disclosures,1
discoloration,1
discomfort,1
disconcert,1
disconnect,1
disconnected,1
disconnection,1
disconnects,1
discontinuities,1
discredit,1
discreet,1
discretion,1
discretionary,1
discriminate,1
discriminative,1
discriminatory,1
disctrict,1
discusion,1
diseased,1
disequilibrium,1
disfigured,1
disgruntled,1
disheartened,1
dished,1
dishonorable,1
dishonorably,1
dishs,1
dishwasher,1
dishwashers,1
disinfect,1
disinfectants,1
disinformation,1
disinherited,1
disintegrates,1
disintegrating,1
disinters,1
diskettes,1
dislodge,1
dislodged,1
disloyal,1
dismantling,1
dismembered,1
dismount,1
disobedient,1
disobeying,1
disorienting,1
disowned,1
dispar,1
disparities,1
dispatchers,1
dispatches,1
dispatching,1
dispels,1
dispensary,1
dispensed,1
dispensers,1
disperse,1
disphenoid,1
displace,1
displaces,1
displease,1
disposing,1
disproofs,1
disproportionates,1
disproven,1
disquiet,1
disregards,1
disrepute,1
disrespectful,1
disrupt,1
disruptive,1
dissapointed,1
dissect,1
dissections,1
disseminated,1
dissensions,1
dissenters,1
dissimilarities,1
dissipation,1
dissociates,1
dissociative,1
dissonant,1
dissuade,1
distantly,1
distasteful,1
distended,1
distill,1
distillery,1
distorts,1
distressed,1
distressing,1
disturb,1
disturbs,1
ditched,1
ditches,1
diurnal,1
divan,1
divedends,1
divergences,1
diverges,1
diverging,1
diversification,1
diversify,1
diversionary,1
divert,1
diverting,1
diverts,1
divider,1
divinities,1
divisible,1
dobro,1
doctorates,1
documentalist,1
docuseries,1
dod,1
dodging,1
dodos,1
doers,1
dogged,1
doghouses,1
dogma,1
dokdoensis,1
doku,1
doldrums,1
dollar's,1
dolmens,1
dolphin's,1
domesticate,1
domesticated,1
domesticus,1
dominates,1
dominoes,1
domu,1
domus,1
dondurma,1
donghaenensis,1
donkey's,1
donkeys,1
donned,1
doodles,1
doorgeefluik,1
doorknobs,1
doormat,1
doorstopper,1
doorway,1
dopey,1
doppelganger,1
dorm,1
dormer,1
dormitories,1
dormitory,1
dorsalis,1
dosage,1
dosages,1
dosimeter,1
dosimetry,1
dosing,1
dossiers,1
doth,1
doting,1
dotterel,1
dotting,1
doubleheader,1
doublespeak,1
doubtless,1
douc,1
doughboy,1
doujinshi,1
dous,1
douse,1
dousing,1
downbeat,1
downsizing,1
downtime,1
dox,1
doxing,1
dozuki,1
dracanae,1
drachma,1
dracunculiasis,1
dragonfly,1
dragonfly's,1
dragster,1
drainpipe,1
drakon,1
draperies,1
drapes,1
drastic,1
draught,1
draughtsman,1
drawed,1
drawer's,1
drawstring,1
dreaded,1
dreamer,1
dreamings,1
dreamt,1
dreamy,1
drearily,1
dredging,1
dresser,1
dressings,1
drifts,1
drivel,1
driveway,1
drizzle,1
drizzled,1
dromaeosaurid,1
drongos,1
drooping,1
droopy,1
dropkick,1
droplet,1
dropsy,1
droves,1
drowened,1
drowsy,1
drug's,1
drugbox,1
drugstores,1
druid,1
drumhead,1
drummer's,1
drunkard,1
drunkenness,1
drupaceous,1
drupe,1
dryers,1
drystone,1
dualist,1
dualistic,1
dualities,1
dubious,1
dubium,1
ducking,1
ducklings,1
ductile,1
dudek,1
duelist,1
dugongs,1
dulcis,1
duller,1
dulls,1
dumbing,1
dumping,1
dumpster,1
dumpy,1
dunes,1
dunking,1
duopoly,1
duos,1
dup,1
duplicates,1
duplicating,1
duplication,1
durum,1
duster,1
dusting,1
dutiful,1
duvet,1
dwelt,1
dwija,1
dyadic,1
dyn,1
dynamism,1
dynasteia,1
dysfunctions,1
dysgenics,1
dysmorphic,1
dyspareunia,1
dysthymic,1
dystopian,1
dystopias,1
dz,1
dzongkhags,1
efootball,1
elife,1
emotive,1
esata,1
eachother,1
eagerness,1
ealdormen,1
eardrum,1
eared,1
earholes,1
earmuffs,1
earner,1
earnestly,1
earnestness,1
earpiece,1
earplugs,1
earrings,1
earthenware,1
earthquake's,1
earthsquare,1
earthworm's,1
eary,1
easel,1
easiness,1
easternomost,1
eateries,1
eavesdrop,1
eavesdropers,1
ecchi,1
ecclesia,1
ecclesiology,1
ecdysis,1
echelle,1
echinoderms,1
echolocate,1
eclipsed,1
ecoded,1
ecofriendly,1
ecologists,1
economization,1
ecopoetics,1
ecotoxicology,1
edeni,1
edging,1
edgy,1
edifice,1
edifices,1
edn,1
educationalist,1
educationist,1
educative,1
edutainment,1
edwardsorum,1
effeminacy,1
effluent,1
effusively,1
eflux,1
egalitarian,1
egen,1
eggette,1
eggshell,1
egocentricism,1
ehavyly,1
eiders,1
eidetic,1
eigenvalue,1
ejaculated,1
ejaculates,1
ejections,1
eki,1
ekklesia,1
ela,1
elaborated,1
elaborates,1
elands,1
elapids,1
elastane,1
elasticated,1
elbows,1
electee,1
electioneering,1
electorate's,1
electorates,1
electricians,1
electrics,1
electrifiying,1
electro,1
electrocardiogram,1
electrocutes,1
electrodynamics,1
electroencephalographic,1
electrolytic,1
electromagnet,1
electromotive,1
electronegative,1
electronmagnetic,1
electrophoresis,1
electropop,1
elegance,1
elektron,1
elenchi,1
eliminates,1
ellipsis,1
elope,1
elopement,1
elpis,1
elution,1
elytra,1
emanation,1
embankment,1
embankments,1
embark,1
embarked,1
embarking,1
embarks,1
embarrass,1
embassies,1
embattled,1
embed,1
embedding,1
embellished,1
embers,1
embittered,1
embolism,1
embolisms,1
embossed,1
embroiderers,1
embroideries,1
embroiled,1
embryology,1
embryonal,1
emelet,1
emigrants,1
emirate,1
emitters,1
emitting,1
emoji,1
emotiblips,1
emotionalism,1
empathise,1
empathizes,1
emphasise,1
emphasises,1
emphatic,1
emphatically,1
employments,1
empoldering,1
empresses,1
emulsifier,1
emulsifiers,1
enal,1
enamelled,1
encapsulates,1
encapsulation,1
encase,1
encased,1
encephalitis,1
enchantment,1
enciphered,1
encircle,1
encirclement,1
enclaves,1
encloses,1
enclosure,1
enclosures,1
encoder,1
encodes,1
encodings,1
encompass,1
encompassing,1
encountering,1
encroachments,1
encrypts,1
encyclical,1
endagered,1
endanger,1
endeared,1
endearment,1
endears,1
endeavors,1
endgames,1
endocrinologist,1
endometrial,1
endometrium,1
endoparasitoid,1
endorheic,1
endorse,1
endorsements,1
endosymbiont,1
endothelin,1
endothelium,1
endothermy,1
endowed,1
endowments,1
ene,1
enemys,1
energetically,1
energize,1
energybending,1
enforcers,1
enforcing,1
engenders,1
engineer's,1
engineered,1
engorge,1
engraver's,1
engulf,1
enguls,1
enhancements,1
enhancer,1
enhancing,1
enharmonic,1
enigma,1
enigmatic,1
enjoined,1
enlarging,1
enlistment,1
enmascarados,1
enneadecagon,1
enol,1
enone,1
enriched,1
enriching,1
enrolling,1
enrols,1
enshrines,1
enslave,1
ensomhet,1
entheogen,1
entheogens,1
enthralling,1
enthronement,1
entitle,1
entitlement,1
entomophylous,1
entoproct,1
entrails,1
entrain,1
entranced,1
entrants,1
entrenchment,1
entrusts,1
entwined,1
entwining,1
enveloped,1
envelopes,1
envelopment,1
envenomation,1
enzyme's,1
eosinophils,1
eparchies,1
ephebophilic,1
epicentre,1
epichlorohydrin,1
epicuticle,1
epidemics,1
epididymus,1
epidurals,1
epigastrium,1
epigrams,1
epigraphy,1
epileptics,1
epilepticus,1
epilogue,1
epiode,1
epiphyte,1
episodoes,1
epistemic,1
epistemological,1
epochs,1
eponym,1
epops,1
epoxide,1
epoxied,1
epoxypropane,1
equaled,1
equalise,1
equaliser,1
equalize,1
equalling,1
equated,1
equestrians,1
equilibration,1
equilibriums,1
equine,1
equips,1
equivalence,1
eradicating,1
erase,1
erases,1
erasing,1
erg,1
ergaster,1
ergative,1
ergonomic,1
erosional,1
eroticism,1
errands,1
errant,1
eruditas,1
erupts,1
erythromycin,1
erzgebirgskreis,1
escalated,1
escalates,1
escalators,1
escapees,1
escarpment,1
eschatological,1
eschaton,1
eschscholtzii,1
escorting,1
escrow,1
esophageal,1
espadrille,1
espadrilles,1
especial,1
espero,1
essayed,1
essayists,1
estar,1
ester,1
estimator,1
estranged,1
estro,1
estrogen,1
esule,1
etched,1
eternally,1
ethereal,1
etheric,1
ethers,1
ethically,1
ethnobotanist,1
ethnographers,1
ethnologists,1
ethos,1
etiquettes,1
etrhnic,1
etruscus,1
ett,1
ettas,1
eucharistic,1
eugenicists,1
euglenozoa,1
eukaryotes,1
eunuchs,1
euphausiid,1
euphonic,1
euphonium,1
euphorbias,1
eurynastes,1
euthanised,1
euthymia,1
eutrophic,1
evacuations,1
evacuees,1
evaded,1
evaluates,1
evaluations,1
evangelicals,1
evangelists,1
evaporate,1
evaporated,1
evaporating,1
evaporative,1
evaporator,1
event's,1
evermore,1
everybody's,1
everyething,1
everygirl,1
everything's,1
evich,1
evictee,1
evidenced,1
evidential,1
evidently,1
evilest,1
evoked,1
evokes,1
evolutionarily,1
evolutionism,1
evolutionist,1
evolvements,1
exabyte,1
exacerbating,1
exacting,1
exalted,1
examining,1
exanthematicus,1
exbibyte,1
excavators,1
excels,1
excelsus,1
exceptionnally,1
excesses,1
excessively,1
excision,1
excitation,1
excite,1
excitiment,1
exclaim,1
exclaims,1
exclude,1
exclusionary,1
exclusivity,1
excommunication,1
excreta,1
excrete,1
excreted,1
excretion,1
excruciating,1
exemplified,1
exequatur,1
exerciser,1
exerpiments,1
exerting,1
exertion,1
exhausting,1
exhortations,1
exhorting,1
exhumation,1
exhume,1
exhumed,1
exilarchs,1
existentialism,1
existentialist,1
existentialists,1
existion,1
exobase,1
exocrine,1
exons,1
exonym,1
exopods,1
exosphere,1
expanders,1
expansionism,1
expatriate,1
expatriates,1
expended,1
expensice,1
experiential,1
experiment's,1
experimenter,1
experimenter's,1
experimenters,1
expiration,1
expiring,1
exploits,1
exponentiation,1
exponention,1
exporter,1
expositions,1
exposures,1
expounded,1
expressionistic,1
expressly,1
extemporarily,1
exteriority,1
exterminator,1
extictions,1
extinguisher,1
extinguishing,1
extortion,1
extrasolar,1
extravagance,1
extravagances,1
extravagant,1
extremaduran,1
extroversion,1
extroverts,1
extruded,1
extrusive,1
exumbrella,1
ey,1
eyeballs,1
eyebrow's,1
eyeglasses,1
eyeless,1
eyeliner,1
eyeopening,1
eyesight,1
eyespot,1
eyewitnesses,1
fabled,1
fabricated,1
fabrication,1
fabula,1
facades,1
facets,1
facie,1
facile,1
facilitated,1
facilitates,1
facilitating,1
facilitation,1
facilites,1
factbook,1
factfile,1
faction's,1
factional,1
factionalism,1
facultative,1
failings,1
faintest,1
fainting,1
faints,1
fairgoers,1
fairing,1
faithfulness,1
fakes,1
fakeup,1
faking,1
falcate,1
fali,1
fallacious,1
falled,1
falsche,1
falsehoods,1
falsifiers,1
falsify,1
fames,1
fanaria,1
fanatic,1
fanaticism,1
fanatics,1
fancier,1
fanciful,1
fanfare,1
fantail,1
fantaisie,1
fantasies,1
fantastical,1
fantastiske,1
farces,1
fared,1
farings,1
farmgirl,1
farmwork,1
farriers,1
farthing,1
fasciatus,1
fascinating,1
fascists,1
fashonable,1
fasten,1
fastener,1
fasteners,1
fastuosa,1
fatalism,1
fatherly,1
fathoms,1
fatness,1
fatten,1
fatwa,1
faucet,1
faucets,1
faun,1
fauns,1
faux,1
favelas,1
favism,1
favours,1
fawns,1
fearsome,1
feasting,1
feasts,1
featherless,1
featherweight,1
feathfoot,1
feats,1
feauting,1
feedstocks,1
felids,1
feline,1
fells,1
felon,1
felsic,1
felsite,1
feminazi,1
femininely,1
fencer,1
fencers,1
fenestrae,1
fenestras,1
fengzu,1
fens,1
fequently,1
fermion,1
fermionic,1
ferrite,1
ferrocene,1
ferrule,1
ferryboat,1
ferryboats,1
ferrying,1
fertilise,1
fertiliser,1
fertilising,1
festival's,1
festoons,1
fet,1
fetched,1
fetches,1
fetching,1
feteer,1
fews,1
fibreglass,1
fibrillation,1
fibrils,1
fibroblasts,1
fictive,1
fidayeens,1
fiduciary,1
fiefdoms,1
fiel,1
fiercely,1
fiesta,1
fifteens,1
fifths,1
fiftieth,1
figs,1
figuratively,1
figurativo,1
figureheads,1
figuring,1
filesystem,1
filesystems,1
filibustered,1
fillets,1
filmmaking,1
fin's,1
finalising,1
finches,1
finder,1
finders,1
fingered,1
fingernail,1
fingerprinted,1
fingerspelling,1
fingertip,1
finishers,1
finitely,1
fipple,1
fireball,1
firestorm,1
firewood,1
firm's,1
firmus,1
firsthand,1
firzan,1
fiscally,1
fischeri,1
fish's,1
fishermen's,1
fishers,1
fishery,1
fishsticks,1
fishtank,1
fissura,1
fissured,1
fissures,1
fitfully,1
fixedness,1
fixings,1
fizz,1
flabby,1
flaccid,1
flag's,1
flagpole,1
flaky,1
flamboyance,1
flamethrower,1
flan,1
flanked,1
flanker,1
flanksthe,1
flapjacks,1
flashed,1
flashlights,1
flashpoints,1
flashy,1
flatcar,1
flatmate,1
flattening,1
flatulence,1
flatworms,1
flautist,1
flavonoids,1
flavored,1
flavorful,1
flavoring,1
flavorings,1
flax,1
fleckeri,1
fledge,1
fledging,1
fledglings,1
fleuves,1
flexagon,1
flexibly,1
flexing,1
flexion,1
flicked,1
flicking,1
flighted,1
flightlessness,1
flimsy,1
flings,1
flintstone,1
flith,1
flocks,1
floe,1
flogged,1
flogging,1
floodbank,1
floodlighting,1
floodlights,1
floodplains,1
floored,1
flopped,1
florensis,1
floresiensis,1
florets,1
floristic,1
florists,1
flossing,1
flotation,1
flowery,1
fluency,1
fluently,1
fluffy,1
fluke,1
fluorescence,1
fluorides,1
fluorosulfonic,1
fluoxetine,1
flush,1
flustered,1
flyable,1
flyweight,1
flywheel,1
foal,1
foaled,1
foals,1
foaming,1
focussing,1
fodder,1
foederata,1
foes,1
foetus,1
foggy,1
fogs,1
foibles,1
foils,1
fol,1
folders,1
foldout,1
foliage,1
foliate,1
foliated,1
folios,1
follicle,1
fondly,1
fondness,1
fontconfig,1
food's,1
foodborne,1
foodscaping,1
foodstuffs,1
football's,1
footballing,1
footballplayers,1
footed,1
footers,1
foothold,1
footlights,1
footmen,1
footpaths,1
footway,1
footwork,1
forage,1
foramen,1
forbearing,1
forbid,1
forbidding,1
forcethe,1
forcings,1
fordable,1
forearms,1
forecasted,1
forecasters,1
forefathers,1
forefront,1
foregoing,1
foregrounds,1
foreigner,1
forelimb,1
foreshock,1
foreshore,1
forestless,1
forewings,1
forex,1
forfeit,1
forfeiting,1
forfeitures,1
forgery,1
forgetful,1
forgetten,1
forhed,1
forklifts,1
forlorn,1
formaldehyde,1
formalism,1
formar,1
formatting,1
formulaic,1
formulate,1
formulating,1
forrid,1
fortalices,1
fortitude,1
forwarded,1
fossana,1
fossilises,1
fossilize,1
fossorial,1
fostered,1
fouled,1
foundation's,1
fourthling,1
fourths,1
fouty,1
fovea,1
fowling,1
fractionation,1
fractures,1
fragility,1
fragmented,1
fragrance,1
frail,1
frais,1
framebuffer,1
framed,1
franchise's,1
franchisor,1
francium,1
frankly,1
frankness,1
frantic,1
frantically,1
fraternizing,1
fraudster,1
fraudulently,1
fraxinea,1
freakish,1
freaks,1
freckles,1
freeded,1
freediving,1
freeskier,1
freestanding,1
freestyling,1
freeware,1
freewheeling,1
freighters,1
frenatus,1
frenulum,1
freon,1
frequentation,1
frequented,1
freshness,1
freshteh,1
fri,1
fricatives,1
frictional,1
frieghter,1
friendlies,1
friendliness,1
frieze,1
frigatebirds,1
frightens,1
frill,1
frills,1
frilly,1
fringes,1
frivolity,1
frivolous,1
frogspawn,1
frolicsome,1
fromage,1
fronds,1
frontage,1
fronting,1
frothy,1
frown,1
fruitcake,1
fruitcases,1
fruitful,1
fruitfulness,1
fruition,1
fruitwood,1
fruli,1
frustrations,1
fuckin,1
fuerte,1
fug,1
fulfil,1
fulfils,1
fullest,1
fullness,1
fullscreen,1
fullsize,1
fulminate,1
fulva,1
fumbles,1
fumigant,1
fumigating,1
fumigation,1
funball,1
functionalities,1
functionally,1
funerals,1
funerary,1
fungivores,1
funnelled,1
funnels,1
funnily,1
fureur,1
furnaces,1
furnished,1
furnishing,1
fusioni,1
future's,1
futures,1
futuristic,1
fylke,1
fylker,1
fz,1
gaat,1
gabbro,1
gabled,1
gadfly,1
gaff,1
gaggle,1
gaim,1
gairaigo,1
gaits,1
galaxy's,1
gallantly,1
galleria,1
galley,1
galling,1
galliyat,1
galls,1
galumphing,1
galvanized,1
galvanometer,1
gaman,1
gambled,1
gamblers,1
gambo,1
gamebook,1
gamefields,1
gamemodes,1
gamengiri,1
gametypes,1
gamle,1
gamos,1
ganganagar,1
gangeticus,1
ganggangsullae,1
gangsterization,1
gantries,1
gaols,1
gapped,1
garcon,1
garej,1
garja,1
garnering,1
garnish,1
garnishing,1
gaseous,1
gasflow,1
gassed,1
gastric,1
gastrointestinal,1
gastronomical,1
gastronomy,1
gastropods,1
gasworks,1
gatekeeper,1
gatherd,1
gatus,1
gauche,1
gauntlets,1
gaupalikas,1
gauze,1
gavit,1
gayageum,1
gazelle,1
gazetteers,1
gazettes,1
gazing,1
gearless,1
gearwheel,1
gegen,1
gehorsame,1
geisha's,1
gelatine,1
gemmules,1
gendered,1
genderless,1
geneal,1
genealogies,1
genealogist,1
geneland,1
generalisations,1
generalize,1
generational,1
generative,1
generically,1
geneticist,1
geneticists,1
genital,1
genitives,1
genographic,1
genteel,1
gentium,1
gentrification,1
geocaches,1
geocaching,1
geocentric,1
geochronology,1
geodetic,1
geograph,1
geographica,1
geoid,1
geologically,1
geometriam,1
gerbils,1
geriatriac,1
geriatric,1
germanischen,1
germinate,1
germinates,1
germination,1
geron,1
gerund,1
gestured,1
gesturing,1
getvalue,1
ghairid,1
ghali,1
gharial's,1
ghilan,1
ghoulish,1
giant's,1
giantess,1
gibibyte,1
gigahertz,1
gigantea,1
giganteus,1
gigantism,1
gigawatt,1
gilli,1
gillnets,1
gimbap,1
gimmicks,1
gingivitis,1
ginseng,1
giornata,1
giostra,1
girder,1
girlband,1
girlfriend's,1
girlfriends,1
giveaway,1
glaber,1
glaciology,1
gladius,1
gladness,1
glamorize,1
glanced,1
glare,1
glasnost,1
glassmakers,1
glassy,1
glazed,1
gleaming,1
glimpses,1
glint,1
glirarium,1
glitch,1
glitches,1
glizzy,1
globalised,1
globefish,1
globin,1
globosis,1
globular,1
gloire,1
glorifies,1
glossy,1
glottalized,1
glottis,1
gluconate,1
gluconeogenesis,1
glucosamine,1
gluing,1
gluten,1
glutens,1
gluteus,1
glutinous,1
glutius,1
glutton,1
glycerin,1
glycerine,1
glycine,1
glycogen,1
glycosylation,1
gnashing,1
gnatha,1
gnathostomulids,1
gnaw,1
gnawed,1
gnaws,1
gneiss,1
gneisses,1
gnomon,1
goalkeeping,1
goalless,1
goaltending,1
goatherds,1
gobernador,1
godhead,1
godlike,1
godly,1
godmother's,1
gojmay,1
goki,1
goldenrod,1
goldenrods,1
goldfinches,1
goldrushes,1
golds,1
goniometer,1
gooey,1
goonography,1
gopichand,1
gordaldo,1
gores,1
gorgon's,1
gorgonopsians,1
gori,1
gorse,1
gorwgl,1
gory,1
gossipy,1
gost,1
gotting,1
gourds,1
gouverment,1
governmennt,1
gowns,1
gracefully,1
graces,1
gracilis,1
graciousness,1
grad,1
graded,1
gradovi,1
gradske,1
gradski,1
graffe,1
grafting,1
grainery,1
gramme,1
gramodhaarana,1
granddad,1
granddaughters,1
grandest,1
grandeur,1
grandmasters,1
grandparent's,1
grandstands,1
graneca,1
granitic,1
granular,1
granules,1
grapefruit,1
grapevines,1
grapheme,1
grapple,1
grasped,1
grasping,1
grasps,1
gratified,1
grating,1
gravely,1
gravettian,1
graveyards,1
gravitons,1
grayer,1
grayscale,1
grazers,1
grbas,1
greaser,1
grebes,1
greenery,1
greening,1
greenways,1
gregariousness,1
grelli,1
gremlin,1
grenadier,1
grewing,1
greyer,1
grida,1
griddle,1
griddlecakes,1
gridlock,1
grido,1
grids,1
grievances,1
grieve,1
grieving,1
grilles,1
grilling,1
grindcore,1
grisbi,1
grise,1
groans,1
grobes,1
groceries,1
grodzki,1
groggily,1
groomed,1
grooved,1
grotto,1
grouchy,1
ground's,1
groundbreaking,1
groundcherries,1
groundnuts,1
groupings,1
groves,1
growers,1
growling,1
groynes,1
grylloblattids,1
gu,1
guampa,1
guang,1
guanine,1
guaranteeing,1
guarantor,1
guard's,1
guardianship,1
guardrail,1
guardrails,1
guerillas,1
guernseys,1
guesthouses,1
guiando,1
guidebooks,1
guideposts,1
guilder,1
guile,1
guitarra,1
gulags,1
gules,1
gulping,1
gummy,1
gun's,1
guna,1
gunfire,1
gunnery,1
gunship,1
gunshots,1
gunslingers,1
gunstock,1
gurdy,1
gushen,1
gushing,1
gusta,1
gustatory,1
gusto,1
gutter,1
gutters,1
guyliner,1
gwneud,1
gyaru,1
gymnos,1
gynecologist,1
gynecology,1
gynoecia,1
gynoecium,1
haudio,1
hcard,1
hcards,1
haasti,1
habaneras,1
habaneros,1
habitability,1
habitation,1
hackamore,1
hacked,1
hacksaw,1
had've,1
hadrosaur,1
hadrosaurid,1
hadrosaurines,1
haemorrhage,1
hafting,1
hag,1
haiku,1
hailstones,1
hairdo,1
hairdressers,1
hairpin,1
hairpins,1
haka,1
hakafot,1
halakhah,1
halali,1
halberd,1
halfpipe,1
halftracks,1
halibut,1
hallowed,1
hallucinates,1
hallucinatory,1
hallucinogenic,1
haloalkane,1
halohydrins,1
halter,1
halteres,1
halucination,1
halved,1
hamata,1
hamburgers,1
hammams,1
hammering,1
hammock,1
hampered,1
hampers,1
handaxe,1
handbag,1
handbell,1
handedness,1
handfast,1
handguns,1
handicaps,1
handicraft,1
handicrafters,1
handkerchief,1
handler,1
handleup,1
handpicked,1
handrails,1
hangar,1
hansatsu,1
hanumangarh,1
hapax,1
hapkido,1
haplodiploid,1
harass,1
harassing,1
harboring,1
hardening,1
hardenness,1
hardens,1
hardships,1
hardtack,1
hares,1
harima's,1
harina,1
harlotries,1
harmfulness,1
harmlessly,1
harmonies,1
harms,1
harnessed,1
harnessing,1
harog,1
harpist,1
harpoons,1
harried,1
harriers,1
harrying,1
harshest,1
hartal,1
hashashim,1
hashmarks,1
hassansin,1
hastae,1
hasty,1
hatcheri,1
hatchling,1
hatchlings,1
hating,1
hatters,1
hauled,1
hauling,1
hauls,1
haunt,1
haunts,1
hausen,1
hautes,1
hawkmoth,1
haya,1
hayaku,1
hayday,1
haydnhaus,1
hayrides,1
hazed,1
head's,1
headbutts,1
headcrest,1
headdress,1
headend,1
headland,1
headline,1
headliner,1
headlong,1
headmen,1
headphone,1
headquarter,1
headroom,1
headscissors,1
headset,1
headsets,1
headshots,1
headstart,1
headway,1
healthly,1
heaps,1
hearers,1
hearsay,1
heartbeats,1
heartbreak,1
heartfelt,1
hearth,1
hearty,1
heaters,1
heave,1
heaves,1
hebephiles,1
hebephilic,1
hebephilically,1
hebophiles,1
hechti,1
heckling,1
hectic,1
hectocotylus,1
hederellids,1
heed,1
heidelbergensis,1
heigh,1
heightened,1
heinous,1
heists,1
heliocentric,1
helipad,1
hellfire,1
hellmouths,1
helmsman,1
helois,1
helplessly,1
helpme,1
helsetjeneste,1
hem,1
hematomas,1
heme,1
hemispheres,1
hemophiliacs,1
hemorrhage,1
hemotoxic,1
hems,1
henchman,1
hepatic,1
heptarchy,1
heptathlon,1
heralded,1
herbicides,1
herbivory,1
herculean,1
herded,1
hereditarily,1
herein,1
heresies,1
heritages,1
herma,1
hermetic,1
hero's,1
heroics,1
herpetile,1
hesitating,1
hesitations,1
hesperidium,1
heterocyclic,1
heterodont,1
heterodontosaurid,1
heteropolymer,1
heterospecific,1
heterostructure,1
heterozooids,1
heuristic,1
hexachlorocyclopentadiene,1
hexadecachoron,1
hexafluorophosphate,1
hexafluorophosphates,1
hexagonal,1
hexahexaflexagon,1
hexameter,1
hexaploid,1
hexavalent,1
hibernates,1
hidalgos,1
hiedra,1
hierarch,1
hieratic,1
hieroglyph,1
hieroglyphs,1
highbrow,1
highschool,1
hight,1
highway's,1
hijra,1
hijras,1
hikikomori,1
hilarious,1
hillclimb,1
hilli,1
hilltop,1
hillwalker's,1
hillwalking,1
himalayensis,1
himatia,1
himmelen,1
hindwing,1
hiney,1
hing,1
hinge,1
hinted,1
hippagogoi,1
hippie,1
hippocampal,1
hippocampi,1
hippopotami,1
hisses,1
histocompatibility,1
histoires,1
histology,1
histor,1
hitmen,1
hitobito,1
hives,1
hmmmmmm,1
hoagie,1
hoarding,1
hoarse,1
hobbyist,1
hobbyist's,1
hoffish,1
hogs,1
hoistway,1
hoistways,1
holdases,1
holder's,1
hole's,1
holidaying,1
holistic,1
hollandaise,1
holoprosencephaly,1
holothurians,1
homegirl,1
homegrown,1
homelessness,1
homemaking,1
homeobox,1
homeostasis,1
homepages,1
homeplace,1
homesickness,1
homesteading,1
homicides,1
homilies,1
hominids,1
hominins,1
homodesmotic,1
homoerotic,1
homogeneous,1
homonym,1
homonyms,1
homophobes,1
homopolymer,1
homosocial,1
homozygote,1
honed,1
honeybee,1
honeycombed,1
honeycombs,1
honk,1
hoodie,1
hoodies,1
hoofed,1
hooflike,1
hookahs,1
hooky,1
hoos,1
hoots,1
hopeless,1
hopelessly,1
hoplite,1
hopped,1
hoppers,1
hops,1
horde,1
hordes,1
hormonal,1
hornbill,1
hornworms,1
horological,1
horrendous,1
horribly,1
hors,1
horsemanship,1
horsetooth,1
horticulturist,1
hospitalised,1
hospitalizations,1
hostname,1
hotbed,1
hotcakes,1
hoteliering,1
hotly,1
hotshot,1
hotspot,1
hotstrings,1
householders,1
housekeeping,1
housemaids,1
housess,1
housework,1
hovercraft,1
hovering,1
howitzers,1
howlers,1
hrs,1
hubris,1
hues,1
huffing,1
hugging,1
hugs,1
hulks,1
hulls,1
humanity's,1
humankind,1
humankind's,1
humanlike,1
humanly,1
humanoids,1
humbled,1
humbler,1
humeral,1
humiliation,1
humita,1
humming,1
hummingbird's,1
hummingbirds,1
humpy,1
hundredth,1
hurdle,1
hurdy,1
hurricanrana,1
hurtful,1
husk,1
huslegen,1
hustings,1
hustler,1
huxleii,1
huxleyi,1
hyacinth,1
hyaenodontids,1
hybridisation,1
hybridizations,1
hydrargillite,1
hydrargyllite,1
hydrate,1
hydrates,1
hydration,1
hydriodic,1
hydrochloride,1
hydrodynamic,1
hydroelectric,1
hydrogenated,1
hydrogenation,1
hydrogenations,1
hydrogenosomes,1
hydrogens,1
hydrographica,1
hydroiodic,1
hydrolysis,1
hydronium,1
hydrophobic,1
hydrophone,1
hydroplane,1
hydroponics,1
hydrothermally,1
hydroxyapatite,1
hydroxychloroquine,1
hygene,1
hygiene,1
hygienic,1
hygroscopic,1
hyle,1
hyong,1
hyperactive,1
hyperactivity,1
hyperbaric,1
hyperbola,1
hyperbolas,1
hypergamy,1
hypermedia,1
hypernym,1
hyperoliids,1
hyperopia,1
hyperparasitoid,1
hyperpyramid,1
hyperreal,1
hypersomnias,1
hypertensions,1
hyperthermophiles,1
hypertonia,1
hyperuremia,1
hypervigilance,1
hypervisor,1
hyphenated,1
hyphenating,1
hyphenation,1
hypnotist's,1
hypnotize,1
hypnotized,1
hypnotizing,1
hypocrisy,1
hypocritical,1
hypoglossal,1
hypospermia,1
hypotenuse,1
hypoxia,1
hypsilophodonts,1
hysterectomy,1
hysterical,1
iexperience,1
ifm,1
igoogle,1
iheart,1
imac,1
inews,1
ipados,1
iphones,1
isight,1
ibis,1
ibuprofen,1
icebox,1
icebugs,1
icelandics,1
ich,1
ichinomiya,1
ichthyosaur,1
icing,1
ick,1
iconoclasm,1
iconoclasts,1
iconographic,1
icosahedral,1
icterid,1
icumen,1
idakka,1
idealised,1
ideation,1
identifiers,1
ideograms,1
idiotic,1
idiots,1
idleness,1
idly,1
idol's,1
idolatrous,1
idolatry,1
idolized,1
idylls,1
ification,1
ignimbrites,1
ignoratio,1
iguanodontian,1
ij,1
ijtihad,1
ijusha,1
ikastola,1
iktar,1
iland,1
iliac,1
illaquas,1
illegible,1
illegitimacy,1
illuminated,1
illusioni,1
illusory,1
imaged,1
imaginable,1
imaginations,1
imaginatively,1
imitations,1
immaterial,1
immates,1
immensely,1
immigrations,1
immobile,1
immobilize,1
immoderate,1
immorality,1
immun,1
immunizations,1
immunize,1
immunogen,1
immunogenic,1
immunological,1
immunologically,1
immunoreceptor,1
imn,1
impairing,1
impairments,1
impala,1
impaling,1
impart,1
impassable,1
impatience,1
impeach,1
impediments,1
imperfecta,1
imperfections,1
imperfective,1
imperialists,1
imperiled,1
imperium,1
impermeable,1
impersonate,1
impersonators,1
impervious,1
implanting,1
implementer,1
implication,1
imponente,1
importanat,1
importation,1
importing,1
imposes,1
imposible,1
imposition,1
impossibilities,1
impossibility,1
imposssibly,1
impoundments,1
impoverished,1
imprecise,1
impregnable,1
impressment,1
imprison,1
improviser,1
improvising,1
impune,1
impure,1
impurity,1
imu,1
inhg,1
insuggest,1
inabilities,1
inaccessibility,1
inaccuracies,1
inactivated,1
inactivity,1
inalienable,1
inboard,1
inbreeding,1
incalculable,1
incandescent,1
incapable,1
incarcerated,1
incarceration,1
incarnated,1
incarnates,1
incarnations,1
incertae,1
incessant,1
incest,1
incestophile,1
incestualist,1
incharge,1
incisional,1
incite,1
inclination,1
inclined,1
inclonclusive,1
includingel,1
inclusions,1
incomes,1
incommensurability,1
incompatibilities,1
incompletely,1
incomprehensible,1
inconsistency,1
incontri,1
inconvertible,1
incorporating,1
incredulous,1
incremental,1
increments,1
incriminates,1
incude,1
incumbents,1
incunables,1
incur,1
incus,1
incwala,1
indebtedness,1
indecency,1
indecent,1
indecisive,1
indefinable,1
indelible,1
indemnification,1
indentured,1
indentures,1
indepedent,1
indepedently,1
independentist,1
indescribable,1
indeterminate,1
indexed,1
indicative,1
indicators,1
indices,1
indicum,1
indiennes,1
indigestible,1
indigestion,1
indirection,1
indiscriminately,1
indium,1
individualistic,1
indivisible,1
indol,1
inductees,1
inductions,1
inductive,1
inductor,1
indulged,1
indulges,1
industrialist,1
industrially,1
industriel,1
industriy,1
inebriation,1
ineffectual,1
ineligible,1
inertia,1
inexact,1
inexorable,1
inexpressible,1
infanthood,1
infantile,1
infantryman,1
infared,1
infatuated,1
infecting,1
inference's,1
inferiority,1
infertility,1
infest,1
infibulation,1
infidelity,1
infiltrates,1
infinitesimal,1
infinitesimals,1
infinitum,1
infirm,1
infixes,1
inflates,1
inflatons,1
inflicting,1
inflicts,1
influencer,1
influentials,1
infoldings,1
informaiton,1
informative,1
informe,1
informing,1
infractions,1
infrapyramidal,1
infrastructures,1
infuence,1
infuenced,1
infulance,1
infusions,1
ingeneis,1
ingenuity,1
ingenuous,1
ingrained,1
inhabitable,1
inhabitant,1
inhabiting,1
inhaling,1
inheritor,1
inhibiting,1
inhibitions,1
inhibitor,1
inhomogeneous,1
inhospitable,1
inimitable,1
initiations,1
initio,1
injects,1
injera,1
inka,1
inkjet,1
inlaid,1
inlets,1
inn's,1
innagurated,1
innerhtml,1
innkeeper,1
innocuous,1
innucables,1
innumerable,1
inputting,1
inquilinos,1
inquired,1
inquiries,1
insectarium,1
insectivores,1
inselberg,1
insemination,1
insensitive,1
inseparable,1
insertion,1
insinuate,1
insistence,1
insisting,1
insolent,1
insolitis,1
insoluble,1
insomnia,1
insomniacs,1
inspections,1
inspector's,1
inspects,1
inspirited,1
installable,1
installers,1
installs,1
instantaneous,1
instants,1
instars,1
instigation,1
instinctively,1
institute's,1
instituting,1
institution's,1
institutionalized,1
instruct,1
instructing,1
instructs,1
instrumentalists,1
insular,1
insulated,1
insulted,1
insurers,1
insurgents,1
insurrectional,1
insurrections,1
integumentary,1
intellectual's,1
intellectually,1
intelligible,1
intend,1
intensely,1
intensifying,1
intensively,1
intentially,1
interbedded,1
interbreed,1
interbreeding,1
intercalation,1
intercede,1
intercensal,1
interception,1
interchanges,1
intercom,1
interdependent,1
interdict,1
interferences,1
interferes,1
interferometer,1
interglacial,1
interhalogens,1
interlock,1
intermarried,1
intermediaries,1
intermediary,1
intermediates,1
intermembrane,1
intermission,1
intermittent,1
intermixed,1
internacia,1
internally,1
internationalism,1
internationalization,1
internationals,1
internatonal,1
interneurons,1
internships,1
interoception,1
interoperability,1
interpersonal,1
interphase,1
interred,1
interregum,1
interrogate,1
interrogated,1
interrogation,1
interrogations,1
interrogative,1
interrupting,1
interruptions,1
intersperse,1
intertwine,1
intervened,1
intervening,1
interviewee,1
interviewer,1
intifada,1
intil,1
intimidated,1
intimidating,1
intimidation,1
intolerances,1
intoxicant,1
intoxication,1
intransitive,1
intransparent,1
intrequel,1
intricately,1
intrigues,1
intriguing,1
intron,1
introversion,1
introverted,1
intrusive,1
intubation,1
intuitive,1
invalid,1
invaluable,1
invanted,1
invariant,1
inventories,1
inverosimilitud,1
inverses,1
inversions,1
invertebrate,1
investiture,1
invests,1
invigorated,1
inviting,1
invocation,1
involunatary,1
involuntarily,1
involuting,1
iodate,1
iodides,1
iodopsins,1
ionize,1
ionized,1
ionosphere,1
iqadi,1
iraimbilanja,1
ircd,1
iridescent,1
iron's,1
ironclad,1
ironclads,1
ironwood,1
irredentist,1
irredentists,1
irreducible,1
irregularities,1
irregularity,1
irreligious,1
irreversible,1
irrigated,1
irritable,1
irritant,1
irritates,1
irritations,1
irruption,1
ischemic,1
isease,1
iskwew,1
islet,1
isms,1
isocanates,1
isodomum,1
isoexception,1
isomerism,1
isometric,1
isopropanol,1
isothermal,1
isothermality,1
isotropic,1
issba'a,1
issuance,1
issuer,1
issuers,1
it'd,1
italicized,1
itching,1
iterations,1
iterative,1
ivies,1
jabbing,1
jackfruit,1
jackpot,1
jag,1
jahovas,1
jangled,1
japonica,1
jarana,1
jarg,1
jatropha,1
jawbones,1
jawed,1
jawtip,1
jealousies,1
jedna,1
jeeps,1
jeg,1
jejunum,1
jejunus,1
jell,1
jeno,1
jerk,1
jerking,1
jerky,1
jetlag,1
jeune,1
jeweler,1
jewelers,1
jianpu,1
jianzi,1
jig,1
jigsaws,1
jihadi,1
jilting,1
jingles,1
jingling,1
jink,1
jinxed,1
jirgas,1
jism,1
jittering,1
jizz,1
jnoajvpewjgojrgirjevevejvjeiqpcsplcm,1
jog,1
jogging,1
joiners,1
joked,1
jokers,1
jolts,1
jongga,1
joropo,1
joules,1
journaling,1
journalistic,1
jousting,1
jovial,1
joyeuse,1
judgments,1
judicature's,1
juggled,1
juggler,1
jugular,1
juicier,1
jujube,1
jumble,1
jumbled,1
jumpsuit,1
junctors,1
jungen,1
junk,1
junks,1
juried,1
juries,1
jurisdictional,1
justification,1
justifies,1
juxtaposition,1
khz,1
kn,1
kwp,1
kabbas,1
kafana,1
kafanas,1
kaffir,1
kaidan,1
kaikai,1
kaki,1
kakon,1
kalandjai,1
kaleo,1
kalonji,1
kamaboko,1
kamer,1
kamon,1
kampaku,1
kamuy,1
kangaroo's,1
kannibaler,1
kaon,1
kaparda,1
kapok,1
kappa's,1
karmesic,1
karst,1
karsts,1
katan,1
katharos,1
kavus,1
kayaker,1
kayfabe,1
kebabs,1
kebap,1
keekaf,1
keel,1
keelhauling,1
keenly,1
keepers,1
keets,1
kelp,1
keratin,1
kermakakku,1
kernels,1
kernos,1
ketogenic,1
kettles,1
keyboardless,1
keyframes,1
keylogger,1
keypad,1
keypress,1
keyring,1
keystream,1
keyword,1
khachkars,1
khada,1
khail,1
khanas,1
khanate,1
khans,1
kharvela,1
khash,1
khoso,1
khreyn,1
khujechi,1
khuur,1
kickedinthegroin,1
kicker,1
kickflips,1
kid's,1
kidding,1
kidnapper,1
killi,1
kiln,1
kilo,1
kilocalories,1
kiloliter,1
kilolitre,1
kilometeres,1
kilos,1
kilowatts,1
kinase,1
kinda,1
kindergartens,1
kindest,1
kindhearted,1
kindly,1
kinetical,1
kinetoscope,1
kingbird,1
kingship,1
kingside,1
kink,1
kiri,1
kirimon,1
kiskadee,1
kisser,1
kite's,1
kithara,1
kladogenesis,1
klauberi,1
kleen,1
klepto,1
kleptocracy,1
kleptoparasites,1
kleptoplasty,1
klinein,1
kmph,1
knack,1
knacks,1
knappers,1
knead,1
kneecap,1
kneel,1
knelt,1
knick,1
knife's,1
knighting,1
knnown,1
knobbly,1
knobby,1
knobs,1
knockouts,1
knols,1
knower,1
knowns,1
knwon,1
kob,1
kobo,1
kokuji,1
kolkhozes,1
komissiya,1
komusubi,1
konacha,1
konbini,1
konstituierender,1
kookaburra,1
korai,1
kore,1
koreensis,1
koronco,1
koruna,1
kosher,1
kosi,1
kosode,1
kotari,1
kotoba,1
kouroi,1
kouros,1
kph,1
kraabu,1
kraits,1
kraj,1
krater,1
kreisfreie,1
krinein,1
kroner,1
kronor,1
kruidsubst,1
krupuk,1
kshetra,1
kubernete,1
kuccha,1
kuchi,1
kuiaratame,1
kumara,1
kumbaru,1
kun'yomi,1
kuna,1
kuras,1
kurma,1
kushtagi,1
kvarono,1
kvass,1
kwanza,1
kyanite,1
kytarou,1
l'ain,1
l'ilet,1
l'inini,1
l'ortf,1
l'opera,1
l'orangerie,1
l'x,1
l'administration,1
l'antenna,1
l'embrasse,1
l'environnement,1
l'herbe,1
l'image,1
l'onore,1
l'opere,1
label's,1
labelling,1
labium,1
laborers,1
laborious,1
laboured,1
labourers,1
labradorite,1
labrynth,1
lace,1
laceration,1
lacerations,1
lacessit,1
lacrimal,1
lactate,1
lactating,1
lactation,1
lactobacillus,1
ladybeetle,1
ladylike,1
laevis,1
lageniformis,1
lahar,1
lahars,1
lairs,1
laked,1
lakh,1
laks,1
lamasery,1
lamella,1
laminated,1
laminates,1
lancers,1
landfalls,1
landfill,1
landforms,1
landline,1
landlocked,1
landmasses,1
landscaping,1
landskap,1
lanolin,1
lanterns,1
lanthanoids,1
laosensis,1
laparotomies,1
lapel,1
lapse,1
lard,1
lare,1
largemouth,1
largets,1
lariat,1
laricina,1
larnerns,1
lasagna,1
lasers,1
lass,1
latches,1
lateen,1
latencies,1
lateness,1
laterite,1
laterna,1
laticaudus,1
lative,1
latrine,1
latrines,1
latter's,1
latters,1
lattice,1
laudable,1
laulu,1
laundered,1
laundering,1
laurasiatherian,1
laurea,1
lavatory,1
lavished,1
lawer,1
lawfully,1
lawmaking,1
lawnchair,1
lawyer's,1
lax,1
laziness,1
lazuli,1
lbf,1
leaderboards,1
leaderless,1
leadout,1
leafcutter,1
leafhoppers,1
leaguers,1
leaned,1
leanings,1
leans,1
leapers,1
leapling,1
learnings,1
leash,1
leasons,1
leathers,1
leavers,1
lecturing,1
ledges,1
leeches,1
leet,1
leftist,1
leftover,1
leftovers,1
legacies,1
legalisation,1
legalise,1
legality,1
legalizing,1
legate,1
legatine,1
legend's,1
legendaries,1
leggera,1
legion's,1
legionaries,1
legislate,1
legitimacy,1
legomenon,1
legside,1
legsweep,1
legumes,1
leihouba,1
leipekpa,1
leipiba,1
leishabis,1
leishem,1
leitai,1
leks,1
lemons,1
lends,1
leniency,1
lensing,1
lenticular,1
lepidurus,1
leporinum,1
leptosporangiate,1
lesa,1
lessening,1
lessens,1
lessor,1
lest,1
letterboxing,1
lettered,1
lettuce,1
leucine,1
leuconoid,1
levee,1
leveling,1
levelling,1
levying,1
lexicology,1
liabilities,1
libelous,1
liberalisation,1
liberate,1
libgaim,1
libpurple,1
libretti,1
librettos,1
licences,1
lichens,1
licked,1
lickin,1
licking,1
lien,1
lienee,1
lieutenancy,1
lieutenent,1
lifeless,1
lifes,1
lifesaver,1
lifespans,1
liftoff,1
ligaments,1
ligatures,1
lightcurves,1
lighted,1
lighthearted,1
lighthouses,1
lightweightspears,1
lignin,1
ligure,1
lihapullat,1
likable,1
likened,1
limbei,1
limbing,1
limbless,1
limitations,1
limon,1
limped,1
limpet,1
limpets,1
line's,1
liners,1
lineups,1
linga,1
lingas,1
lingering,1
lingers,1
lingo,1
lingual,1
linguistically,1
linkway,1
lintels,1
liposuction,1
liquifying,1
lisp,1
listlessness,1
literals,1
lithograph,1
litters,1
livelihoods,1
liveliness,1
liverworts,1
ljubavi,1
ll,1
llama,1
llena,1
lnfluence,1
loader,1
loam,1
loaning,1
loansharking,1
loathe,1
loathing,1
lobbyists,1
localation,1
localised,1
localization,1
location's,1
locha,1
lockbox,1
lockdowns,1
lockers,1
lockout,1
lockup,1
locomotion,1
locusts,1
loe,1
loess,1
logged,1
logia,1
logicians,1
logistical,1
logwood,1
loincloths,1
lokum,1
lollipop,1
lolo,1
longa,1
longaeva,1
longbarders,1
longed,1
longhaired,1
longicaudata,1
longirostris,1
longlegs,1
longlines,1
longlist,1
longstanding,1
longyin,1
lonians,1
looketh,1
lookup,1
looming,1
looms,1
loosen,1
loosening,1
looser,1
loosing,1
looted,1
looting,1
lophophores,1
lopsided,1
lorica,1
lorikeet,1
loris,1
lorocco,1
lorries,1
lorry,1
lot's,1
louche,1
loudness,1
loupe,1
louse,1
lovable,1
loveliest,1
lover's,1
lovestruck,1
lovingly,1
lowers,1
lowly,1
lowness,1
lowrider,1
lowveld,1
lox,1
loyally,1
loyalness,1
lozenges,1
lsb,1
lslamic,1
lubricants,1
lubricated,1
luchadors,1
ludicrous,1
lug,1
lugs,1
lukea,1
lukeminen,1
lullabies,1
lumbar,1
lumberjack,1
luminaries,1
luminescence,1
luminescent,1
lumpenproletariat,1
lumps,1
lungfish,1
lungo,1
luscious,1
lushness,1
luster,1
lusts,1
luthiers,1
luxuries,1
lxiii,1
lymphatic,1
lymphocytes,1
lymphoma,1
lynching,1
lyoni,1
lysates,1
lyved,1
mtor,1
mace,1
maceration,1
machaira,1
machi,1
machine's,1
macroadenomas,1
macrodactyla,1
macroeconomics,1
macroenvironmental,1
macroevolution,1
macrophage,1
macrophages,1
macropod,1
macroregion,1
macroscopic,1
macrostate,1
macrosystem,1
maculatum,1
maculatus,1
madarasaa,1
madarsa,1
maddened,1
madrasah,1
madrassa,1
madrasseh,1
madraza,1
maestoso,1
mage,1
magellanic,1
maggot,1
magi,1
magica,1
magnesian,1
magnetization,1
magnetized,1
magnetopause,1
magnetoresistance,1
magnetospheres,1
magniventris,1
maguey,1
mahogany,1
mahout,1
mails,1
mainframe,1
mainframes,1
mainlines,1
mainspring,1
mainstay,1
maintainer,1
maintaing,1
maire,1
maitre,1
majori,1
majorities,1
maker's,1
makeshift,1
malarial,1
malformed,1
malfunction,1
malice,1
maligned,1
malingering,1
mall's,1
malle,1
malleable,1
malleus,1
malma,1
malnurished,1
malt,1
mammalogist,1
mammogram,1
mammoths,1
manageable,1
manbulge,1
manche,1
mandarins,1
mandible,1
mandibles,1
mane,1
maned,1
maner,1
maneuverable,1
mangaka,1
mangas,1
mangrove,1
mangroves,1
manhole,1
manicure,1
manifesting,1
manifestly,1
manifests,1
manipulating,1
manipulations,1
manipulators,1
manliness,1
mannequin,1
mannerisms,1
manoeuvres,1
manoir,1
mans,1
mansaf,1
mant,1
manteau,1
manticore,1
mantlepiece,1
manzai,1
maraging,1
marbles,1
marcher,1
marchioness,1
mard,1
margariana,1
margay,1
marginally,1
marionettes,1
markazi,1
markedly,1
marketer,1
marksmen,1
marmoratus,1
marquess's,1
marriageable,1
marrie,1
marrieged,1
marshmallows,1
martensite,1
martyrdom,1
marvels,1
marzipan,1
masa,1
mascot's,1
mash,1
mashed,1
mashing,1
mashups,1
masjids,1
masoni,1
masquerade,1
massacres,1
mastaba,1
masted,1
masterful,1
mastermind,1
masturbate,1
masturbating,1
matchday,1
matchlock,1
mateine,1
materia,1
materialists,1
materiel,1
mathematicus,1
maths,1
matings,1
matins,1
matriarch,1
matricide,1
matriculation,1
matrimonial,1
matroneum,1
matroneums,1
matross,1
mats,1
matted,1
matter's,1
maturing,1
maul,1
mauls,1
mauve,1
mauveine,1
mauzas,1
maverick,1
maxilla,1
maxillopodans,1
maximization,1
maximized,1
mayflies,1
maynot,1
mayof,1
mdash,1
meadowlark,1
meager,1
mealworms,1
meander's,1
meanness,1
measurers,1
meatballs,1
meatloaf,1
mechanism's,1
mechanistic,1
mechanized,1
medallion,1
media's,1
medial,1
mediate,1
mediated,1
mediates,1
mediating,1
mediators,1
mediocre,1
meditated,1
mediums,1
medius,1
medkits,1
medresa,1
medullary,1
medusae,1
megabi,1
megafires,1
megalithic,1
megalocyathus,1
megamouth,1
megastar,1
megavolts,1
meine,1
meinem,1
meitnerium,1
mej,1
meju,1
melancholy,1
melange,1
melanic,1
melanin,1
melanistic,1
melanophrys,1
melds,1
melittology,1
mellifera,1
mellifica,1
melodramatic,1
melons,1
meltwater,1
memetic,1
memorabilia,1
memorably,1
memorize,1
memos,1
menacing,1
mendicants,1
menhir,1
meningoencephalitis,1
menorah,1
menses,1
mentalcels,1
mentalism,1
mentionings,1
mentored,1
mentoring,1
mentorship,1
merchanise,1
mergxer,1
meriting,1
meritocracy,1
merozoite,1
merrily,1
merriment,1
merry,1
merrymakers,1
mes,1
meshed,1
mesmerizing,1
mesophyte,1
mesosphere,1
mesotrophic,1
messed,1
messess,1
mest,1
metabolize,1
metabolizes,1
metacarpals,1
metacarpophalangeal,1
metadata,1
metallogeny,1
metallurgist,1
metallurgists,1
metalware,1
metamers,1
metamorphism,1
metamorphosed,1
metaphorical,1
metaphysical,1
metazoan,1
meted,1
metered,1
methaqualone,1
methylcellulose,1
methylcyclopentadienyl,1
methylene,1
meticulousness,1
metrication,1
meykhana,1
miasma,1
mice's,1
michaeli,1
microadenomas,1
microarchitecture,1
microbes,1
microchannel,1
microchannels,1
microchips,1
microcircuits,1
microcredit,1
microevolution,1
microflies,1
micrograph,1
microhylids,1
microinstruction,1
microlithic,1
micrometres,1
micromirror,1
micronation,1
microneedle,1
micronutrient,1
microoganism,1
microprogram,1
microscopical,1
microscopist,1
microsize,1
microsleeps,1
microsporangium,1
microstates,1
microstructure,1
microtechnology,1
microtiter,1
microtuning,1
mics,1
midfielders,1
midline,1
midsection,1
midshipman,1
midterm,1
midterms,1
midwifes,1
miele,1
mifepristone,1
mignonnes,1
mihrab,1
miilon,1
mijn,1
milfoil,1
mililon,1
militarized,1
military's,1
milks,1
milkweed,1
milled,1
millets,1
milligram,1
milliliter,1
millilitre,1
milliners,1
milling,1
millisecond,1
millstones,1
mimetic,1
mimicked,1
mimivirus,1
minced,1
mindful,1
mindfulness,1
mindless,1
mindset,1
mineshaft,1
minghang,1
minichannels,1
minigame,1
minima,1
minimalist,1
minimise,1
minimises,1
minimizing,1
minimums,1
minions,1
ministered,1
ministerial,1
ministre,1
minitry,1
mink,1
minte,1
mints,1
minty,1
minuet's,1
minutemen,1
minutus,1
miraculously,1
mirroring,1
mirthful,1
misandry,1
misasagi,1
misbehavior,1
miscarriages,1
miscarried,1
mischief,1
miscible,1
miscommunication,1
misconception,1
misconducts,1
misconstrued,1
misdemeanor,1
misdialed,1
miser,1
miserablity,1
miserably,1
misfired,1
misfolded,1
misgovernment,1
misheard,1
misinformation,1
misinformed,1
misinterpretations,1
mislabeled,1
mismanagement,1
mismatched,1
misoprostol,1
misplace,1
misplay,1
missa,1
missles,1
misspelling,1
misspelt,1
mistaking,1
mistaks,1
mistletoes,1
mistreated,1
mistreatment,1
mistrust,1
mistrusted,1
misunderstand,1
mitho,1
mithral,1
mitochondria,1
mitosporic,1
mitral,1
mitzvot,1
mixable,1
mjesni,1
mnom,1
mnw,1
moan,1
moaned,1
moas,1
moat,1
moats,1
mobilising,1
mobilize,1
mobilized,1
moccasins,1
mochi,1
mocking,1
mockingbirds,1
modaks,1
modalities,1
modellers,1
moderated,1
moderating,1
moderator,1
modernisation,1
modernise,1
moderns,1
modifier,1
modifying,1
mods,1
modularly,1
modulate,1
modulates,1
modulator,1
modulo,1
modulus,1
moguls,1
mohajirs,1
moieties,1
moistened,1
moistening,1
moisturized,1
moisturizing,1
moj,1
mojito,1
molad,1
molars,1
molasses,1
molded,1
moles,1
molestations,1
molle,1
mollis,1
mollissima,1
molt,1
molting,1
molto,1
momentarily,1
momentary,1
momiji,1
moms,1
monastaries,1
monazite,1
monera,1
moneylender,1
moneymaker,1
moneymakers,1
monied,1
monies,1
moniker,1
monilophytes,1
monistic,1
monists,1
monkey's,1
monocalcium,1
monocle,1
monocoque,1
monocotyledons,1
monody,1
monogamy,1
monograph,1
monophonic,1
monophthongs,1
monophyly,1
monopoles,1
monopolies,1
monopolize,1
monos,1
monosaccharide,1
monotheistic,1
monotonic,1
monstrance,1
moo,1
moonless,1
moonsault,1
moonshine,1
moonstone,1
moot,1
mora,1
moraines,1
moralist,1
moralizing,1
morcenais,1
morganatically,1
morgue,1
morin,1
morinkhuur,1
morn,1
morningsun,1
morph,1
morphers,1
morphine,1
morphogenetic,1
morphologically,1
morphs,1
morschen,1
mortadella,1
mortgaged,1
mortgagee,1
mortgages,1
mortified,1
mortis,1
mosquitofish,1
mosquitos,1
mostri,1
mothballs,1
motherhood,1
motivates,1
motivations,1
motivators,1
motorable,1
motorail,1
motorboats,1
motorcars,1
motorcyclist,1
motorist,1
motorists,1
motorization,1
motus,1
mou,1
moulded,1
mouldy,1
moult,1
moulting,1
mountaineering,1
mountaintop,1
mounting,1
mourned,1
mournfully,1
moused,1
mouthparts,1
mov,1
movers,1
moveset,1
moviemaker,1
moviemaking,1
moviess,1
mowers,1
moxibustion,1
mudbrick,1
muddling,1
mudflat,1
mudras,1
mudrocks,1
mudskippers,1
mudslides,1
mudstones,1
muertos,1
muette,1
muffles,1
mugger,1
muggles,1
muhafazah,1
mukims,1
mukku,1
mulattoes,1
mulch,1
multibase,1
multidirectional,1
multifiliis,1
multigraph,1
multilayer,1
multilevel,1
multimeter,1
multiparty,1
multiplatino,1
multiplex,1
multipliers,1
multirole,1
multitask,1
multituberculates,1
multocida,1
mumbled,1
mumbling,1
mummifying,1
mundanity,1
mundi,1
municipalites,1
muove,1
murage,1
mural,1
muralist,1
murals,1
murderd,1
murici,1
murine,1
muroid,1
muros,1
murtis,1
muruci,1
muscled,1
musicale,1
musicality,1
musicologist,1
musicologists,1
musics,1
musikalische,1
muskeg,1
musketman,1
muskies,1
muskrats,1
musophobia,1
mussel,1
mustaches,1
mustards,1
mustn't,1
mutagenesis,1
mutate,1
muted,1
mutinied,1
mutinies,1
mutts,1
mutualism,1
mutualistic,1
muy,1
muzzleloader,1
mycelium,1
mycobacteria,1
mycology,1
myiasis,1
myocardial,1
myoelectric,1
myometrium,1
myotomes,1
myr,1
myriapods,1
mythic,1
mythril,1
myxoma,1
naagin,1
nach,1
nad,1
nagamaki,1
naginata's,1
nagmani,1
naiads,1
nailed,1
nakayamai,1
nakharars,1
namedmalaya,1
nameed,1
nameless,1
namespace,1
namiguj,1
namimg,1
nanche,1
nancite,1
nanocrystal,1
nanosecond,1
nanotechnological,1
naphthalene,1
napolitains,1
napu,1
narcissist,1
narode,1
narrating,1
narrowing,1
nasczokinii,1
nasuta,1
nationalistic,1
nationalized,1
nationalteam,1
natsume,1
naturae,1
naturalised,1
naturalistic,1
natured,1
naturelle,1
natures,1
naturists,1
naught,1
nausea,1
navaratnas,1
nave,1
navians,1
navigators,1
nawahi,1
naxarars,1
nazvaniya,1
nd,1
neared,1
nearing,1
nearness,1
nebular,1
neccessary,1
necessitate,1
necklace,1
neckline,1
neckties,1
necropolis,1
nectaries,1
needlessly,1
needlework,1
needn't,1
negativity,1
negaunee,1
neglecta,1
neglecting,1
negligent,1
negotiation,1
negotiator,1
negotiators,1
neighboured,1
neighourhoods,1
nelfies,1
nematogens,1
neocortex,1
neolatin,1
neopaganism,1
nephrite,1
nephropathy,1
nephrosis,1
nerdtron,1
nerdy,1
nester,1
nestmates,1
nether,1
netizen,1
netlabel,1
netminding,1
netting,1
neumes,1
neurodevelopmental,1
neurofeedback,1
neuroma,1
neuronal,1
neurophysiology,1
neuropsychiatry,1
neuropsychologic,1
neurosurgery,1
neurotics,1
neurotoxin,1
neurotrophic,1
neuseis,1
neuter,1
neutralisation,1
neutralize,1
neutrino,1
newborns,1
newlyweds,1
newscaster,1
newsgroups,1
newspaperfrom,1
newt,1
ngay,1
niacin,1
nibbled,1
nicely,1
nicer,1
nicest,1
niches,1
nicked,1
nicotinic,1
nictitating,1
nieces,1
nigahiga's,1
nightgown,1
nighth,1
nightly,1
nightmarish,1
nigra,1
nigrum,1
nihal,1
nimaime,1
nimbostratus,1
nineties,1
niqab,1
nitrates,1
nitroglycerin,1
nitroglycerine,1
nitrous,1
niurou,1
nivalis,1
njegova,1
nobable,1
noblest,1
nobly,1
noctilucae,1
nodal,1
nodosaurid,1
nods,1
nodular,1
noisily,1
nomad,1
nomadically,1
nomarchs,1
nomes,1
nominally,1
nonalcoholic,1
nonbinary,1
nonchalance,1
nonchalantly,1
noncompliant,1
nonconformist,1
nonconvex,1
noncooperation,1
noncrystalline,1
nondenominational,1
nondeterminism,1
nonet,1
nonfood,1
nongdai,1
nonglum,1
nongovernment,1
nongritty,1
nonhunted,1
nonlinear,1
nonmetals,1
nonna,1
nonpartisan,1
nonperforming,1
nonprofits,1
nonradioactive,1
nonreactive,1
nonreligious,1
nonsmoking,1
nonstate,1
nonsymmetric,1
nontonal,1
nontoxic,1
nonzero,1
noob,1
noone,1
noraebang,1
norbornadiene,1
normalizing,1
normatively,1
norsk,1
northbound,1
northeasterly,1
northeastwards,1
northwards,1
northwestward,1
norvegica,1
nosebleed,1
nostalgic,1
nostru,1
nosy,1
notability,1
notary,1
notching,1
noteworthy,1
nothofagaceous,1
nothosaurs,1
noticia,1
notifies,1
notifying,1
notoriously,1
nourishment,1
novelette,1
novelists,1
novices,1
nowed,1
nozzle,1
nozzles,1
nth,1
nuances,1
nubian,1
nucleases,1
nucleolus,1
nucleophile,1
nucleophile's,1
nucleophiles,1
nucleophilic,1
nucleophilicity,1
nucleosome,1
nucleotide,1
nuclide,1
nudge,1
nudists,1
nuerotoxin,1
nugget,1
nuggets,1
nullify,1
numbness,1
numerals,1
numerics,1
nunchuck,1
nunciature,1
nuptual,1
nureyoko,1
nursed,1
nursemaid,1
nurtured,1
nurturing,1
nutmeg,1
nutritionists,1
nymphomaniacs,1
oath's,1
oathkeeper,1
oatmeal,1
oats,1
obediently,1
obelisks,1
obituaries,1
objected,1
objecting,1
objectionable,1
oblast's,1
oblasti,1
obligated,1
obliged,1
obnoxious,1
oboe,1
obscenity,1
obscurantism,1
obscurity,1
observances,1
observant,1
obsessions,1
obsessive,1
obstetric,1
obstruct,1
obtrusively,1
obtuse,1
occidentalis,1
occitanes,1
occlusive,1
occult,1
occupational,1
occupiers,1
ochre,1
octadecagon,1
octahedron,1
octane,1
oculi,1
odbori,1
oddball,1
oddest,1
oddities,1
oddity,1
oddly,1
odio,1
odorous,1
odors,1
odour,1
odourless,1
odours,1
oesophageal,1
oesophagus,1
oestrous,1
ofsebastian,1
ofc,1
offending,1
offends,1
offical,1
officialized,1
officiate,1
officiating,1
officiers,1
offramp,1
offramps,1
offs,1
ogle,1
ogmok,1
ohana,1
ohms,1
oi,1
oiler,1
oilseeds,1
ointment,1
ointments,1
ojudges,1
okapis,1
okay's,1
okkupasjonen,1
oklava,1
okolica,1
okres,1
okresy,1
okroshka,1
oktediensis,1
olden,1
olfaction,1
oligarchs,1
oligarchy,1
oligosaccharide,1
oligotrophic,1
olives,1
ollies,1
ome,1
omissions,1
omitting,1
ommatidia,1
omnipresent,1
omnivore,1
ompanies,1
onagers,1
oncogenes,1
oncologist,1
oncos,1
onomatopoeic,1
onps,1
onslaught,1
onternational,1
onvoltooid,1
onyomi,1
ookchan,1
ooze,1
opalescence,1
opcode,1
opcodes,1
opensuse,1
opera's,1
operands,1
operationally,1
operculum,1
ophis,1
opined,1
opnwork,1
opossum,1
opposites,1
oppress,1
oppresses,1
ops,1
opsins,1
opt,1
optants,1
optic,1
optimisations,1
optimistically,1
optimizing,1
optimum,1
opting,1
opts,1
opulent,1
opulently,1
opuses,1
oracular,1
orangutans,1
orators,1
orbicularis,1
orbital's,1
orbs,1
orc,1
orca,1
orchestration,1
orchre,1
ordain,1
orderlies,1
ordination,1
ordlista,1
ordonnances,1
organelle,1
organelles,1
organisational,1
organiser,1
organises,1
organisma,1
organolithium,1
organometallic,1
organzie,1
orgasmic,1
orichalcum,1
orientale,1
orientalism,1
orienteering,1
origanally,1
original's,1
originals,1
originator,1
oriole,1
orkester,1
ormers,1
ornament,1
ornamentation,1
ornamented,1
ornate,1
ornithischians,1
ornithomimid,1
ornithomimids,1
ornithopods,1
orographic,1
oropendola,1
orphaned,1
orthodontics,1
orthographic,1
orthonectids,1
orthonormal,1
orthopedic,1
oscillating,1
oscillation,1
osechi,1
osis,1
osmium,1
osteopathic,1
ostracodes,1
othering,1
otome,1
ours,1
ouster,1
outboard,1
outbound,1
outcry,1
outdoing,1
outfall,1
outfielder,1
outgrow,1
outing,1
outings,1
outlandish,1
outlining,1
outliving,1
outmaneuver,1
outnumbers,1
outpatient,1
outpatients,1
outrageously,1
outran,1
outranked,1
outset,1
outskirt,1
outsmarted,1
outsold,1
ovals,1
ovena,1
overalls,1
overarm,1
overbearing,1
overblowing,1
overbridge,1
overburden,1
overcast,1
overclocked,1
overcoat,1
overcomes,1
overconfidence,1
overconfident,1
overcrowded,1
overdose,1
overdriven,1
overdub,1
overdubbed,1
overdubs,1
overestimate,1
overexposure,1
overfishing,1
overflowed,1
overflowing,1
overgrazing,1
overgrown,1
overgrowth,1
overhand,1
overhangs,1
overheal,1
overheard,1
overhearing,1
overking,1
overlapped,1
overlaps,1
overlay,1
overlays,1
overloaded,1
overlords,1
overlordship,1
overnighters,1
overpower,1
overpowering,1
overpowers,1
overpriced,1
overran,1
overreacts,1
overridden,1
override,1
overrun,1
overruns,1
oversaw,1
overseen,1
overshadows,1
oversimplifying,1
overstamped,1
overstated,1
overstrained,1
overtake,1
overtaken,1
overtakes,1
overthrowing,1
overthrows,1
overtly,1
overturning,1
overwhelmingly,1
overwhelms,1
overwinter,1
overworld,1
overwrought,1
overzealous,1
ovich,1
oviduct,1
oviraptorid,1
oviraptorids,1
oviraptosaurs,1
ovt,1
ovulation,1
ovule,1
owl's,1
ownerless,1
oxalate,1
oxcarts,1
oxidant,1
oxidating,1
oxidative,1
oxidised,1
oxidising,1
oxidized,1
oxyacetylene,1
oxycarpum,1
oxychloride,1
oxyhemoglobin,1
oxymoron,1
oyatoi,1
ozonolysis,1
paal,1
pachypleurosaurs,1
pacing,1
pada,1
padawan,1
paddled,1
paddlesteamer,1
paddlesteamers,1
padlock,1
padlocks,1
paella,1
pagans,1
pageninetynine,1
pails,1
painfully,1
paintball,1
paintbrush,1
paintwork,1
pairwise,1
paladin,1
palaeoecology,1
palaeoenvironmental,1
palaistra,1
palanquin,1
palatable,1
palatalized,1
palate,1
paleoartists,1
paleopathology,1
paler,1
palisade,1
pallium,1
palyer,1
palynology,1
pampered,1
panchayats,1
pancreas,1
pancreatic,1
pancrein,1
pandemics,1
pandits,1
pane,1
paneled,1
paneling,1
panellist,1
pangene,1
pangenesis,1
panics,1
panj,1
pankration,1
panoramas,1
panoramio,1
pansori,1
pansy,1
pant,1
panties,1
papalo,1
paparazzo,1
papavers,1
papelillo,1
paper's,1
paperbark,1
paperboy,1
paperweight,1
papesr,1
papiers,1
papilla,1
papoose,1
papyruses,1
parabolic,1
paradeigma,1
paradia,1
paradigms,1
paradisaical,1
parados,1
paragliding,1
paragon,1
paragraphs,1
parainfluenza,1
paralleled,1
parallelepipedum,1
paralleling,1
parallelism,1
parallelizable,1
parallellogram's,1
parallelograms,1
paralysed,1
paramagnetism,1
paramedical,1
paramedics,1
parapet,1
paraphrased,1
paraphyletic,1
parapsychology,1
parapsychology's,1
pararealgar,1
parashurma,1
parasitized,1
paraskenia,1
parasol,1
parasympathetic,1
paratransit,1
paravian,1
parazoans,1
parchment,1
pardoned,1
parens,1
parenthesis,1
parentis,1
paring,1
parishads,1
parished,1
parishioners,1
parka's,1
parkingguidesystem,1
parkland,1
parkour,1
parland,1
parmi,1
parochial,1
parodied,1
parodies,1
paroled,1
paroxetine,1
paroxysmal,1
parques,1
pars,1
parsely,1
parshurama,1
partaking,1
partem,1
participance,1
participle,1
participles,1
particle's,1
particularity,1
particulars,1
parting,1
partitioning,1
partnering,1
partying,1
partyization,1
parvas,1
parvaz,1
pasalubong,1
passangers,1
passenger's,1
passerine,1
passeur,1
passionately,1
passions,1
passway,1
pasteboards,1
pastel,1
pasteurisation,1
pasteurization,1
pastilles,1
pastime,1
pasting,1
pastoralists,1
pastorate,1
pasts,1
pasty,1
patata,1
patched,1
patchwork,1
pate,1
pater,1
paternity,1
pathogen,1
patres,1
patriarchal,1
patriation,1
patrolled,1
patrolling,1
patroness,1
patronymically,1
patterning,1
paume,1
paused,1
pauses,1
pavane,1
paving,1
pawnbroker,1
paxstat,1
payable,1
payasam,1
paycheck,1
payola,1
payout,1
peaceable,1
peacekeepers,1
peacemaking,1
peacocks,1
peals,1
peasantry,1
peatiness,1
peatlands,1
peculiarities,1
peculiarity,1
pedalboard,1
pedaled,1
pedalia,1
pedaling,1
pedalling,1
pedestals,1
pedestrians,1
pediatric,1
pedicuring,1
pedigree,1
pediment,1
pediments,1
pedipalps,1
pedometer,1
pedum,1
pedunculate,1
peeks,1
peels,1
peeped,1
peeping,1
peering,1
pejorative,1
pelletised,1
pellets,1
pellucidum,1
pelts,1
penalized,1
pendants,1
pendentives,1
pendulums,1
penetrates,1
penetrating,1
penitence,1
penitent,1
penitential,1
penjing,1
penname,1
pennames,1
pennants,1
pennyweight,1
pensinsula,1
pensioners,1
pentacle,1
pentadactyl,1
pentagonal,1
pentahydrate,1
pentalpha,1
pentathlon,1
pentatope,1
pentavalent,1
pentenes,1
penthouses,1
peoplen,1
peppery,1
peptides,1
peptone,1
perceiving,1
percencange,1
percentile,1
percents,1
perceptions,1
perchers,1
perchlorate,1
percussionists,1
peregrinator,1
peregrinators,1
peregrine,1
peremptory,1
perennially,1
pereonites,1
perestroika,1
perfected,1
perfecting,1
perfectionist,1
perfective,1
perforations,1
perforce,1
performace,1
perfumed,1
perfunctory,1
perfused,1
periglacial,1
perihelia,1
perihelion,1
perilously,1
periodate,1
peripherally,1
peripherals,1
periwig,1
perkele,1
perks,1
perlite,1
permaculture,1
permanence,1
permissions,1
permitting,1
permittivity,1
permutations,1
pero,1
peronist,1
perpetrated,1
perpetratros,1
persevered,1
persica,1
persimmon,1
persistently,1
personae,1
personage,1
personalisation,1
personifications,1
personified,1
perspex,1
persuading,1
pertinent,1
pertinentis,1
perturbed,1
pervasive,1
pervasiveness,1
perverse,1
perversion,1
pervert,1
peseta,1
peshmerga,1
pessimistic,1
pesters,1
petalite,1
petalless,1
petitioner's,1
petitions,1
petrel,1
petrifying,1
petrol,1
petticoats,1
pgs,1
pha,1
phalanges,1
pharmacological,1
pharmacologist,1
pharmacopoeia,1
pharses,1
pharyngeal,1
pharynx,1
phasers,1
pheasant,1
phenomenological,1
phenomenons,1
philately,1
philography,1
philologist,1
phlogiston,1
phocomelia,1
phonautogram,1
phoned,1
phonemic,1
phoney,1
phonic,1
phonographs,1
phonological,1
phosphates,1
phospholipid,1
photobook,1
photocathode,1
photocells,1
photocopiers,1
photoelectrochemical,1
photogenic,1
photographers,1
photographies,1
photometry,1
photonics,1
photophores,1
photoreceptors,1
photoshopped,1
photosynthesis,1
photosystem,1
phototransistors,1
phototrophs,1
photovoltaics,1
phrased,1
phrenologist,1
phtographed,1
phuchay,1
phulpur,1
phylogenetics,1
phylogenomic,1
physiologic,1
phyte,1
phytochemical,1
phytochemicals,1
pianist's,1
pianoforte,1
pianola,1
pianolist,1
pickpocketing,1
picnics,1
picrocrocin,1
pictue,1
pidgins,1
piecing,1
pieds,1
pierced,1
piercing,1
piercings,1
pierwszy,1
pies,1
piezoelectric,1
piezoresistive,1
pig's,1
pigmentation,1
pigmentosa,1
pigmentosum,1
pikas,1
pileup,1
pileus,1
pilgrimages,1
piling,1
pillaging,1
pillboxes,1
pillowcases,1
pilocytic,1
pilotage,1
pilsen,1
pilum,1
pimping,1
pimple,1
pimples,1
pinball,1
pinched,1
pinches,1
pinecones,1
pinfalls,1
pinkie,1
pinkish,1
pinnacles,1
pinnara,1
pinpointed,1
pinscreen,1
pinstriped,1
pints,1
piombo,1
pion,1
pip,1
pipelined,1
pipette,1
pipling,1
piranhas,1
pirouette,1
pisser,1
pistils,1
piston's,1
pitiable,1
pitlane,1
pitpass,1
pixl,1
pizzeria,1
placa,1
place's,1
placebo,1
placeholder,1
placename,1
placenames,1
placental,1
placer,1
placoderms,1
plaers,1
plagiarize,1
plaice,1
plaid,1
plainer,1
plainsong,1
plaintexts,1
plaintiff's,1
plaintiffs,1
plaintiveness,1
planchette,1
planchodrome,1
planed,1
planetaria,1
planetarian,1
planetariums,1
planetshine,1
planform,1
planina,1
planking,1
planner,1
plantains,1
plantlet,1
plaques,1
plaquette,1
plaquita,1
plasm,1
plasmids,1
plasterboard,1
plastids,1
plastron,1
platform's,1
plating,1
platonic,1
platoons,1
platycephalus,1
plausibly,1
playbook,1
playfield,1
playfulness,1
playgrounds,1
playmaker,1
playmaking,1
playwrights,1
plazed,1
plead,1
pleads,1
pleas,1
pleaseth,1
pleasures,1
pledging,1
plein,1
pleiotropism,1
plena,1
plenipes,1
pleura,1
plexuses,1
pliable,1
plight,1
pliosaurs,1
ploidy,1
plotters,1
plotting,1
plov,1
plover,1
plows,1
plugget,1
plugging,1
plumes,1
plundered,1
plundering,1
plunger,1
plunging,1
pluralities,1
plurality,1
plutonic,1
plutons,1
pneumatic,1
pneumatics,1
pneumatized,1
pneumoconiosis,1
poachers,1
pocketed,1
poco,1
podejte,1
poetry's,1
poga,1
pogan,1
pogromist,1
poikilostasis,1
pointers,1
pointillism,1
poisonings,1
poke,1
pokers,1
polarised,1
polarizable,1
polarizations,1
polarized,1
polders,1
polemist,1
policeman's,1
policing,1
policyholders,1
politely,1
politeness,1
politicaly,1
polity,1
polje,1
polkadot,1
pollinator,1
pollsters,1
polluted,1
polonium,1
polos,1
polskim,1
polte,1
polyamide,1
polyandrous,1
polyatomic,1
polycrystalline,1
polycyclic,1
polycystic,1
polyesters,1
polygynous,1
polymath,1
polymeric,1
polynomials,1
polynym,1
polyp,1
polyp's,1
polypeptide,1
polypeptides,1
polyphenol,1
polyphyodonty,1
polyploidy,1
polystyrene,1
polysyllabic,1
polysynthetic,1
polytonal,1
polytopes,1
pommel,1
pomo,1
pomonella,1
pompejana,1
ponder,1
pondering,1
pongee,1
pontikonisi,1
ponycar,1
pooled,1
poop,1
popolazione,1
poppies,1
populace,1
populaire,1
popularise,1
populate,1
population's,1
populism,1
porcelains,1
poring,1
pornomime,1
portability,1
ported,1
portfolios,1
porting,1
portraited,1
portraiture,1
portrays,1
portvin,1
posh,1
posining,1
position's,1
positron,1
positrons,1
posits,1
possessive,1
postage,1
postcranial,1
postdoctoral,1
posterior,1
postgraduates,1
postilions,1
postings,1
postman,1
postnominal,1
postponement,1
postpositions,1
potable,1
potash,1
potent,1
potestas,1
potoler,1
potted,1
pouce,1
pouces,1
pouches,1
poui,1
pounce,1
pounder,1
powerhouse,1
powertrain,1
powiat,1
practicable,1
pradal,1
praetexta,1
pralines,1
pram,1
prance,1
prang,1
prankishness,1
pratique,1
prawn,1
preassigned,1
precaudal,1
precaution,1
precept,1
precipice,1
precipitated,1
preclinical,1
precocious,1
precolonial,1
precombat,1
predated,1
predefined,1
predicates,1
predictably,1
predictors,1
predominant,1
predominate,1
preexistence,1
prefatory,1
prefects,1
prefecture's,1
preferable,1
preferring,1
prefixing,1
preformed,1
prefrontal,1
preheated,1
prelate,1
preliminaries,1
premiers,1
premierships,1
premolar,1
prenatal,1
preordered,1
preprint,1
presbyter,1
preschoolers,1
prescribes,1
prescriptions,1
presser,1
pressings,1
pressurised,1
prestressed,1
presume,1
presumptive,1
pretense,1
prettiest,1
pretzels,1
prevalences,1
preventative,1
prewar,1
priced,1
priestesses,1
primacy,1
primaires,1
primality,1
primaquine,1
primed,1
primer,1
primers,1
princesse,1
principaux,1
principes,1
printable,1
prion,1
priori,1
prithivi,1
privata,1
prnce,1
proactive,1
probate,1
probic,1
probing,1
problematica,1
problematis,1
problemsr,1
proclaim,1
proclamations,1
proconsul,1
procrastinate,1
procreation,1
procure,1
prodigal,1
prodigy,1
product's,1
production's,1
prodution,1
profane,1
profanity,1
profess,1
professed,1
professor's,1
proffered,1
proficient,1
profusely,1
progenitor,1
progeny,1
progeria,1
prognosis,1
prograde,1
programme's,1
progressing,1
progressionwise,1
progressivism,1
prohibiting,1
prohibitions,1
project's,1
projectile's,1
projecting,1
projektet,1
prolactin,1
prolate,1
proliferate,1
proliferation,1
prolixity,1
prolong,1
promoters,1
prompts,1
promulgated,1
pronghorn,1
pronouncing,1
pronunciations,1
propagandist,1
propellor,1
propels,1
prophesy,1
prophethood,1
prophetic,1
proponent,1
proportionality,1
proposing,1
proprietors,1
propriety,1
propylene,1
proscenium,1
prosecuting,1
prosecutions,1
prosencephalon,1
prosgymnastes,1
prospective,1
prospetiva,1
prostacyclin,1
prostatitis,1
prosthesis,1
prosthetics,1
protectresses,1
proteoglycan,1
proteroglyphous,1
protester,1
protestor,1
protist,1
protists,1
protocarnivorous,1
protodermis,1
protofibrils,1
prototyping,1
protracted,1
protrudes,1
protruding,1
protrusion,1
province's,1
provincia,1
provocative,1
proxies,1
pruner,1
pruners,1
pruning,1
przewodnik,1
psaltery,1
pseudoallery,1
pseudobiology,1
pseudofaceted,1
pseudogene's,1
pseudonyms,1
pseudosphere,1
pseudostem,1
pseudovectors,1
psyche,1
psychics,1
psychoanalyst,1
psychoanalytical,1
psychology's,1
psychopharmacology,1
psychotherapist,1
psyllium,1
psysiology,1
pterodactyl,1
pth,1
pubis,1
publication's,1
publised,1
puce,1
puckers,1
puda,1
puddings,1
puddled,1
puddlers,1
pudong,1
puffball,1
pufferfish,1
puggles,1
pulping,1
pulque,1
pulsate,1
pumice,1
punchers,1
punching,1
punchlines,1
punchtape,1
punctatus,1
punctuated,1
punctured,1
pundits,1
pungent,1
punitive,1
punkier,1
punkish,1
punted,1
punter,1
punters,1
pupa,1
pupate,1
pupates,1
pupisio,1
purchasable,1
purchaser,1
purdah,1
pureblood,1
purebreds,1
purer,1
purest,1
purged,1
purification,1
purifiers,1
purples,1
purported,1
purposeful,1
purposefully,1
purr,1
purs,1
purses,1
pursuant,1
pursues,1
pursuits,1
pursure,1
pushy,1
puteals,1
putter,1
putties,1
puu,1
puzzlement,1
puzzling,1
pygmaea,1
pygmaeus,1
pygmies,1
pyjama,1
pylorus,1
pyre,1
pyrethroid,1
pyritohedron,1
qaba'il,1
qawwalis,1
qazan,1
qibla,1
qinpu,1
qu'on,1
quadrangles,1
quadraphonic,1
quadrigae,1
quadrilateral,1
quadriplegia,1
quadriplegics,1
quadruple,1
quadrupole,1
quae,1
quaestors,1
qualifiers,1
qualifies,1
qualifing,1
qualties,1
quantify,1
quantifying,1
quantized,1
quarantined,1
quarantining,1
quarrelled,1
quarrying,1
quartile,1
quarts,1
quasi,1
quatrains,1
quatre,1
quattro,1
quayside,1
queening,1
queenside,1
quell,1
quench,1
quenching,1
quesadilla,1
questionable,1
quickdraw,1
quickens,1
quickie,1
quicksort,1
quilts,1
quincunx,1
quindine,1
quintessential,1
quintile,1
quintuple,1
quire,1
quizmaster,1
quodlibet,1
quokka,1
quokkas,1
quotient,1
quotients,1
qutub,1
rabia,1
racconto,1
raccoons,1
racemisation,1
racer's,1
rachus,1
racked,1
racket,1
racketeer,1
racketeering,1
rackets,1
racquetball,1
radars,1
radfems,1
radiates,1
radiating,1
radicalised,1
radicalism,1
radieux,1
radioactor,1
radiocarbon,1
radiodated,1
radiometer,1
radish,1
radium,1
ragwort,1
rahat,1
rahvatarkust,1
railcar,1
railfans,1
railmotor,1
railway's,1
rainband,1
rainbands,1
rainbows,1
raindrop,1
rainforest's,1
rainshadow,1
rainstorms,1
rainwater,1
rakers,1
rales,1
rallying,1
rambutan,1
rammed,1
ramming,1
rampaged,1
rampant,1
ramsden,1
ramyeon,1
rancher,1
randomized,1
rang,1
rankers,1
ransack,1
ranula,1
rapes,1
rapeseeds,1
raping,1
rapist,1
rapto,1
raptor,1
rarefactions,1
rarer,1
rashes,1
rasping,1
raste,1
ratifying,1
rationalist,1
rationality,1
rations,1
ratites,1
rattlesnake's,1
rattlesnakes,1
rattling,1
ratty,1
raucous,1
raunchy,1
ravaged,1
ravages,1
raved,1
raven's,1
ravenous,1
ravished,1
rawhides,1
razzberry,1
reactivates,1
readopted,1
reaffirmed,1
realign,1
realignment,1
realist,1
realities,1
realizations,1
reams,1
reanalysis,1
reap,1
reappear,1
reappearance,1
reapproved,1
reared,1
rearrangement,1
rearrangements,1
rearranges,1
rearranging,1
reasoned,1
reassembly,1
reassessment,1
reassurance,1
reassureed,1
reassuringly,1
reauditioned,1
rebate,1
rebelling,1
rebooted,1
rebounded,1
rebours,1
rebreather,1
rebroadcast,1
rebuffed,1
recalibrated,1
recalling,1
recanted,1
recap,1
recapped,1
recapture,1
receded,1
receipts,1
receivables,1
receiver's,1
recens,1
recension,1
receptacles,1
receptive,1
recessed,1
recesses,1
recessions,1
recessives,1
recharge,1
recharging,1
recieve,1
recipient's,1
reciprocity,1
recirculating,1
recitals,1
recki,1
recklessly,1
reckoned,1
reclaimed,1
reclamation,1
recline,1
recoded,1
recognising,1
recognitions,1
recolored,1
recombinant,1
recombinants,1
recombine,1
recombined,1
recon,1
reconcile,1
reconciles,1
reconfirmed,1
reconnected,1
reconnecting,1
reconquered,1
reconquering,1
reconsidered,1
reconstructive,1
recontacted,1
recounting,1
recoup,1
recourse,1
recreating,1
recreationally,1
recrossed,1
recrowned,1
recruiter,1
recruiting,1
recruitment,1
recrystallized,1
recrystallizing,1
rectifiers,1
recto,1
rectory,1
recumbent,1
recurred,1
recurrent,1
recurs,1
recused,1
recyclers,1
redden,1
reddened,1
rede,1
redesignated,1
redesigning,1
redevelop,1
redid,1
redirected,1
rediscoverer,1
redistribution,1
redistricting,1
redivided,1
redness,1
redo,1
redouble,1
redoubts,1
redox,1
reductions,1
redused,1
reek,1
reemergence,1
reenaction,1
reenter,1
reenters,1
reenvisioned,1
reevaluation,1
reexamines,1
ref,1
refectory,1
referable,1
refereeing,1
referendums,1
referent,1
referential,1
refills,1
refinancing,1
refineries,1
refinishing,1
reflectivity,1
reflector,1
reflectors,1
reformatted,1
reformers,1
reformist,1
reformulation,1
refracting,1
refractive,1
refresh,1
refreshed,1
refreshing,1
refreshment,1
refrigerators,1
refueling,1
refuelling,1
refund,1
refurbish,1
refusesto,1
refute,1
regaining,1
regenerates,1
regenerating,1
regenerations,1
reggaeton's,1
reggatta,1
regimen,1
regionibus,1
registery,1
registrants,1
regnal,1
regressing,1
regularity,1
regulars,1
regulating,1
regulator,1
regurgitate,1
rehearse,1
reheated,1
reheating,1
rehydration,1
reiging,1
reimbursement,1
reincarnate,1
reincarnating,1
reindeer's,1
reindustrialize,1
reine,1
reinforce,1
reinforces,1
reins,1
reinstated,1
reintegrated,1
reintegration,1
reintroduce,1
reinvent,1
reinvention,1
rejections,1
rejoiced,1
rejoins,1
rejuvenated,1
rejuvenating,1
rekhta,1
rekindle,1
relabelled,1
relased,1
relata,1
relatedness,1
relative's,1
relativistic,1
relaying,1
relearn,1
releaser,1
relective,1
relegates,1
relented,1
relentless,1
relentlessly,1
reliabler,1
relic,1
relict,1
religeous,1
religieuse,1
religieuses,1
relived,1
reliving,1
reloadable,1
reloaded,1
relocates,1
reluctance,1
relyed,1
remaindered,1
remainders,1
remainind,1
remakes,1
remarriage,1
remasters,1
remdesivir,1
remedies,1
reminiscence,1
remixers,1
remixing,1
remodeled,1
remodeling,1
removable,1
remover,1
remuneration,1
renaming,1
rend,1
renders,1
rendezvous,1
rendition,1
renews,1
renormalization,1
renounced,1
renouncing,1
renters,1
renting,1
renunciation,1
reoccupy,1
reopening,1
reordering,1
reorganising,1
reorganizing,1
repackaging,1
repairable,1
repairman,1
reparations,1
reparative,1
repartee,1
repassed,1
repayment,1
repeal,1
repeatable,1
repelling,1
repent,1
repertory,1
repetitions,1
repetitious,1
replanting,1
replay,1
replayed,1
repled,1
replenish,1
replenished,1
repletes,1
replicable,1
replicas,1
replicated,1
repositioned,1
repositories,1
repossess,1
repr,1
repress,1
repressed,1
reprisals,1
reprising,1
reprivatised,1
reproach,1
reprocessing,1
repudiated,1
repulsion,1
repulsive,1
reputable,1
reputations,1
repute,1
reputed,1
requiems,1
requin,1
requisite,1
reran,1
reroute,1
rescission,1
researches,1
resentment,1
reservist,1
reservoir's,1
resets,1
reshuffling,1
residencia,1
residuary,1
resignalling,1
resilient,1
resins,1
resists,1
resolutely,1
resolvers,1
resonant,1
resonators,1
resons,1
resorting,1
resounding,1
resourcefulness,1
respawn,1
respawning,1
respecting,1
respire,1
respondents,1
restarts,1
restaurateur,1
restaurateurs,1
restitution,1
restless,1
restorationist,1
restorations,1
restorers,1
restraining,1
restraint,1
restrengthen,1
restrengthening,1
restricting,1
restricts,1
restroom,1
restructure,1
restructured,1
resupplied,1
resurface,1
resurfaced,1
resuscitated,1
resuscitators,1
retakes,1
retaking,1
retaliates,1
rethink,1
reticulated,1
reticulations,1
retinal,1
retinitis,1
retinopathy,1
retook,1
retooled,1
retorted,1
retouched,1
retreive,1
retrial,1
retrieval,1
retrieving,1
retroactively,1
retrofitting,1
retroflex,1
retrofuturistic,1
retrospect,1
retroviruses,1
returnees,1
returner,1
retzach,1
reusable,1
reuse,1
revaluing,1
revamp,1
revamped,1
revancha,1
revelatory,1
revelers,1
revelry,1
reverb,1
reverbed,1
reverentially,1
reverently,1
reverie,1
reversals,1
reversible,1
revid,1
reviled,1
revise,1
revising,1
revisionist,1
revitalization,1
revitalize,1
revitalizing,1
revivalist,1
reviver,1
revives,1
revoked,1
revolter,1
revolting,1
revolutionised,1
revolutionized,1
revving,1
rewoven,1
rewritten,1
rewrote,1
rhamphorhynchoid,1
rhamphotheca,1
rhe,1
rheology,1
rhetorician,1
rhetorics,1
rheumatism,1
rhinovirus,1
rhodanica,1
rhododendron,1
rhodopsin,1
rhombi,1
rhymed,1
rhyodacite,1
rhythmically,1
ria,1
riads,1
rials,1
rib,1
ribcage,1
ribosomes,1
ribozymes,1
richly,1
rickrolling,1
rickshaw,1
ricocheted,1
ridding,1
ridged,1
ridiculious,1
ridings,1
rigging,1
righted,1
rightful,1
rightfully,1
rightness,1
rightsholders,1
rigidly,1
rilvalry,1
rimjob,1
rimonabant,1
rind,1
ringlets,1
ringneck,1
ringuette,1
rinijhini,1
rinks,1
rioted,1
rioting,1
ripening,1
ripens,1
ripoff,1
ripple,1
riser,1
risers,1
risked,1
riskiest,1
risking,1
ritualistically,1
ritually,1
rivalling,1
riverbanks,1
rivulet,1
rivulets,1
roa,1
roaches,1
roadrace,1
roadrunner's,1
roadsides,1
roaming,1
roams,1
roastery,1
roasts,1
robber,1
robotics,1
robs,1
robur,1
rockhole,1
rockhounds,1
rocklayers,1
rockstars,1
rodent,1
roentgenium,1
roguelikes,1
rollback,1
rollup,1
romanischen,1
romanized,1
romps,1
roof's,1
roofed,1
roofing,1
roomed,1
roosters,1
rootin,1
roqueforti,1
rosin,1
rosters,1
rotations,1
rotator,1
rotted,1
rougher,1
roughness,1
rouille,1
roundabouts,1
roundel,1
roundels,1
rounders,1
roundhouse,1
roused,1
rousing,1
route's,1
routers,1
roving,1
rowers,1
rpms,1
rubella,1
rubidium,1
ruble,1
rudely,1
ruderale,1
rudimentary,1
ruffled,1
ruffs,1
rugbyteams,1
ruggedly,1
ruining,1
rukhkh,1
ruler's,1
rumberas,1
ruminants,1
rummage,1
rummelpott,1
rummet,1
rune,1
runnable,1
runny,1
runoffs,1
runtime,1
rupaya,1
rupaye,1
ruptured,1
ruse,1
rusting,1
rustle,1
rustling,1
ruts,1
sabbatical,1
sabotage,1
sabotages,1
saccatum,1
sachet's,1
sacrificial,1
saddened,1
sadder,1
saddleback,1
saddled,1
sadist,1
safes,1
safranal,1
saftey,1
sagging,1
sagu,1
saintly,1
sais,1
sakes,1
saksak,1
salacious,1
salesperson,1
salivated,1
salivation,1
salons,1
salsarengue,1
saltations,1
saltier,1
saltwater,1
salutation,1
salutem,1
salutes,1
salvage,1
salvaged,1
salvagers,1
salve,1
salvias,1
samana,1
samanense,1
sambal,1
sameness,1
samizdats,1
sample's,1
samurai's,1
sanction,1
sanctities,1
sandbags,1
sandbar,1
sandhills,1
sandpiper,1
sandpit,1
sanguinary,1
sanguinis,1
sanjo,1
sanmaime,1
sannyasa,1
santeria,1
santons,1
sanxian,1
sanyasi,1
sapling,1
sapped,1
sappers,1
sarcasm,1
sardines,1
sardonic,1
sarees,1
sarissa,1
sarmale,1
sarus,1
saryu,1
sashes,1
satchel,1
satellite's,1
satiate,1
satirist,1
satisfiability,1
satisfies,1
sativa,1
satrapy,1
satyr,1
saucier,1
saurians,1
sauroopods,1
sauropsida,1
sausages,1
sautee,1
savagery,1
savannahs,1
savored,1
savoury,1
sawed,1
sawflies,1
sawfly,1
sawing,1
sawmills,1
sawn,1
saws,1
sawtooth,1
saxophon,1
saxophonist,1
sbadataggine,1
scairte,1
scalar,1
scalars,1
scallops,1
scandalized,1
scant,1
scaped,1
scarab,1
scarcely,1
scarf,1
scarfs,1
scariest,1
scariness,1
scaring,1
scatterer,1
scavenge,1
scented,1
schachspiels,1
schefflera,1
schemas,1
schemer,1
schisms,1
schizoids,1
schon,1
schoolboys,1
schooled,1
schooler,1
schoolgirl,1
schoolgirls,1
schooner,1
schrani,1
schwul,1
scientiarum,1
scintillans,1
sclerosis,1
scolars,1
scolding,1
scolds,1
scorched,1
scoreless,1
scorn,1
scrambled,1
scrapbooks,1
scrape,1
scraped,1
scrapes,1
scratchies,1
screamed,1
screenings,1
screenshot,1
screentime,1
screenwriters,1
screwball,1
screwed,1
scribal,1
scribble,1
scripted,1
scris,1
scrotum,1
scrub,1
scrum,1
scrupulously,1
scrutinized,1
scudi,1
scuffled,1
scuffles,1
scuffs,1
sculls,1
sculptor's,1
scutes,1
scutum,1
scythe,1
seabird,1
seagrass,1
sealants,1
seamen,1
seams,1
seamstress,1
seamstresses,1
seaports,1
searchlights,1
seawall,1
seaward,1
seaweeds,1
secateurs,1
secede,1
secessionist,1
secluded,1
secondaries,1
secretarybird,1
secreted,1
secretion,1
secretions,1
secretive,1
secularist,1
secularized,1
secunda,1
sedate,1
sedatives,1
sediba,1
sedimentation,1
sedition,1
seditious,1
seduce,1
seduces,1
sedulously,1
seedless,1
seedling,1
seeked,1
seenagain,1
seep,1
seeps,1
segueing,1
seigneurie,1
seijin,1
seismographs,1
seismometer,1
seizing,1
sekhem,1
sekihan,1
sekunda,1
selectively,1
selector,1
selegiline,1
selenology,1
selfies,1
semesters,1
semichorus,1
semifinalists,1
semigroups,1
seminarians,1
semitone,1
senate's,1
senedd,1
senescence,1
seniority,1
senorist,1
sens,1
sensibility,1
sensuous,1
sentient,1
sentimentalism,1
sentiments,1
senton,1
separable,1
separations,1
separative,1
separator,1
separators,1
separatrix,1
sepearates,1
seperated,1
sept,1
septs,1
sepulture,1
seq,1
sequentially,1
sequoia,1
serac,1
seraphine,1
serekh,1
serendipitous,1
serey,1
serially,1
sericulture,1
seriema,1
serif,1
serifs,1
serotonin,1
serous,1
serpentine,1
serpentinite,1
serrated,1
serrations,1
serret,1
serrette,1
serval,1
serviceable,1
servicing,1
servings,1
servitors,1
servitude,1
servo,1
sesamoid,1
sescent,1
sesterce,1
sestet,1
seta,1
setae,1
setback,1
setltlement,1
setter,1
setters,1
settlor,1
settlor's,1
setups,1
sever,1
severing,1
sew,1
sewed,1
sewerage,1
sex's,1
sexclubs,1
sexlessness,1
sexualizing,1
sfermion,1
sfncheck,1
sfnchecksfnchecksfnchecksfnchecksfnchecksfncheck,1
sfz,1
sgraffito,1
shabtis,1
shack,1
shading,1
shadowing,1
shadowy,1
shakers,1
shakuhachi,1
shallots,1
shallows,1
sham,1
shampooing,1
shampoos,1
shamrock,1
shank,1
shanty,1
shapeless,1
shard,1
shareholdings,1
sharingan,1
sharpened,1
sharpener,1
shastras,1
shatranj,1
shawls,1
shawm,1
sheaf,1
shearing,1
shearwaters,1
sheepmeats,1
sheikhs,1
shelder,1
shellmounds,1
shellshocked,1
sheltering,1
shelved,1
shepherded,1
shequ,1
sheriffs,1
shevlisem,1
shevut,1
shibai,1
shibboleth,1
shiitake,1
shims,1
shinee,1
shipboard,1
shipbuilders,1
shipowner,1
shipper,1
shire's,1
shires,1
shirshasana,1
shivo'ham,1
shocking,1
shockingly,1
shogunates,1
shoguns,1
shokugeki,1
sholes,1
shooter's,1
shortcut,1
shorted,1
shortens,1
shortfall,1
shorthanded,1
shortlisted,1
shortshot,1
shotguns,1
shoveling,1
shovels,1
showcases,1
showcasing,1
showgirl,1
showman,1
showmanship,1
showroom,1
showtimes,1
showy,1
shrewdness,1
shrews,1
shriek,1
shrieks,1
shrill,1
shrimps,1
shrinkage,1
shruti,1
shuffling,1
shunned,1
shunting,1
shuran,1
shutout,1
shuts,1
shutters,1
shutting,1
shuttle's,1
shvibzik,1
shyly,1
sicknesses,1
sidearm,1
sidebars,1
sideman,1
siden,1
sidequests,1
sidesaddle,1
sidestick,1
sidewalk,1
sidewinding,1
sifaka,1
sigh,1
sighed,1
sighs,1
sightreading,1
sightseers,1
signaling,1
signalled,1
signatory,1
signboard,1
signers,1
signet,1
significanly,1
signifies,1
signings,1
silage,1
silences,1
silencing,1
silently,1
silhouette,1
silkscreened,1
silkworms,1
silliness,1
siltstone,1
silvermedal,1
silvers,1
silverware,1
silvestris,1
simp,1
simplistic,1
simulates,1
simulcast,1
sincerity,1
sindonews,1
sine,1
sinfully,1
singed,1
singled,1
singlehandedly,1
singly,1
singularities,1
sinistrophobia,1
sinkholes,1
sinkings,1
sinless,1
sinuous,1
sinus,1
sipedon,1
siphoned,1
siphoning,1
siphonophores,1
siphons,1
sipunculids,1
siren,1
sistere,1
sisulhal,1
sitaxsentan,1
site's,1
situ,1
situs,1
sive,1
six's,1
sixith,1
sjostedti,1
skateboarder,1
skateboarders,1
skeletonized,1
skepticism,1
skeptics,1
skew,1
skewed,1
skewer,1
skewers,1
skiffs,1
skilful,1
skilfully,1
skimming,1
skims,1
skindiving,1
skinhead,1
skinheads,1
skinks,1
skinless,1
skinned,1
skipper,1
skips,1
skirmisher,1
skirmishers,1
skit,1
skogar,1
skor,1
skunks,1
skybar,1
skydiving,1
skylight,1
slaan,1
slag,1
slags,1
slake,1
slaked,1
slammed,1
slandered,1
slandering,1
slaps,1
slashes,1
slats,1
slaughterhouses,1
slaved,1
slaveowners,1
slavering,1
slayers,1
sledding,1
sledges,1
sleds,1
sleek,1
sleepiness,1
sleepwalking,1
sleepwalks,1
sleigh,1
slew,1
slicks,1
slickwater,1
slider,1
slideshow,1
slighly,1
slinger,1
slipper,1
slipping,1
slither,1
slotted,1
slowness,1
sludge,1
sluice,1
slumps,1
slurries,1
slut,1
smacking,1
smallish,1
smalls,1
smartness,1
smashes,1
smeared,1
smelled,1
smelly,1
smillar,1
smirks,1
smiths,1
smithy,1
smog,1
smokeless,1
smokestack,1
smoky,1
smooshy,1
smoothbore,1
smoothes,1
smoothest,1
smoothness,1
smother,1
smothered,1
smply,1
smritis,1
smuggled,1
smugglers,1
smut,1
snrna,1
snake's,1
snakeheads,1
snapper,1
snappier,1
snaps,1
snapshot,1
snare,1
snatch,1
snatched,1
sneaked,1
sneeze,1
sneezed,1
sneezes,1
snekkja,1
sniffed,1
snippers,1
snippets,1
snoring,1
snot,1
snowbank,1
snowboarder,1
snowboarders,1
snowdrops,1
snowed,1
snowfalls,1
snowfields,1
snowflakes,1
snowier,1
snowman,1
snowmen,1
snowmobile,1
snub,1
snurp,1
soak,1
soakage,1
soaks,1
soapy,1
soaring,1
sobakawa,1
sobbing,1
sobering,1
sociability,1
socialise,1
socialiste,1
socialite,1
socialization,1
socialize,1
socializing,1
societal,1
sociobiologists,1
sociological,1
sociopolitical,1
sock,1
sod,1
sodomite,1
softball,1
softened,1
softness,1
soga'imiti,1
soilbourne,1
soiled,1
sokuon,1
sola,1
solaires,1
solarized,1
solas,1
soldat,1
soldering,1
solecisms,1
solemnity,1
solemnly,1
solenodon,1
soliciting,1
solicitors,1
solidification,1
solidifies,1
solidity,1
solstices,1
solubility,1
somatoform,1
something's,1
sommaren,1
somniferum,1
songography,1
songwriting,1
sonrisa,1
soot,1
soothing,1
sophist,1
sopranos,1
sorbitol,1
sorcerers,1
sordid,1
sores,1
sorghum,1
sori,1
sorpasso,1
sorrel,1
sorrowful,1
sorrows,1
sortes,1
sostenuto,1
soul's,1
souled,1
soultwinned,1
soundboard,1
soundpost,1
soundproof,1
soundscapes,1
soundtrack's,1
source's,1
sourcerer,1
sourrounding,1
sourroundings,1
southbound,1
spacecrafts,1
spacer,1
spacious,1
spadefoot,1
spandrel,1
spar,1
sparing,1
sparkly,1
sparrowhawks,1
spas,1
spasmogenic,1
spat,1
spate,1
spattering,1
spawns,1
speared,1
spearfishing,1
spearheading,1
spearmint,1
specialises,1
specialising,1
specialities,1
speciality,1
specificity,1
specimen's,1
speckled,1
specs,1
spectacles,1
spectrograph,1
spectrophotometer,1
spectrophotometers,1
speculates,1
speculator,1
speechless,1
speeded,1
speedometer,1
speedometers,1
speedster,1
spelunkers,1
spelunking,1
spermatozoon,1
sphairai,1
sphericals,1
spheroid,1
sphinxing,1
spiced,1
spikey,1
spillover,1
spills,1
spinebill,1
spinner,1
spinneret,1
spinnin,1
spinoff,1
spintronics,1
spiraling,1
spire,1
spires,1
spiritually,1
spirlin,1
spirochaete,1
spirochete,1
spitefully,1
spitten,1
spittlebugs,1
splendor,1
splendour,1
splice,1
splint,1
spondee,1
sponging,1
spongiosum,1
sponsorships,1
spoof,1
spoofs,1
spooned,1
sporangia,1
sporozoites,1
sportaccommodation,1
sportive,1
sportmen,1
sportscars,1
sportsclubs,1
sporulation,1
spotfest,1
spotting,1
spouse's,1
spouses,1
spouting,1
spp,1
sprachbund,1
spraying,1
springboard,1
springboards,1
sprinkles,1
sprits,1
sprocket,1
spruce,1
spruces,1
sprung,1
spur,1
spurred,1
spurted,1
spurts,1
sputtering,1
sputum,1
sqirted,1
squabbling,1
squads,1
squall,1
squamate,1
squamates,1
squamiferum,1
square's,1
squashed,1
squashy,1
squeakers,1
squeaks,1
squeaky,1
squealing,1
squirm,1
squirrels,1
squirting,1
squirts,1
squishing,1
squishy,1
stabilizers,1
stabilizing,1
stabs,1
stacking,1
stadia,1
stadion,1
staffed,1
staffer,1
stagflation,1
staggered,1
stagiaire,1
stains,1
staircases,1
stairlifts,1
stairwell,1
stakeholders,1
stalemated,1
stalked,1
stalker,1
stallion,1
stalo,1
stamina,1
stammerer,1
standardization,1
standstill,1
stank,1
stanza,1
stapes,1
stapled,1
starboard,1
starburst,1
stared,1
startle,1
startups,1
stash,1
statecraft,1
statehouse,1
statelessness,1
statesmen,1
statin,1
statistique,1
stators,1
statu,1
statuses,1
staunch,1
staunchness,1
stave,1
stdin,1
steag,1
steaming,1
steamship,1
steepest,1
steepness,1
steer,1
stegosaurians,1
stegosaurid,1
stelae,1
stele,1
stellae,1
stemming,1
stench,1
stencil,1
stencilled,1
stent,1
stepmother's,1
stepmothers,1
stepson,1
stepwise,1
stereochemical,1
stereographs,1
stereoscopy,1
sterilisation,1
sterilization,1
sternly,1
sternum,1
steroids,1
stevedore,1
stewards,1
stewed,1
stews,1
stibine,1
stibium,1
stickball,1
stickiness,1
stiffens,1
stiffly,1
stifling,1
stimulant,1
stimulated,1
stinger,1
stingers,1
stingless,1
stings,1
stints,1
stipe,1
stipend,1
stipends,1
stipulated,1
stitches,1
stn,1
stoa,1
stoat,1
stoats,1
stocked,1
stockholders,1
stocki,1
stockier,1
stockmen,1
stockpiles,1
stockpiling,1
stockyards,1
stoic,1
stoically,1
stoker,1
stomps,1
stonecutters,1
stonefish,1
stonework,1
stools,1
stoop,1
stoops,1
stopbank,1
stoplights,1
stoppage,1
stoppped,1
stopwatch,1
stora,1
store's,1
storeyed,1
storming,1
stormwater,1
storylines,1
storytimes,1
stovetop,1
stowed,1
straddles,1
straightener,1
straighter,1
straightforward,1
straights,1
straitjacket,1
stranding,1
strangeness,1
stratovolcanoes,1
stratum,1
streaked,1
streamers,1
streched,1
street's,1
streetcars,1
strep,1
streptococcus,1
streptokinase,1
stretchered,1
stretchers,1
stretchiness,1
strewn,1
stricken,1
strictest,1
strides,1
stringent,1
stringers,1
stringy,1
stroboscopic,1
stroked,1
stroller,1
strophe,1
strove,1
structuralist,1
structuring,1
strung,1
struts,1
strychnine,1
stubs,1
studded,1
study's,1
stumbles,1
stumbling,1
stunning,1
stupa,1
stutter,1
stutters,1
styes,1
stylishly,1
stylist,1
stystem,1
subadult,1
subantarctic,1
subatomic,1
subcamp,1
subcamps,1
subcategories,1
subcategory,1
subchannel,1
subcommittees,1
subcompact,1
subconsciously,1
subcontractors,1
subcultures,1
subdistrcts,1
subdistrict,1
subdistricts,1
subdividing,1
subdued,1
subdues,1
subeditor,1
subg,1
subgenre,1
subgenres,1
subgenus,1
subject's,1
subjecting,1
subjugated,1
sublimation,1
sublime,1
sublittoral,1
submarginal,1
submerge,1
submerging,1
submillimetre,1
submissions,1
submissive,1
suboptimal,1
suborders,1
subordinate's,1
subpeona,1
subplot,1
subplots,1
subprime,1
subreddit,1
subscriber,1
subscriber's,1
subscript,1
subsection,1
subside,1
subsidiarity,1
subsisted,1
subskills,1
subsolar,1
subspecialize,1
substantive,1
substituents,1
substructure,1
subsurface,1
subtexts,1
subtilior,1
subtitling,1
subtlety,1
subtotals,1
subtracted,1
subtractions,1
subtracts,1
subtropic,1
subumbrella,1
subways,1
subzero,1
subzones,1
succeded,1
successfull,1
successively,1
succinctly,1
succulent,1
succumb,1
sucessful,1
sucked,1
sucker,1
sucos,1
suey,1
suffice,1
suffixes,1
suffocated,1
suffocating,1
sufganiyot,1
sugared,1
suggestive,1
suiseki,1
suitability,1
suitably,1
sukiyaki,1
sukkah,1
sulfides,1
sulfolene,1
sulfone,1
sulfuric,1
sulks,1
sullage,1
sulphates,1
sultanates,1
sultine,1
summarily,1
summarize,1
summation,1
summed,1
summertime,1
summing,1
summitpost,1
summoning,1
sunbirds,1
sundews,1
sundries,1
sunflowerlike,1
sunglasses,1
sungoos,1
sunlike,1
sunspots,1
sunstone,1
superacids,1
superalloys,1
supercar,1
supercell,1
supercharger,1
supercilium,1
superconductivity,1
supercontinent,1
supercooled,1
superdupermegapod,1
superego,1
superfamilies,1
superfamily,1
superficially,1
superficies,1
superfluid,1
superfluous,1
superfood,1
supergiants,1
superlative,1
superlattice,1
supermegapods,1
supernormal,1
superorganisms,1
superpermutation,1
superpermutations,1
supersaturation,1
superset,1
supersisters,1
supersonic,1
superstitious,1
supertide,1
supervisions,1
supplant,1
supplanted,1
supplementary,1
supplementation,1
supplications,1
supporter's,1
supportes,1
supportor,1
suppressor,1
supremely,1
suprise,1
surah,1
surfactants,1
surfboards,1
surges,1
surmised,1
surmount,1
surmounted,1
surpass,1
surplice,1
surpluses,1
surreal,1
surrealists,1
surrenders,1
surrogacy,1
survied,1
survivalist,1
survivals,1
survivorship,1
suspect's,1
suspending,1
sustanable,1
suttee,1
swab,1
swabs,1
swamped,1
swarm,1
swarthy,1
swayed,1
swaying,1
sways,1
swazzle,1
sweared,1
swears,1
sweaty,1
sweeter,1
sweethearts,1
swellfish,1
swerved,1
swerves,1
swiftlets,1
swiftly,1
swindlers,1
swineherd,1
swipes,1
swirly,1
swishing,1
switces,1
switchblade,1
switchgrass,1
swivel,1
swivelling,1
swoon,1
swoosh,1
syconoid,1
sylized,1
syllabi,1
syllabus,1
syllogistic,1
sylvanite,1
sylvaticus,1
symbolically,1
symbolises,1
symbolist,1
symbolists,1
symbolizing,1
symlet,1
sympatric,1
symphoniques,1
symphysial,1
symptomatic,1
syn,1
synapses,1
synapsida,1
synch,1
synchro,1
synchronised,1
synchronization,1
synchronize,1
synchronizing,1
syncing,1
syncopation,1
syndicats,1
syndromes,1
synesthesia,1
synonyms,1
synopsis,1
syntactic,1
synth,1
synthesised,1
synthesisers,1
synthesized,1
syringe,1
system's,1
systems's,1
szerelem,1
trna,1
taart,1
tabbed,1
tabbies,1
tabebuia,1
tablature,1
tablecloths,1
tableware,1
tabloids,1
tabular,1
tabulating,1
tacks,1
tactician,1
tael,1
taesudo,1
tahsil,1
taifas,1
taiga,1
tailenders,1
tailor's,1
tailored,1
takedown,1
takeout,1
takesplaces,1
takover,1
talker,1
talkie,1
talkies,1
tallied,1
tallies,1
tallit,1
talons,1
tamakeri,1
tamarin,1
tamarind,1
tamarins,1
tambourines,1
tamer,1
tamper,1
tampering,1
tanda,1
tangerines,1
tangle,1
tangram,1
tanka,1
tanker,1
tanned,1
tanneries,1
tannins,1
tante,1
tanto,1
tantrum,1
tanzanite,1
taolu,1
tapering,1
tapers,1
tapestries,1
tapings,1
tapioca,1
tapir,1
taproot,1
tarantula's,1
tarantulas,1
tarnish,1
tarnished,1
tarnishes,1
tarpaulins,1
tarps,1
tarsal,1
tarusate,1
tassel,1
tasteless,1
tastelessly,1
tat,1
tatau,1
tattles,1
tattoo's,1
tatty,1
taunted,1
taupe,1
taurinus,1
tautomerism,1
tautomers,1
taxable,1
taxation,1
taxidermy,1
taxiing,1
taxoboxes,1
taxonomically,1
taxonomist,1
taxpayer,1
teakettle,1
teamcaptain,1
teame,1
teamind,1
teapot,1
teardrops,1
teas,1
teatcher,1
technicality,1
technolgies,1
technologie,1
technologiques,1
technologist,1
tedious,1
tedium,1
tegar,1
teh,1
telecast,1
telemedicine,1
telemeter,1
telemetry,1
teleost,1
telepathic,1
telepathy,1
telephony,1
telephoto,1
teleportation,1
teleported,1
teleporter,1
teleprinter,1
telerecordings,1
telescope's,1
telescreens,1
telewizor,1
tellings,1
tellurite,1
tellurites,1
telogen,1
telomeres,1
temnospondyls,1
tempera,1
temperamental,1
tempertatures,1
temple's,1
tempt,1
temptation,1
temptations,1
tenacious,1
tendon,1
tendons,1
tendrils,1
tenements,1
tenet,1
tenets,1
tengwa,1
tenker,1
tensors,1
tentacle,1
tenuicauda,1
tenuous,1
tenureship,1
tepegua,1
tepejilote,1
tephra,1
tepid,1
tepidly,1
terephthalate,1
terkedince,1
terma,1
termas,1
terminates,1
terminators,1
termite,1
ternary,1
terpenoids,1
terpsichorean,1
terrains,1
terramycin,1
terriroty,1
territoriale,1
territorio,1
territory's,1
terrorize,1
terrorizes,1
terrorizing,1
terweek,1
tessellation,1
tester,1
testimonials,1
tetanus,1
tetrachloride,1
tetragram,1
tetrises,1
tetrix,1
tetromino,1
tetrominoes,1
texturing,1
tey,1
thalidomide,1
thalli,1
thangka,1
tharooshah,1
thatch,1
thawing,1
thetiho,1
theatere,1
thedisarmament,1
thefire,1
theisms,1
theistic,1
themseleves,1
theooak,1
theocracy,1
theorist,1
theorizes,1
therapies,1
therein,1
thereto,1
theriodonts,1
therizinosaurid,1
thermally,1
thermionic,1
thermocline,1
thermophile,1
thermopile,1
thermoregulation,1
thermosetting,1
therocephalians,1
thet,1
thetans,1
thev,1
thiamin,1
thickeners,1
thickening,1
thickest,1
thing's,1
thinly,1
thinnest,1
thinning,1
thioether,1
thiosulfate,1
thirtieth,1
thomboembolic,1
thomense,1
thoose,1
thorny,1
thorough,1
thousandth,1
thown,1
thra,1
thrashy,1
threateningly,1
three's,1
threefold,1
threnodies,1
thresholds,1
thribe,1
thrice,1
thrid,1
thrilled,1
thriller's,1
thrilling,1
thrills,1
thrived,1
thrives,1
throbbing,1
throes,1
thromboembolic,1
throng,1
throughput,1
throwbacks,1
thrush,1
thug,1
thumbnails,1
thunderbolts,1
thunderpaths,1
thundershowers,1
thurjii,1
thusly,1
thwarted,1
thylakoid,1
thymol,1
thymus,1
tiandi,1
tiarula,1
tibia,1
ticked,1
ticker,1
ticketing,1
ticking,1
tics,1
tid,1
tidbits,1
tiebreak,1
tiered,1
tiering,1
tifosi,1
tighten,1
tightens,1
tightness,1
tijd,1
tijdschrift,1
tikling,1
tilde,1
timbered,1
timeless,1
timeout,1
timescales,1
timeslips,1
timetable,1
timings,1
tinamous,1
tinctures,1
tinder,1
tines,1
tinge,1
tingling,1
tinkered,1
tinkling,1
tino,1
tintype,1
tippet,1
tiranga,1
tiredness,1
tirelessly,1
tiring,1
tirtzach,1
tis,1
titanosaurian,1
titels,1
tithes,1
titrations,1
tittle,1
tizedes,1
tl'aakal,1
toad's,1
toadlets,1
toasted,1
tocitation,1
toenail,1
tog,1
togas,1
togther,1
toiletry,1
toko,1
tokusatsu,1
tola,1
tolerable,1
tolerances,1
tolerogen,1
toluene,1
toman,1
tomari,1
tomay,1
tombstone,1
tomites,1
tomont,1
toner,1
tonsillectomy,1
tonsillitis,1
tonsils,1
tooled,1
toon,1
toothbrush,1
tootin,1
topi,1
topmost,1
topographic,1
toppling,1
topside,1
topspin,1
torching,1
torment,1
tornades,1
torope,1
torr,1
torrentium,1
torrid,1
tors,1
torsion,1
tortoiseshell,1
torunament,1
totalitarianism,1
totality,1
totter,1
touchmark,1
touchscreens,1
touchstone,1
touchy,1
toughened,1
tougher,1
toughness,1
touness,1
tour's,1
tourer,1
tournament's,1
tourney,1
touted,1
towering,1
towing,1
townsfolk,1
toxicology,1
toxics,1
trachea,1
tracheae,1
tracing,1
track's,1
trackage,1
trackes,1
tracklist,1
trackpad,1
trackway,1
tractability,1
tradespeople,1
tragicomedy,1
trailed,1
trainable,1
trainees,1
trainset,1
traitorous,1
trajectories,1
tramatic,1
tramay,1
tramcar,1
tramcars,1
tramline,1
trampled,1
trampling,1
tramps,1
tranen,1
tranquiliser,1
tranquility,1
transceivers,1
transcellular,1
transcendence,1
transcends,1
transclude,1
transcluded,1
transclusion,1
transclusions,1
transcript,1
transcriptase,1
transducers,1
transentorhinal,1
transfinite,1
transgressed,1
transiting,1
transitioning,1
transitions,1
transitory,1
transits,1
translatability,1
translational,1
transliterates,1
transliterations,1
translocation,1
transmissible,1
transmitter's,1
transoms,1
transponders,1
transporters,1
transposed,1
transposer,1
transpositions,1
transposon,1
trapeze,1
trapezoids,1
trapper,1
trappers,1
trashes,1
traumatize,1
travails,1
traveler's,1
traveller,1
travelogues,1
traversed,1
traverses,1
trawlers,1
trawls,1
tray,1
trays,1
treacle,1
treasonous,1
treasured,1
treatise,1
trebles,1
tree's,1
trekking,1
trellises,1
trematode,1
tremor,1
trenchant,1
trendsetter,1
trendy,1
trestles,1
triacontadigon,1
triadic,1
tribadism,1
tribemates,1
tribunals,1
tricarbonyl,1
tricarboxylic,1
triceps,1
trichopoda,1
trichotillomania,1
trickery,1
tricking,1
trickle,1
tricolor,1
tricolour,1
triconsonantal,1
tricycle,1
triflic,1
trifluoride,1
trifluoromethanesulfonic,1
triggering,1
trigram,1
trigrams,1
trijet,1
trikes,1
trilingual,1
trill,1
trills,1
trilogies,1
trimesters,1
trimmed,1
trip's,1
tripartite,1
triperos,1
triphosphate,1
triplicate,1
trippin,1
tripping,1
trite,1
tritons,1
triumphantly,1
triumphed,1
trivalent,1
trivia,1
troiana,1
trompettes,1
tronie,1
tropes,1
tropey,1
trophy's,1
tropiocal,1
troppo,1
trot,1
troubling,1
trouser,1
trove,1
truant,1
trucking,1
truckle,1
trumpeter,1
trumpets,1
truncos,1
truned,1
trustworthiness,1
trustworthy,1
trusty,1
trypanosomiasis,1
trys,1
ts,1
tsukkomi,1
tsumugi,1
tub,1
tubas,1
tuberous,1
tubers,1
tubray,1
tubulin,1
tucked,1
tugged,1
tularensis,1
tulips,1
tumbleweed,1
tumbrel,1
tumours,1
tungsten,1
tupa,1
tuples,1
turban,1
turbans,1
turbocharging,1
turbojet,1
turboprop,1
turbosupercharged,1
turbot,1
turbulence,1
turgidum,1
turkeys,1
turntable,1
turntablism,1
turpentine,1
turtle's,1
tusker,1
tutored,1
tutorials,1
tutoring,1
tutors,1
tutti,1
tweaks,1
twelves,1
twinkling,1
twinned,1
twinning,1
twisty,1
twitches,1
twitterpated,1
two's,1
twolegs,1
twon,1
twr,1
tymbals,1
tympanum,1
tynes,1
typecast,1
typecasting,1
typhus,1
typified,1
typographic,1
typography,1
typohoon,1
typus,1
tyramine,1
tyrannize,1
tyrannosaurid,1
tyrannosaurids,1
tyrants,1
ubiquitous,1
ubosot,1
uddin,1
udu,1
uf,1
ugli,1
uglier,1
uh,1
ukuleles,1
ulcer,1
ulcers,1
ultimatum,1
ultrastructural,1
umai,1
umbelliferous,1
umber,1
umbilical,1
umbra,1
umbrinum,1
umpire,1
umpires,1
unaccountably,1
unactionable,1
unadjusted,1
unaffiliated,1
unafraid,1
unambiguously,1
unanimity,1
unannounced,1
unanswerable,1
unappealing,1
unattended,1
unattractive,1
unavailing,1
unbaptized,1
unbearable,1
unbelievable,1
unbelievers,1
unbiased,1
unbitrium,1
unborn,1
unbridled,1
unbuckle,1
unburned,1
unceremoniously,1
uncertainties,1
unchanging,1
uncharged,1
uncharismatic,1
unchartered,1
unclip,1
uncomfortably,1
unconditionally,1
unconscionable,1
unconsciously,1
unconsciousness,1
uncontested,1
uncontrollably,1
uncontroversially,1
uncooked,1
uncorrupted,1
undatus,1
undecided,1
undeciphered,1
undemocratic,1
underbelly,1
undercard,1
underclock,1
underclocked,1
undercoat,1
underfoot,1
undergrowth,1
underlie,1
underlies,1
undermining,1
undernourishment,1
underpaid,1
underpants,1
underpass,1
underpinnings,1
underprepared,1
underprivileged,1
underrepresented,1
undersea,1
undershot,1
understandings,1
understated,1
undertaking,1
underwaymain,1
undescribed,1
undetectable,1
undeterred,1
undeveloped,1
undigested,1
undiscovered,1
undisturbed,1
undivided,1
undo,1
undocumented,1
undoes,1
undoing,1
undoubtedly,1
undress,1
undrinkable,1
uneeded,1
unelected,1
unequivocal,1
unequivocally,1
unescorted,1
unevenness,1
uneventful,1
unexplained,1
unexploded,1
unexplored,1
unfettered,1
unfiltered,1
unfolded,1
unfolding,1
unfortunates,1
unfounded,1
unfreeze,1
unglamorous,1
unglues,1
unguardable,1
ungulate,1
unhesitatingly,1
unhindered,1
unicameral,1
unidirectional,1
uniformitarianism,1
uniformly,1
unilateral,1
unimmunized,1
unintended,1
uninteresting,1
unionism,1
unipolar,1
universality,1
universally,1
universes,1
universitaire,1
unjust,1
unjustifiable,1
unknowns,1
unlabelled,1
unladylike,1
unlawful,1
unleash,1
unleashes,1
unlit,1
unlockable,1
unmasks,1
unmatched,1
unmerited,1
unmistakable,1
unmoderated,1
unmoored,1
unmotivated,1
unmusicality,1
unnoticed,1
unobservable,1
unoccupied,1
unowned,1
unpaid,1
unpainted,1
unpalatable,1
unpardonable,1
unparished,1
unpasteurized,1
unplug,1
unplugged,1
unpolluted,1
unpopulated,1
unprepared,1
unprotected,1
unproven,1
unpure,1
unquestionably,1
unracked,1
unreachable,1
unread,1
unrealesed,1
unrealistically,1
unreality,1
unregistered,1
unremitting,1
unreported,1
unrepresented,1
unrests,1
unreturned,1
unrivaled,1
unsatisfactory,1
unsatisfying,1
unscathed,1
unscrewing,1
unsecured,1
unselfish,1
unser,1
unsewn,1
unshaven,1
unskilled,1
unsourced,1
unspayed,1
unspeakably,1
unspoilt,1
unspoken,1
unstated,1
unstretched,1
unstructured,1
unstuck,1
unsupervised,1
unsurpassable,1
untackled,1
untangle,1
unthreads,1
unti,1
untie,1
untied,1
untrained,1
untreatable,1
ununennium,1
ununnilium,1
ununquadium,1
unusable,1
unusal,1
unutilized,1
unwelcome,1
unwell,1
unwillingly,1
unworthy,1
unzipped,1
uokalani,1
upbeats,1
upbow,1
upbringing,1
updating,1
upholstery,1
uploaders,1
uppermost,1
upperparts,1
upperside,1
uprights,1
upriver,1
uproar,1
uprooting,1
upstanding,1
upswing,1
uptempo,1
uptime,1
upturned,1
upwind,1
uracil,1
urbanisation,1
urbanised,1
urbanized,1
urbano,1
urbe,1
urbestro,1
urbo,1
urch,1
urethane,1
urge,1
urgency,1
urgent,1
urinals,1
urination,1
urlcheck,1
urological,1
urologists,1
urology,1
urophagia,1
uropods,1
useable,1
ushered,1
usins,1
usualy,1
usurped,1
ususally,1
uterotubal,1
utilitarian,1
utilized,1
utilizes,1
utils,1
utter,1
utterance,1
uttered,1
uttering,1
utterly,1
vacancies,1
vacationer,1
vacationers,1
vacuoles,1
vagabond,1
vagar,1
vaginalis,1
vaguely,1
vais,1
valenciana,1
valerian,1
valet,1
valets,1
valey,1
valiantly,1
validly,1
vallies,1
valorem,1
vancomycin,1
vandal,1
vandalize,1
vandalizing,1
vanillin,1
vanquish,1
vaporization,1
vaporize,1
vaporware,1
varicella,1
varje,1
vartu,1
vasectomy,1
vaseswere,1
vasospasm,1
vasospasms,1
vassalage,1
vasthram,1
vates,1
vatia,1
vatteluttu,1
vaudevillians,1
vaulter,1
vaulting,1
veered,1
veganism,1
vegans,1
vehemently,1
veiled,1
veils,1
velocimeter,1
velociraptorine,1
velodrome,1
velum,1
venation,1
vendettas,1
venerable,1
venerate,1
vengeful,1
vengefully,1
venner,1
vennskap,1
venster,1
vented,1
ventilated,1
ventricosa,1
ventriculus,1
ventriloquist,1
venue's,1
venules,1
verba,1
verbe,1
verbrachte,1
verbum,1
verisimilitude,1
verklighet,1
verleden,1
vermiculite,1
vernal,1
versicolor,1
version's,1
vertebra,1
vesicle,1
vespene,1
vestal's,1
vested,1
vestibule,1
vestigial,1
vests,1
veterinarians,1
vetoes,1
vetted,1
viae,1
vibrator,1
vibrators,1
vicarious,1
vicariously,1
vicedean,1
vicegregent,1
vicenarian,1
vicepresident,1
vicissitudes,1
victimhood,1
victimised,1
victimized,1
vide,1
videoclip,1
videoconference,1
videoconferencing,1
videophone,1
videoscopes,1
videotaped,1
videotaping,1
vie,1
viel,1
vienacis,1
viewable,1
vigilance,1
vignettes,1
village's,1
villager,1
villainous,1
villeneuvois,1
villiage,1
viminalis,1
vimtutor,1
vindicate,1
vinifera,1
vinterland,1
violates,1
violemce,1
viranula,1
virginals,1
virginianus,1
virginity,1
virgule,1
viridis,1
virion,1
virologists,1
virology,1
virtualisation,1
virtuous,1
virtus,1
virulence,1
visarga,1
visas,1
viscachas,1
visceral,1
visicle,1
visier,1
visitant,1
visitation,1
visite,1
visitor's,1
vistas,1
visualize,1
vitality,1
vitis,1
vitreolysis,1
vitreous,1
vitro,1
viverrids,1
vivisection,1
vocabularies,1
vocalisations,1
vocalism,1
vocalization,1
vocative,1
vodka,1
voids,1
voir,1
voivodeships,1
volatilities,1
volatility,1
volcanism,1
volcano's,1
volcel,1
voleurssubst,1
volleyball's,1
volleys,1
volumed,1
voluminous,1
vomiting,1
vomitorium,1
voraciously,1
vorm,1
voter's,1
voucher,1
vouchers,1
voulait,1
vowing,1
voyageurs,1
vrishala,1
vuk,1
vulgarity,1
vulnerabilities,1
vulpines,1
vulva,1
vulvas,1
vying,1
waayaahtanwa,1
waddle,1
waders,1
wading,1
wadis,1
wafers,1
wago,1
wagtail,1
wails,1
waistband,1
waistline,1
waitress,1
waive,1
wala,1
walka,1
walkable,1
wallabies,1
wallaby's,1
wallaroos,1
wallboard,1
walleri,1
wallets,1
wallflower,1
walling,1
walruses,1
waltzed,1
wamm,1
wanderings,1
waned,1
wannabe's,1
wantedgriles,1
wanton,1
warble,1
warbler,1
warded,1
wardens,1
warfarin,1
warhead,1
warheads,1
warlike,1
warlord,1
warmed,1
warranties,1
warrantless,1
warrens,1
warring,1
warthog,1
washboard,1
washcloth,1
washers,1
washouts,1
wass,1
wastebsket,1
wasteful,1
wastefulness,1
wastewater,1
wasting,1
watchable,1
watchdog,1
watchdogs,1
watchful,1
watchmaker,1
watchmaking,1
watchtower,1
waterboarding,1
waterbuck,1
watercolor,1
watercolors,1
waterdogs,1
waterflow,1
waterfowl,1
watermills,1
waterpipe,1
watersheds,1
waterslides,1
watersports,1
waterways,1
waterwheel,1
waveforms,1
wavelet,1
waxwings,1
waybuloo's,1
we'd,1
weakerist,1
wealthier,1
wean,1
weapony,1
weathered,1
webboards,1
webpage,1
webpages,1
webseries,1
wedged,1
wedgied,1
wedlock,1
weeding,1
week's,1
weep,1
weggis,1
wehere,1
wehicle,1
weightlessness,1
weirdest,1
welcoming,1
wellborn,1
wellness,1
wen't,1
westernization,1
wetness,1
wettable,1
wetting,1
whack,1
whalebone,1
whaleships,1
whatsoever,1
whelks,1
whenik,1
whenthey,1
wheter,1
whey,1
whigga,1
whigger,1
whim,1
whimsically,1
whiny,1
whirlpool,1
whirlpools,1
whisk,1
whiskers,1
whisks,1
whisky,1
whispers,1
whistleblower,1
whitefish,1
whitelighter,1
whiz,1
whjere,1
wholesaler,1
whoopee,1
whorl,1
whosoever,1
wicketkeeper,1
widened,1
widows,1
wielded,1
wierszu,1
wigga,1
wiggle,1
wiggly,1
wikilink,1
wildcards,1
wildfire,1
wildly,1
willed,1
willows,1
windbreaker,1
windchests,1
windshields,1
windstorms,1
windsurfers,1
winery,1
wingers,1
wingsuit,1
winnowing,1
wintergreen,1
winteri,1
wintering,1
wintry,1
wiping,1
wiretapping,1
wis,1
wistful,1
witan,1
witchcrafts,1
witche,1
withdraws,1
withholding,1
withstanding,1
withstood,1
wits,1
wityu,1
wneud,1
wo,1
woad,1
wod,1
wolven,1
womanising,1
womanizing,1
womanly,1
wonton,1
woodcuts,1
woodlice,1
woodshed,1
woodwind,1
worded,1
wording,1
wordings,1
wordmark,1
workable,1
workday,1
workdays,1
worker's,1
workflow,1
workforce,1
workgroup,1
workhouse,1
workhouses,1
workinng,1
workmanship,1
workprint,1
workspace,1
workweek,1
worldly,1
wornout,1
worrying,1
worshippers,1
worshipping,1
worships,1
worsted,1
worthless,1
worthwhile,1
wote,1
would've,1
woundwort,1
wracking,1
wrangling,1
wrappers,1
wrappings,1
wre,1
wreak,1
wrest,1
wrestles,1
wrestling's,1
wretch,1
wriggle,1
wrinkle,1
wrinkled,1
writeback,1
writeups,1
writhing,1
wrongdoings,1
wronging,1
wrongs,1
wwpdb,1
www,1
wythe,1
xanthan,1
xanthine,1
xeriscaping,1
xeroderma,1
xiaolongbao,1
xiaolongbaos,1
xivxvi,1
xloth,1
xtag,1
xui,1
xxvii,1
xxxvi,1
xylophone,1
yabby,1
yaki,1
yaks,1
yaktaro,1
yama,1
yams,1
yamun,1
yangsheng,1
yanzu,1
yaoi's,1
yarrh,1
yearbook,1
yearned,1
yeasts,1
yek,1
yelled,1
yells,1
yesteryear,1
yielded,1
yielding,1
yndigt,1
yogic,1
yogurts,1
yoke,1
yokuzuna,1
yolks,1
yonder,1
youkai,1
yound,1
youngsters,1
youths,1
yueshan,1
yukot,1
yyyyyyy,1
zaait,1
zamburak,1
zaouia,1
zarih,1
zarzuelas,1
zelen,1
zeroing,1
zeylanica,1
zhaoianus,1
ziggurat,1
zigzag,1
zilas,1
zine,1
zink,1
zippers,1
zircons,1
zither,1
zittern,1
ziyou,1
zonal,1
zone's,1
zoning,1
zookeeper,1
zoomed,1
zooming,1
zoonotic,1
zoospore,1
zori,1
zoster,1
zvona,1
zwischen,1
zzz,1
